--
-- PostgreSQL database dump
--

-- Dumped from database version 11.5
-- Dumped by pg_dump version 11.5

-- Started on 2019-09-10 15:39:22

SET statement_timeout = 0;
SET lock_timeout = 0;
SET idle_in_transaction_session_timeout = 0;
SET client_encoding = 'UTF8';
SET standard_conforming_strings = on;
SELECT pg_catalog.set_config('search_path', '', false);
SET check_function_bodies = false;
SET xmloption = content;
SET client_min_messages = warning;
SET row_security = off;

--
-- TOC entry 5 (class 2615 OID 46457)
-- Name: sgco; Type: SCHEMA; Schema: -; Owner: suite
--

CREATE SCHEMA sgco;


ALTER SCHEMA sgco OWNER TO suite;

--
-- TOC entry 4673 (class 0 OID 0)
-- Dependencies: 5
-- Name: SCHEMA sgco; Type: COMMENT; Schema: -; Owner: suite
--

COMMENT ON SCHEMA sgco IS 'Sistema de Gestion de Conocimiento de la Organizacion.';


--
-- TOC entry 9 (class 2615 OID 46458)
-- Name: sgnom; Type: SCHEMA; Schema: -; Owner: suite
--

CREATE SCHEMA sgnom;


ALTER SCHEMA sgnom OWNER TO suite;

--
-- TOC entry 4675 (class 0 OID 0)
-- Dependencies: 9
-- Name: SCHEMA sgnom; Type: COMMENT; Schema: -; Owner: suite
--

COMMENT ON SCHEMA sgnom IS 'Sistema de Gestion de Nomina.';


--
-- TOC entry 13 (class 2615 OID 46459)
-- Name: sgrh; Type: SCHEMA; Schema: -; Owner: suite
--

CREATE SCHEMA sgrh;


ALTER SCHEMA sgrh OWNER TO suite;

--
-- TOC entry 4677 (class 0 OID 0)
-- Dependencies: 13
-- Name: SCHEMA sgrh; Type: COMMENT; Schema: -; Owner: suite
--

COMMENT ON SCHEMA sgrh IS 'ESQUEMA QUE CONTIENE LAS TABLAS DE SISTEMA DE GESTION DE RECURSOS HUMANOS';


--
-- TOC entry 8 (class 2615 OID 46460)
-- Name: sgrt; Type: SCHEMA; Schema: -; Owner: suite
--

CREATE SCHEMA sgrt;


ALTER SCHEMA sgrt OWNER TO suite;

--
-- TOC entry 11 (class 2615 OID 46461)
-- Name: sisat; Type: SCHEMA; Schema: -; Owner: suite
--

CREATE SCHEMA sisat;


ALTER SCHEMA sisat OWNER TO suite;

--
-- TOC entry 4678 (class 0 OID 0)
-- Dependencies: 11
-- Name: SCHEMA sisat; Type: COMMENT; Schema: -; Owner: suite
--

COMMENT ON SCHEMA sisat IS 'Esquema que contiene las tablas del Sistema de Seleccion y Adquisicion de Talentos';


--
-- TOC entry 2 (class 3079 OID 46462)
-- Name: tablefunc; Type: EXTENSION; Schema: -; Owner: 
--

CREATE EXTENSION IF NOT EXISTS tablefunc WITH SCHEMA public;


--
-- TOC entry 4679 (class 0 OID 0)
-- Dependencies: 2
-- Name: EXTENSION tablefunc; Type: COMMENT; Schema: -; Owner: 
--

COMMENT ON EXTENSION tablefunc IS 'Functions that manipulate whole tables, including crosstab';


--
-- TOC entry 1452 (class 1247 OID 46484)
-- Name: edo_encuesta; Type: TYPE; Schema: sgrh; Owner: postgres
--

CREATE TYPE sgrh.edo_encuesta AS ENUM (
    '--',
    'En proceso',
    'Corregido',
    'Aceptado'
);


ALTER TYPE sgrh.edo_encuesta OWNER TO postgres;

--
-- TOC entry 883 (class 1247 OID 46494)
-- Name: destinatario; Type: TYPE; Schema: sgrt; Owner: postgres
--

CREATE TYPE sgrt.destinatario AS ENUM (
    'USR',
    'EMPLEADO',
    'GRUPO',
    'DEPTO'
);


ALTER TYPE sgrt.destinatario OWNER TO postgres;

--
-- TOC entry 886 (class 1247 OID 46504)
-- Name: edoticket; Type: TYPE; Schema: sgrt; Owner: postgres
--

CREATE TYPE sgrt.edoticket AS ENUM (
    'Abierto',
    'Cerrado'
);


ALTER TYPE sgrt.edoticket OWNER TO postgres;

--
-- TOC entry 889 (class 1247 OID 46510)
-- Name: encriptacion; Type: TYPE; Schema: sgrt; Owner: postgres
--

CREATE TYPE sgrt.encriptacion AS ENUM (
    'NONE',
    'SSL'
);


ALTER TYPE sgrt.encriptacion OWNER TO postgres;

--
-- TOC entry 892 (class 1247 OID 46516)
-- Name: estatus; Type: TYPE; Schema: sgrt; Owner: postgres
--

CREATE TYPE sgrt.estatus AS ENUM (
    'Enviado',
    'Pendiente'
);


ALTER TYPE sgrt.estatus OWNER TO postgres;

--
-- TOC entry 895 (class 1247 OID 46522)
-- Name: estatus_compromiso; Type: TYPE; Schema: sgrt; Owner: postgres
--

CREATE TYPE sgrt.estatus_compromiso AS ENUM (
    'Pendiente',
    'Terminado'
);


ALTER TYPE sgrt.estatus_compromiso OWNER TO postgres;

--
-- TOC entry 898 (class 1247 OID 46528)
-- Name: modulo; Type: TYPE; Schema: sgrt; Owner: postgres
--

CREATE TYPE sgrt.modulo AS ENUM (
    'SGRT',
    'SSV'
);


ALTER TYPE sgrt.modulo OWNER TO postgres;

--
-- TOC entry 901 (class 1247 OID 46534)
-- Name: origencontac; Type: TYPE; Schema: sgrt; Owner: postgres
--

CREATE TYPE sgrt.origencontac AS ENUM (
    'Web',
    'Email',
    'Reunion',
    'Telefono',
    'Otro'
);


ALTER TYPE sgrt.origencontac OWNER TO postgres;

--
-- TOC entry 904 (class 1247 OID 46546)
-- Name: prioridad; Type: TYPE; Schema: sgrt; Owner: postgres
--

CREATE TYPE sgrt.prioridad AS ENUM (
    'Alta',
    'Media',
    'Baja'
);


ALTER TYPE sgrt.prioridad OWNER TO postgres;

--
-- TOC entry 907 (class 1247 OID 46554)
-- Name: protocolo; Type: TYPE; Schema: sgrt; Owner: postgres
--

CREATE TYPE sgrt.protocolo AS ENUM (
    'POP',
    'IMAP'
);


ALTER TYPE sgrt.protocolo OWNER TO postgres;

--
-- TOC entry 910 (class 1247 OID 46560)
-- Name: tipo; Type: TYPE; Schema: sgrt; Owner: postgres
--

CREATE TYPE sgrt.tipo AS ENUM (
    'ReunionAgendada',
    'ReunionCancelada',
    'NuevaSolicitud',
    'SolicitudPagada',
    'ViaticoCancelado'
);


ALTER TYPE sgrt.tipo OWNER TO postgres;

--
-- TOC entry 913 (class 1247 OID 46572)
-- Name: tipo_compromiso; Type: TYPE; Schema: sgrt; Owner: postgres
--

CREATE TYPE sgrt.tipo_compromiso AS ENUM (
    'Acuerdo',
    'Pendiente'
);


ALTER TYPE sgrt.tipo_compromiso OWNER TO postgres;

--
-- TOC entry 457 (class 1255 OID 46577)
-- Name: actualizar_comentarios_incidencia(integer, text, integer); Type: FUNCTION; Schema: sgnom; Owner: suite
--

CREATE FUNCTION sgnom.actualizar_comentarios_incidencia(incidenciaid integer, comentarios text, reporta integer) RETURNS boolean
    LANGUAGE sql
    AS $$
		UPDATE sgnom.tsgnomincidencia 
			SET txt_comentarios = comentarios,
			aud_codmodificadopor = reporta,
			aud_fecmodificacion = CURRENT_DATE
		WHERE cod_incidenciaid = incidenciaid RETURNING TRUE; 
$$;


ALTER FUNCTION sgnom.actualizar_comentarios_incidencia(incidenciaid integer, comentarios text, reporta integer) OWNER TO suite;

--
-- TOC entry 460 (class 1255 OID 46578)
-- Name: actualizar_importe_incidencia(integer, numeric, integer); Type: FUNCTION; Schema: sgnom; Owner: suite
--

CREATE FUNCTION sgnom.actualizar_importe_incidencia(incidenciaid integer, importe numeric, reporta integer) RETURNS boolean
    LANGUAGE sql
    AS $$
		UPDATE sgnom.tsgnomincidencia 
			SET imp_monto = importe,
			aud_codmodificadopor = reporta,
			aud_fecmodificacion = CURRENT_DATE
		WHERE "cod_incidenciaid" = incidenciaid RETURNING TRUE; 
$$;


ALTER FUNCTION sgnom.actualizar_importe_incidencia(incidenciaid integer, importe numeric, reporta integer) OWNER TO suite;

--
-- TOC entry 453 (class 1255 OID 46579)
-- Name: buscar_detalle_empleados(); Type: FUNCTION; Schema: sgnom; Owner: suite
--

CREATE FUNCTION sgnom.buscar_detalle_empleados() RETURNS TABLE(codempleado integer, despuesto character varying, nomcompleto text, desnbarea character varying)
    LANGUAGE plpgsql
    AS $$
BEGIN 
RETURN QUERY 

SELECT rh_emp.cod_empleado, puesto.des_puesto, 
	CONCAT(rh_emp.des_nombre, ' ', rh_emp.des_nombres, ' ', rh_emp.des_apepaterno, ' ', rh_emp.des_apematerno) AS nom_completo,
	area.des_nbarea
FROM sgrh.tsgrhareas AS area, sgrh.tsgrhempleados AS rh_emp, sgrh.tsgrhpuestos AS puesto, sgnom.tsgnomempleados AS nom_emp
WHERE area.cod_area = puesto.cod_area
AND rh_emp.cod_area = area.cod_area
AND rh_emp.cod_puesto = puesto.cod_puesto
AND rh_emp.cod_empleadoactivo = 't'
AND rh_emp.cod_empleado = nom_emp.cod_empleadoid
AND nom_emp.bol_estatus = 't'
ORDER BY 3, 1, 2;

END;
$$;


ALTER FUNCTION sgnom.buscar_detalle_empleados() OWNER TO suite;

--
-- TOC entry 454 (class 1255 OID 46580)
-- Name: buscar_detalle_empleados(integer); Type: FUNCTION; Schema: sgnom; Owner: suite
--

CREATE FUNCTION sgnom.buscar_detalle_empleados(idempleado integer) RETURNS TABLE(codempleado integer, despuesto character varying, nomcompleto text, desnbarea character varying)
    LANGUAGE plpgsql
    AS $$
BEGIN 
RETURN QUERY 

SELECT rh_emp.cod_empleado, puesto.des_puesto, 
	CONCAT(rh_emp.des_nombre, ' ', rh_emp.des_nombres, ' ', rh_emp.des_apepaterno, ' ', rh_emp.des_apematerno) AS nom_completo,
	area.des_nbarea
FROM sgrh.tsgrhareas AS area, sgrh.tsgrhempleados AS rh_emp, sgrh.tsgrhpuestos AS puesto, sgnom.tsgnomempleados AS nom_emp
WHERE area.cod_area = puesto.cod_area
AND rh_emp.cod_area = area.cod_area
AND rh_emp.cod_puesto = puesto.cod_puesto
AND rh_emp.cod_empleadoactivo = 't'
AND rh_emp.cod_empleado = idempleado
AND nom_emp.bol_estatus = 't'
ORDER BY 3, 1, 2;

END;
$$;


ALTER FUNCTION sgnom.buscar_detalle_empleados(idempleado integer) OWNER TO suite;

--
-- TOC entry 455 (class 1255 OID 46581)
-- Name: buscar_detalle_todos_empleados(); Type: FUNCTION; Schema: sgnom; Owner: suite
--

CREATE FUNCTION sgnom.buscar_detalle_todos_empleados() RETURNS TABLE(codempleado integer, despuesto character varying, nomcompleto text, desnbarea character varying)
    LANGUAGE plpgsql
    AS $$
BEGIN 
RETURN QUERY 

SELECT rh_emp.cod_empleado, puesto.des_puesto, 
	CONCAT(rh_emp.des_nombre, ' ', rh_emp.des_nombres, ' ', rh_emp.des_apepaterno, ' ', rh_emp.des_apematerno) AS nom_completo,
	area.des_nbarea
FROM sgrh.tsgrhareas AS area, sgrh.tsgrhempleados AS rh_emp, sgrh.tsgrhpuestos AS puesto, sgnom.tsgnomempleados AS nom_emp
WHERE area.cod_area = puesto.cod_area
AND rh_emp.cod_area = area.cod_area
AND rh_emp.cod_puesto = puesto.cod_puesto
AND rh_emp.cod_empleadoactivo = 't'
AND rh_emp.cod_empleado = nom_emp.cod_empleadoid
AND nom_emp.bol_estatus = 't'
ORDER BY 3, 1, 2;

END;
$$;


ALTER FUNCTION sgnom.buscar_detalle_todos_empleados() OWNER TO suite;

--
-- TOC entry 471 (class 1255 OID 46582)
-- Name: buscar_incidencias_por_empleado(integer); Type: FUNCTION; Schema: sgnom; Owner: suite
--

CREATE FUNCTION sgnom.buscar_incidencias_por_empleado(idempleado integer) RETURNS TABLE(idincidencia integer, clave character varying, incidencia character varying, idtipo character, desctipo text, cantidad smallint, actividad character varying, comentarios text, reporta integer, empleado text, area character varying, perfil character varying, puesto character varying)
    LANGUAGE plpgsql
    AS $$

BEGIN 
RETURN QUERY 

	SELECT incidencias.cod_incidenciaid idincidencia,
		catincidencias.cod_claveincidencia clave,
		catincidencias.cod_nbincidencia incidencia,
		catincidencias.cod_tipoincidencia idtipo,
		CASE 
			WHEN catincidencias.cod_tipoincidencia='1' THEN
			 'HORAS'
			WHEN catincidencias.cod_tipoincidencia='2' THEN
			 'DIAS' 
		  WHEN catincidencias.cod_tipoincidencia='3' THEN
			 'ACTIVIDAD' 
			ELSE
			 'NO DATA'
		END desc_tipo,
		incidencias.cnu_cantidad cantidad,
		incidencias.des_actividad actividad,
		incidencias.txt_comentarios comentarios,
		incidencias.cod_empreporta_fk reporta,
		(SELECT CONCAT(rhempleados.des_nombre ||' ', rhempleados.des_nombres ,' ' || rhempleados.des_apepaterno || ' ' || rhempleados.des_apematerno) 
		FROM sgrh.tsgrhempleados rhempleados
			JOIN sgrh.tsgrhareas rhareas
			USING(cod_area)
		WHERE rhempleados.cod_empleado = 17
		) empleado,
		(SELECT rhareas.des_nbarea
		FROM sgrh.tsgrhempleados rhempleados
			JOIN sgrh.tsgrhareas rhareas
			USING(cod_area)
		WHERE rhempleados.cod_empleado = 17
		) area,
		catincidencias.cod_perfilincidencia perfil,
		(SELECT rhpuestos.des_puesto
			FROM sgrh.tsgrhempleados rhempleados
				JOIN sgrh.tsgrhpuestos rhpuestos
				USING(cod_puesto)
			WHERE rhempleados.cod_empleado = 17
		) puesto
FROM sgnom.tsgnomincidencia incidencias
JOIN sgnom.tsgnomcatincidencia catincidencias 
ON incidencias.cod_catincidenciaid_fk = catincidencias.cod_catincidenciaid
WHERE incidencias.cod_empreporta_fk = (SELECT nomemp.cod_empleadoid 
											FROM sgnom.tsgnomempleados nomemp WHERE nomemp.cod_empleado_fk = 17) 
	AND incidencias.cod_quincenaid_fk = (SELECT nomquincena.cod_quincenaid 
											FROM sgnom.tsgnomquincena nomquincena
											WHERE nomquincena.fec_inicio < CURRENT_DATE AND nomquincena.fec_fin > CURRENT_DATE)
	AND incidencias.bol_estatus = true 
ORDER BY idincidencia;

END;
$$;


ALTER FUNCTION sgnom.buscar_incidencias_por_empleado(idempleado integer) OWNER TO suite;

--
-- TOC entry 456 (class 1255 OID 46583)
-- Name: detalle_desglose(integer, integer); Type: FUNCTION; Schema: sgnom; Owner: suite
--

CREATE FUNCTION sgnom.detalle_desglose(cod_empleado integer, cod_cabecera integer) RETURNS TABLE(imp_concepto numeric, imp_exento numeric, imp_gravado numeric, nombre character varying, clave character varying, cod_conceptoid_fk integer)
    LANGUAGE plpgsql
    AS $$
BEGIN 
RETURN QUERY 

SELECT CQ.imp_concepto, CQ.imp_exento, CQ.imp_gravado, 
							(SELECT cod_nbconcepto
                            FROM sgnom.tsgnomconcepto CO
                            WHERE cod_conceptoid = CQ.cod_conceptoid_fk) nombre, 
							(SELECT cod_claveconcepto
                            FROM sgnom.tsgnomconcepto CO
                            WHERE cod_conceptoid = CQ.cod_conceptoid_fk) clave, 
							CQ.cod_conceptoid_fk
FROM sgnom.tsgnomcncptoquinc CQ
WHERE CQ.cod_empquincenaid_fk = (
                            SELECT cod_empquincenaid 
                            FROM sgnom.tsgnomempquincena EQ
                            WHERE EQ.cod_cabeceraid_fk  = cod_cabecera --cabecera a seleccionar
                            AND EQ.cod_empleadoid_fk = (SELECT cod_empleadoid
                                                       FROM sgnom.tsgnomempleados
                                                       WHERE cod_empleado_fk = cod_empleado )); --empleado elegido
 --tipo concepto 1=deduccion, 2=percepcion

END;
$$;


ALTER FUNCTION sgnom.detalle_desglose(cod_empleado integer, cod_cabecera integer) OWNER TO suite;

--
-- TOC entry 472 (class 1255 OID 46584)
-- Name: detalle_desglose_deduccion(integer, integer); Type: FUNCTION; Schema: sgnom; Owner: postgres
--

CREATE FUNCTION sgnom.detalle_desglose_deduccion(cod_empleado integer, cod_cabecera integer) RETURNS TABLE(imp_concepto numeric, imp_exento numeric, imp_gravado numeric, nombre character varying, clave character varying, cod_conceptoid_fk integer)
    LANGUAGE plpgsql
    AS $$
BEGIN 
RETURN QUERY 

SELECT CQ.imp_concepto, CQ.imp_exento, CQ.imp_gravado, 
							(SELECT cod_nbconcepto
                            FROM sgnom.tsgnomconcepto CO
                            WHERE cod_conceptoid = CQ.cod_conceptoid_fk) nombre, 
							(SELECT cod_claveconcepto
                            FROM sgnom.tsgnomconcepto CO
                            WHERE cod_conceptoid = CQ.cod_conceptoid_fk) clave, 
							CQ.cod_conceptoid_fk
FROM sgnom.tsgnomcncptoquinc CQ
WHERE CQ.cod_empquincenaid_fk = (
                            SELECT cod_empquincenaid 
                            FROM sgnom.tsgnomempquincena EQ
                            WHERE EQ.cod_cabeceraid_fk  = cod_cabecera --cabecera a seleccionar
                            AND EQ.cod_empleadoid_fk = (SELECT cod_empleadoid
                                                       FROM sgnom.tsgnomempleados
                                                       WHERE cod_empleado_fk = cod_empleado )) --empleado elegido
 AND CQ.cod_conceptoid_fk IN (SELECT cod_conceptoid
                            FROM sgnom.tsgnomconcepto CO
                            WHERE CO.cod_tipoconceptoid_fk = 1);--tipo concepto 1=deduccion, 2=percepcion

END;
$$;


ALTER FUNCTION sgnom.detalle_desglose_deduccion(cod_empleado integer, cod_cabecera integer) OWNER TO postgres;

--
-- TOC entry 473 (class 1255 OID 46585)
-- Name: detalle_desglose_percepcion(integer, integer); Type: FUNCTION; Schema: sgnom; Owner: postgres
--

CREATE FUNCTION sgnom.detalle_desglose_percepcion(cod_empleado integer, cod_cabecera integer) RETURNS TABLE(imp_concepto numeric, imp_exento numeric, imp_gravado numeric, nombre character varying, clave character varying, cod_conceptoid_fk integer)
    LANGUAGE plpgsql
    AS $$
BEGIN 
RETURN QUERY 

SELECT CQ.imp_concepto, CQ.imp_exento, CQ.imp_gravado, 
							(SELECT cod_nbconcepto
                            FROM sgnom.tsgnomconcepto CO
                            WHERE cod_conceptoid = CQ.cod_conceptoid_fk) nombre, 
							(SELECT cod_claveconcepto
                            FROM sgnom.tsgnomconcepto CO
                            WHERE cod_conceptoid = CQ.cod_conceptoid_fk) clave, 
							CQ.cod_conceptoid_fk
FROM sgnom.tsgnomcncptoquinc CQ
WHERE CQ.cod_empquincenaid_fk = (
                            SELECT cod_empquincenaid 
                            FROM sgnom.tsgnomempquincena EQ
                            WHERE EQ.cod_cabeceraid_fk  = cod_cabecera --cabecera a seleccionar
                            AND EQ.cod_empleadoid_fk = (SELECT cod_empleadoid
                                                       FROM sgnom.tsgnomempleados
                                                       WHERE cod_empleado_fk = cod_empleado )) --empleado elegido
 AND CQ.cod_conceptoid_fk IN (SELECT cod_conceptoid
                            FROM sgnom.tsgnomconcepto CO
                            WHERE CO.cod_tipoconceptoid_fk = 2);--tipo concepto 1=deduccion, 2=percepcion

END;
$$;


ALTER FUNCTION sgnom.detalle_desglose_percepcion(cod_empleado integer, cod_cabecera integer) OWNER TO postgres;

--
-- TOC entry 458 (class 1255 OID 46586)
-- Name: detalle_desglose_persepcion(integer, integer, integer); Type: FUNCTION; Schema: sgnom; Owner: suite
--

CREATE FUNCTION sgnom.detalle_desglose_persepcion(cod_empleado integer, cod_cabecera integer, tipo_concepto integer) RETURNS TABLE(imp_concepto numeric, imp_exento numeric, imp_gravado numeric, nombre character varying, clave character varying, cod_conceptoid_fk integer)
    LANGUAGE plpgsql
    AS $$
BEGIN 
RETURN QUERY 

SELECT CQ.imp_concepto, CQ.imp_exento, CQ.imp_gravado, 
							(SELECT cod_nbconcepto
                            FROM sgnom.tsgnomconcepto CO
                            WHERE cod_conceptoid = CQ.cod_conceptoid_fk) nombre, 
							(SELECT cod_claveconcepto
                            FROM sgnom.tsgnomconcepto CO
                            WHERE cod_conceptoid = CQ.cod_conceptoid_fk) clave, 
							CQ.cod_conceptoid_fk
FROM sgnom.tsgnomcncptoquinc CQ
WHERE CQ.cod_empquincenaid_fk = (
                            SELECT cod_empquincenaid 
                            FROM sgnom.tsgnomempquincena EQ
                            WHERE EQ.cod_cabeceraid_fk  = cod_cabecera --cabecera a seleccionar
                            AND EQ.cod_empleadoid_fk = (SELECT cod_empleadoid
                                                       FROM sgnom.tsgnomempleados
                                                       WHERE cod_empleado_fk = cod_empleado )) --empleado elegido
 AND CQ.cod_conceptoid_fk IN (SELECT cod_conceptoid
                            FROM sgnom.tsgnomconcepto CO
                            WHERE CO.cod_tipoconceptoid_fk = tipo_concepto);--tipo concepto 1=deduccion, 2=percepcion

END;
$$;


ALTER FUNCTION sgnom.detalle_desglose_persepcion(cod_empleado integer, cod_cabecera integer, tipo_concepto integer) OWNER TO suite;

--
-- TOC entry 459 (class 1255 OID 46587)
-- Name: detallespersonal(); Type: FUNCTION; Schema: sgnom; Owner: suite
--

CREATE FUNCTION sgnom.detallespersonal() RETURNS TABLE(codempleado integer, nomcompleto text, desrfc character varying, despuesto character varying, desnbarea character varying)
    LANGUAGE plpgsql COST 10
    AS $$
BEGIN 
RETURN QUERY 
 SELECT nomempleados.cod_empleadoid,
    (((rhempleados.des_nombre::text || ' '::text) || rhempleados.des_apepaterno::text) || ' '::text) || rhempleados.des_apematerno::text AS nom_empleado,
    rhempleados.cod_rfc,
    rharea.des_nbarea,
    rhpuestos.des_puesto
   FROM sgnom.tsgnomempleados nomempleados
     JOIN sgrh.tsgrhempleados rhempleados ON nomempleados.cod_empleado_fk = rhempleados.cod_empleado
     JOIN sgrh.tsgrhareas rharea ON rhempleados.cod_area = rharea.cod_area
     JOIN sgrh.tsgrhpuestos rhpuestos ON rhempleados.cod_puesto = rhpuestos.cod_puesto
  WHERE nomempleados.bol_estatus = true AND nomempleados.des_validacion=true
  GROUP BY nomempleados.cod_empleadoid, ((((rhempleados.des_nombre::text || ' '::text) || rhempleados.des_apepaterno::text) || ' '::text) || rhempleados.des_apematerno::text), rhempleados.cod_rfc, rharea.des_nbarea, rhpuestos.des_puesto
  ORDER BY nomempleados.cod_empleadoid;
END;
$$;


ALTER FUNCTION sgnom.detallespersonal() OWNER TO suite;

--
-- TOC entry 474 (class 1255 OID 46588)
-- Name: eliminar_incidencia_por_empleado(integer, integer); Type: FUNCTION; Schema: sgnom; Owner: postgres
--

CREATE FUNCTION sgnom.eliminar_incidencia_por_empleado(incidenciaid integer, reporta integer) RETURNS boolean
    LANGUAGE sql
    AS $$
	--No es eliminacion fisica, actualiza el estatus a 'false'
	UPDATE sgnom.tsgnomincidencia 
		SET bol_estatus = 'f',
		aud_codmodificadopor = reporta,
		aud_fecmodificacion = CURRENT_DATE
	WHERE "cod_incidenciaid" = incidenciaid	RETURNING TRUE;

$$;


ALTER FUNCTION sgnom.eliminar_incidencia_por_empleado(incidenciaid integer, reporta integer) OWNER TO postgres;

--
-- TOC entry 491 (class 1255 OID 49413)
-- Name: empleados_por_cabecera(integer); Type: FUNCTION; Schema: sgnom; Owner: postgres
--

CREATE FUNCTION sgnom.empleados_por_cabecera(idcabecera integer) RETURNS TABLE(nom_empleado text, rol character varying, area character varying, cod_empleado integer, cod_empquincenaid integer)
    LANGUAGE plpgsql
    AS $$
BEGIN 
RETURN QUERY 
SELECT 
(((rhempleados.des_nombre::text || ' '::text) || rhempleados.des_apepaterno::text) || ' '::text) || rhempleados.des_apematerno::text AS nom_empleado,
rhpuestos.des_puesto,
rharea.des_nbarea,
emp.cod_empleadoid,
empquin.cod_empquincenaid
FROM sgrh.tsgrhempleados rhempleados
JOIN sgnom.tsgnomempleados emp ON emp.cod_empleadoid = rhempleados.cod_empleado
JOIN sgnom.tsgnomempquincena empquin ON emp.cod_empleadoid =  empquin.cod_empleadoid_fk
JOIN sgrh.tsgrhpuestos rhpuestos ON rhempleados.cod_puesto = rhpuestos.cod_puesto
JOIN sgrh.tsgrhareas rharea ON rhempleados.cod_area = rharea.cod_area
WHERE empquin.cod_cabeceraid_fk = idcabecera;	
END;
$$;


ALTER FUNCTION sgnom.empleados_por_cabecera(idcabecera integer) OWNER TO postgres;

--
-- TOC entry 476 (class 1255 OID 46589)
-- Name: fn_calcula_importes_nomina(integer, character varying, numeric); Type: FUNCTION; Schema: sgnom; Owner: suite
--

CREATE FUNCTION sgnom.fn_calcula_importes_nomina(idnomina integer, vempleados character varying, todos numeric) RETURNS character varying
    LANGUAGE plpgsql
    AS $$
    DECLARE
        vTotalPercepcion          NUMERIC(10,2):=0;
        vTotalDeduccion           NUMERIC(10,2):=0;
        vImporteTotal             NUMERIC(10,2):=0;
        vNumRegistros             INTEGER:=0;
        vNumRegistros2            INTEGER:=0;
        vBandera                  INTEGER;
        vIdEmpleadoNomina         INTEGER;
        vTotalPercepcionC         NUMERIC(10,2):=0;
        vTotalDeduccionC          NUMERIC(10,2):=0;
        vImporteTotalC            NUMERIC(10,2):=0;
        vNumeroEmpleados          INTEGER;
        vNomEmpleado              NUMERIC(10,2);
        vTotalEmpleadosNomina     INTEGER;
        vTotalEmpleadosCalculados INTEGER;
        ERR_CODE       INTEGER;
        ERR_MSG        VARCHAR(250);
        a_count INTEGER;
        b_count INTEGER;
        --CURSORES

        C5 CURSOR FOR
            SELECT EQ.cod_empquincenaid
            FROM sgnom.tsgnomempquincena EQ
            WHERE EQ.cod_cabeceraid_fk = idNomina
            ORDER BY EQ.cod_empquincenaid;

        C6 CURSOR FOR
            SELECT EQ.cod_empquincenaid
            FROM sgnom.tsgnomempquincena EQ
            WHERE EQ.cod_cabeceraid_fk = idNomina
            AND EQ.bol_estatusemp = 'f'
            ORDER BY EQ.cod_empquincenaid;

    BEGIN
        OPEN C5;
        RAISE INFO 'abre cursor C1';
        LOOP 
            FETCH C5 INTO vIdEmpleadoNomina;
            EXIT WHEN not found;
            RAISE INFO 'empleado %, idNomina %', vIdEmpleadoNomina,idNomina;
            --Se realiza la suma de los conceptos que son percepciones
            SELECT SUM(CQ.imp_concepto) INTO vTotalPercepcion
            FROM sgnom.tsgnomcncptoquinc CQ, sgnom.tsgnomconcepto CO, sgnom.tsgnomempquincena EQ
            WHERE CO.cod_tipoconceptoid_fk = 2
            AND EQ.cod_cabeceraid_fk = idNomina
            AND EQ.cod_empquincenaid = vIdEmpleadoNomina
            AND EQ.cod_empquincenaid = CQ.cod_empquincenaid_fk
            AND CO.cod_conceptoid = CQ.cod_conceptoid_fk;
            RAISE INFO 'vTotalPercepcion %', vTotalPercepcion;
            IF(vTotalPercepcion        IS NOT NULL) THEN
                vTotalPercepcionC        :=vTotalPercepcionC+vTotalPercepcion;
            ELSIF(vTotalPercepcion     IS NULL) THEN
                vTotalPercepcion         :=0;
                vTotalPercepcionC        :=vTotalPercepcionC+vTotalPercepcion;
            END IF;
            RAISE INFO 'vTotalPercepcionC %', vTotalPercepcionC;
            --Se realiza la suma de los conceptos que son deducciones
            SELECT SUM(CQ.imp_concepto) INTO vTotalDeduccion
            FROM sgnom.tsgnomcncptoquinc CQ, sgnom.tsgnomconcepto CO, sgnom.tsgnomempquincena EQ
            WHERE CO.cod_tipoconceptoid_fk = 2
            AND EQ.cod_cabeceraid_fk = idNomina
            AND EQ.cod_empleadoid_fk = vIdEmpleadoNomina
            AND EQ.cod_empquincenaid = CQ.cod_empquincenaid_fk
            AND CO.cod_conceptoid = CQ.cod_conceptoid_fk;
            RAISE INFO 'vTotalDeduccion %', vTotalDeduccion;
            IF(vTotalDeduccion         IS NOT NULL) THEN
                vTotalDeduccionC         :=vTotalDeduccionC+vTotalDeduccion;
            ELSIF (vTotalDeduccion     IS NULL) THEN
                vTotalDeduccion          :=0;
                vTotalDeduccionC         :=vTotalDeduccionC+vTotalDeduccion;
            END IF;
            RAISE INFO 'vTotalDeduccionC %', vTotalDeduccionC;
            IF(vTotalPercepcion IS NOT NULL AND vTotalDeduccion IS NOT NULL) THEN
                SELECT (vTotalPercepcion - vTotalDeduccion) INTO vImporteTotal ;
            ELSIF(vTotalPercepcion IS NULL AND vTotalDeduccion IS NOT NULL) THEN
                vImporteTotal        :=vTotalDeduccion;
            ELSIF(vTotalPercepcion IS NOT NULL AND vTotalDeduccion IS NULL) THEN
                vImporteTotal        :=vTotalPercepcion;
            END IF;
            
            IF(vImporteTotal IS NOT NULL) THEN
                vImporteTotalC :=vImporteTotalC+vImporteTotal;
            ELSE
                vImporteTotalC:=0;
            END IF;
            --Se actualizan los importes de cada empleado asi como el estatus
            UPDATE sgnom.tsgnomempquincena
            SET imp_totpercepcion     =vTotalPercepcion,
                imp_totdeduccion        =vTotalDeduccion,
                imp_totalemp          =vImporteTotal
                --bol_estatusemp ='B'
            WHERE cod_empquincenaid = vIdEmpleadoNomina
            AND cod_cabeceraid_fk = idNomina;
            GET DIAGNOSTICS a_count = ROW_COUNT;
			RAISE INFO 'a_count %', a_count;
            IF (a_count>0) THEN 
                vNumRegistros := vNumRegistros + 1 ;
				RAISE INFO 'vNumRegistros %', vNumRegistros;
            END IF;
            --COMMIT;
        END LOOP;
        CLOSE C5;
        UPDATE sgnom.tsgnomcabecera
        SET imp_totpercepcion = vTotalPercepcionC,
        imp_totdeduccion = vTotalDeduccionC,
        imp_totalemp = vImporteTotalC,
        cod_estatusnomid_fk = 2
        WHERE cod_cabeceraid = idNomina
        AND (cod_estatusnomid_fk=1 OR cod_estatusnomid_fk=2);
        GET DIAGNOSTICS b_count = ROW_COUNT;
        IF (b_count >0) THEN
            vNumRegistros2      := vNumRegistros2 + 1 ;
        END IF; 

        IF (vNumRegistros > 0 AND vNumRegistros2 > 0) THEN
            vBandera := 1;
        ELSIF (vNumRegistros = 0 OR vNumRegistros2 = 0) THEN
            vBandera := 0;
        ELSE
            vBandera:=2;
        END IF;
    RETURN vBandera;
		EXCEPTION
		WHEN NO_DATA_FOUND THEN
			RAISE EXCEPTION '% exp no data found', vIdEmpleado;
			RETURN NULL;
    END;
$$;


ALTER FUNCTION sgnom.fn_calcula_importes_nomina(idnomina integer, vempleados character varying, todos numeric) OWNER TO suite;

--
-- TOC entry 477 (class 1255 OID 46590)
-- Name: fn_calcula_nomina(integer); Type: FUNCTION; Schema: sgnom; Owner: suite
--

CREATE FUNCTION sgnom.fn_calcula_nomina(vidnomina integer) RETURNS integer
    LANGUAGE plpgsql
    AS $_$
    DECLARE
    --rtSueldoBase INTEGER;
    --vFormula CHARACTER VARYING; --valor de la formula
    --vArgumento CHARACTER VARYING; --valor del argumento
    --vNombreArgumento CHARACTER VARYING; --valor del argumento
    --vNumeroArgumentos INTEGER; --numero de argumentos
    --VARIABLES
    total INTEGER;
    vIdNomEmpPla01 INTEGER;
    vIdConEmpPla01 INTEGER;
    vIdConcepto01fk INTEGER;
    vNumRegistros INTEGER:=0;
    vBandera INTEGER;
    vFormula VARCHAR(150);
    vArgumento VARCHAR(100);
    vNumeroArgumentos INTEGER;
    vFuncionOracle VARCHAR(100);
    vDiasLaborados INTEGER;
    vCadenaEjecutar VARCHAR(500);
    vFormulaEjecutar VARCHAR(500);
    vTabulador INTEGER:=0;
    vIdEmpleado INTEGER;
    vIdPlaza INTEGER;
    vNumeroQuincena INTEGER;
    vSueldoBase NUMERIC(10,2):=0.0;
    vConstante NUMERIC(10,2);
    vFormula2 VARCHAR(150);
    vImporteActualizado NUMERIC(10,2);
    vCadenaImporte VARCHAR(250);
    vXML VARCHAR(4000);
    vNombreConcepto VARCHAR(150);
    vValorArgumento NUMERIC(10,2);
    vNombreArgumento VARCHAR(100);
    vCompensasionG INTEGER:=0;
    vNumeroEmpleados INTEGER;
    vNomEmpleado INTEGER;
    vBanderaImporte INTEGER:=0;
    vIdManTer INTEGER;
    vPorcentajeManTer INTEGER;
    vClaveConcepto VARCHAR(20);
    vClaveConcepto2 VARCHAR(20);
    vApoyoVehicular INTEGER;
    vAportacionSSIGF INTEGER;
    vPrimaVacacional INTEGER;
    vFormulaCICAS VARCHAR(150);
    vFormulaCICAC VARCHAR(150);
    vNumeroArgumentosCAS INTEGER;
    vSueldoDiario INTEGER:=0;
    vExisteAguinaldo INTEGER;
    vIdAguinaldo INTEGER;
    vIdQuincena INTEGER;
    vFaltasSueldoEst INTEGER:=0;
    vFaltasSueldoEv INTEGER:=0;
    vFaltasSueldoEstAA INTEGER:=0;
    vFaltasCompEst INTEGER:=0;
    vFaltasCompEv INTEGER:=0;
    vFaltasCompEstAA INTEGER:=0;
    vISRSueldo INTEGER;
    vISRCompGaran INTEGER;
    vISRSSI INTEGER;
    vISRApoyoVehic INTEGER;
    vISRPrimaVac INTEGER;
    vValorQuinquenio INTEGER:=0;
    vSueldoCompactado INTEGER:=0;
    vSueldoBimestral INTEGER:=0;
    vQuinquenioBimestral INTEGER:=0;
    vSumaSRCEAYV INTEGER;
    vSueldoBimestralEV INTEGER;
    vQuinquenioBimestralEV INTEGER;
    vSumaSRCEAYVEV INTEGER;
    vSueldoCompactadoEV INTEGER;
    vPensionAlimenticia INTEGER;
    vDespensa INTEGER:=0;
    xmlDesglose VARCHAR(3000);
    --cursorPrimaVacacional SYS_REFCURSOR;
    --xmlApoyoVehicular VARCHAR(3000);
    --cursorApoyoVehicular SYS_REFCURSOR;
    -- xmlISRSSI VARCHAR(3000);
    --cursorISRSSI SYS_REFCURSOR;
    vSumaSARP INTEGER;
    vSumaFOVP INTEGER;
    vSumaSRCEAYVPAT INTEGER;
    vPorcentajePension INTEGER;
    vISREstDesemp INTEGER;
    vISRHonorarios INTEGER;
    vValorEstimulo INTEGER;
    vNumeroFaltas INTEGER;
    vDiasLicencia INTEGER;
    ERR_CODE INTEGER;
    ERR_MSG VARCHAR(250);
    vAhorroSolidario INTEGER;
    DecimaImpar INTEGER;
    vNumeroQuincenaBIM INTEGER;
    vTipoNominaBIM INTEGER;
    vEjercicioBIM INTEGER;
    vBanderaSegBaja INTEGER;
    vValISREstDesempA INTEGER;
    vExisteAnt INTEGER;
    vSueldoAnt INTEGER;
    vCompAnt INTEGER;
    vDiasLabAnterior INTEGER;
    vFechaNomina INTEGER;
    vImpLicMedSueldo INTEGER;
    vBanderaEmpNeg INTEGER;
	a_count INTEGER;
    cncptoquincid INTEGER;
    ---- CURSORES
    C1 CURSOR FOR
        SELECT  EQ.cod_empquincenaid,EQ.cod_empleadoid_fk,Q.cnu_numquincena,Q.cod_quincenaid, --CQ.cod_conceptoid_fk
				CQ.cod_cncptoquincid, CQ.cod_empquincenaid_fk, CQ.cod_conceptoid_fk, CO.cod_nbconcepto, CO.cod_claveconcepto
        FROM sgnom.tsgnomempquincena EQ
        INNER JOIN sgnom.tsgnomcabecera C 
            ON C.cod_cabeceraid = EQ.cod_cabeceraid_fk
        INNER JOIN sgnom.tsgnomquincena Q
            ON Q.cod_quincenaid = C.cod_quincenaid_fk
		INNER JOIN sgnom.tsgnomcncptoquinc CQ 
			ON CQ.cod_empquincenaid_fk = EQ.cod_empquincenaid
		INNER JOIN sgnom.tsgnomconcepto CO 
		    ON CO.cod_conceptoid = CQ.cod_conceptoid_fk
        WHERE C.cod_cabeceraid = vIdNomina
		AND CO.cod_calculoid_fk = 2
        AND bol_estatusemp != 'f'
        ORDER BY CO.cod_tipoconceptoid_fk, CO.cnu_prioricalculo, EQ.cod_empquincenaid;
    
    C3 CURSOR FOR
        SELECT CQ.cod_cncptoquincid, CQ.cod_empquincenaid_fk, CQ.cod_conceptoid_fk, CO.cod_nbconcepto, CO.cod_claveconcepto
        FROM sgnom.tsgnomcncptoquinc CQ
        INNER JOIN sgnom.tsgnomconcepto CO ON CO.cod_conceptoid = CQ.cod_conceptoid_fk
        WHERE CO.cod_calculoid_fk = 2
        ORDER BY CO.cod_tipoconceptoid_fk, CO.cnu_prioricalculo;

    C4 CURSOR FOR
        SELECT des_formula
        FROM sgnom.tsgnomformula
        WHERE cod_formulaid =
                (SELECT CO.cod_formulaid_fk 
                FROM sgnom.tsgnomconcepto CO
                WHERE CO.cod_conceptoid = vIdConcepto01fk );

    C10 CURSOR FOR
        SELECT des_formula
        FROM sgnom.tsgnomformula
        WHERE cod_formulaid = 9;

    BEGIN
        OPEN C1;
        RAISE INFO 'abre cursor C1';
        LOOP 
            FETCH C1 INTO vIdNomEmpPla01, vIdEmpleado,vNumeroQuincena,vIdQuincena,cncptoquincid, vIdConEmpPla01,vIdConcepto01fk,vNombreConcepto,vClaveConcepto;
            EXIT WHEN not found;
            OPEN C4;
            RAISE INFO 'abre cursor C10 -> C4';
            LOOP
                FETCH C4 INTO vFormula;
                EXIT WHEN not found;
                vFormula2 :=vFormula;
                vNumeroArgumentos:=(SELECT COUNT(*)
                                    FROM regexp_matches(vFormula, ':[^#0-9/*+$%-:]+', 'g'));
                RAISE INFO 'vformula %', vFormula;
                RAISE INFO 'vNumeroArgumentos %', vNumeroArgumentos;
                FOR i IN 1 .. vNumeroArgumentos
                LOOP
                    SELECT regexp_replace(
                        (SELECT contenido
                        FROM
                        (SELECT contenido, row_number() OVER () AS indice --COUNT(*)
                        FROM 
                        regexp_matches(vFormula, ':[^#0-9/*+$%-:]+', 'g') AS contenido
                        ) AS todo
                        WHERE indice = i)::varchar, '[{:}"]', '', 'g') 
                        --WHERE indice = )::"varchar", '[[:punct:]]', '', 'g')
                        INTO vArgumento;
                    --Se obtiene el nombre del argumento
                    SELECT cod_nbargumento INTO vNombreArgumento
                    FROM sgnom.tsgnomargumento
                    WHERE cod_nbargumento = vArgumento;
                    RAISE INFO 'nomARG: % %', vArgumento, vNombreArgumento;
                    --Se obtiene la funci�n del argumento
                    SELECT des_funcionbd INTO vFuncionOracle
                    FROM sgnom.tsgnomargumento
                   	WHERE cod_nbargumento = vArgumento;
                    RAISE INFO 'fnARG: %, %', vArgumento,vFuncionOracle;
                    IF (vFuncionOracle IS NOT NULL) THEN
                        IF (vFuncionOracle = 'fn_dias_laborados') THEN 
                            vFormulaEjecutar :='sgnom.'||vFuncionOracle||'('||vIdEmpleado||','||vIdQuincena||')';
                            vCadenaEjecutar :='select ' || vFormulaEjecutar;
                            RAISE INFO 'cadena %', vCadenaEjecutar;
                            EXECUTE vCadenaEjecutar INTO vDiasLaborados;
                            vValorArgumento :=vDiasLaborados;
                            RAISE INFO 'RES laborados %', vValorArgumento;
						ELSIF (vFuncionOracle = 'fn_sueldo_base') THEN 
                            vFormulaEjecutar :='sgnom.'||vFuncionOracle||'('||vIdEmpleado||')';
                            vCadenaEjecutar :='select ' || vFormulaEjecutar;
                            RAISE INFO 'cadena %', vCadenaEjecutar;
                            EXECUTE vCadenaEjecutar INTO vSueldoBase;
                            vValorArgumento :=vSueldoBase;
                            RAISE INFO 'RES SB %', vValorArgumento;
                        END IF;
                    ELSE
                    	SELECT imp_valorconst INTO vConstante
						FROM sgnom.tsgnomargumento
                   		WHERE cod_nbargumento = vArgumento;
                    	vValorArgumento :=vConstante;
						RAISE INFO 'RES constante %', vConstante;
					END IF;
                    SELECT regexp_replace(vFormula2, vArgumento, vValorArgumento::"varchar", 'g') INTO vFormula2;
                    RAISE INFO 'RES vFormula2 %, vArgumento %, vValorArgumento % ', 
					vFormula2,vArgumento,vValorArgumento;
                    
                END LOOP;
				SELECT regexp_replace(vFormula2, '[:]', '', 'g') INTO vFormula2;
				vCadenaImporte:='SELECT '|| vFormula2 || '';
				RAISE INFO 'RES vCadenaImporte %',  vCadenaImporte;
                -- DBMS_OUTPUT.PUT_LINE(vFormula2);
                EXECUTE vCadenaImporte INTO vImporteActualizado;
                RAISE INFO 'RES vImporteActualizado %', vImporteActualizado;
                --COMMIT;
            END LOOP;
            CLOSE C4;
            OPEN C4;
            LOOP 
                FETCH C4 INTO vFormula;
                EXIT WHEN not found;
                vFormula2 :=vFormula;
                vXML :='<?xml version="1.0" encoding="ISO8859_1"?>                
                <mx.org.ift.serp.conceptoBindingXml.DetallesConcepto>                  
                <claveConcepto>' || vClaveConcepto || '</claveConcepto>                  
                <nombreConcepto>' || vNombreConcepto || '</nombreConcepto>';
                vXML :=vXML ||'<formula>' || vFormula || '</formula>                  
                <argumentos>';
                --Se obtiene el numero de argumentos que contiene la formula
                vNumeroArgumentos:=(SELECT COUNT(*)
                                    FROM regexp_matches(vFormula, ':[^#0-9/*+$%-:]+', 'g'));
                FOR i IN 1 .. vNumeroArgumentos
                LOOP
                    SELECT regexp_replace(
                        (SELECT contenido
                        FROM
                            (SELECT contenido, row_number() OVER () AS indice --COUNT(*)
                            FROM 
                            regexp_matches(vFormula, ':[^#0-9/*+$%-:]+', 'g') AS contenido
                            ) AS todo
                        WHERE indice = i)::varchar, '[{:}"]', '', 'g') 
                        --WHERE indice = )::"varchar", '[[:punct:]]', '', 'g')
                        INTO vArgumento;
                    --Se obtiene el nombre del argumento
                    SELECT cod_nbargumento INTO vNombreArgumento
                    FROM sgnom.tsgnomargumento
                    WHERE cod_nbargumento = vArgumento;
                    RAISE INFO 'nomARG: % %', vArgumento, vNombreArgumento;
                    --Se obtiene la funci�n del argumento
                    SELECT des_funcionbd INTO vFuncionOracle
                    FROM sgnom.tsgnomargumento
                    WHERE cod_nbargumento = vArgumento;
                    RAISE INFO 'fnARG: %, %', vArgumento,vFuncionOracle;
                    --Se calcula la funci�n del argumento
                    IF (vFuncionOracle IS NOT NULL) THEN
                        IF (vFuncionOracle = 'fn_dias_laborados') THEN 
                            vFormulaEjecutar :='sgnom.'||vFuncionOracle||'('||vIdEmpleado||','||vIdQuincena||')';
                            vCadenaEjecutar :='select ' || vFormulaEjecutar;
                            RAISE INFO 'cadena %', vCadenaEjecutar;
                            EXECUTE vCadenaEjecutar INTO vDiasLaborados;
                            vValorArgumento :=vDiasLaborados;
                            RAISE INFO 'RES laborados %', vValorArgumento;
                        ELSIF (vFuncionOracle = 'fn_sueldo_base') THEN 
                            vFormulaEjecutar :='sgnom.'||vFuncionOracle||'('||vIdEmpleado||')';
                            vCadenaEjecutar :='select ' || vFormulaEjecutar;
                            RAISE INFO 'cadena %', vCadenaEjecutar;
                            EXECUTE vCadenaEjecutar INTO vSueldoBase;
                            vValorArgumento :=vSueldoBase;
                            RAISE INFO 'RES SB %', vValorArgumento;
                        END IF;
                    ELSE
                        SELECT imp_valorconst INTO vConstante
                        FROM sgnom.tsgnomargumento
                        WHERE cod_nbargumento = vArgumento;
                        vValorArgumento :=vConstante;
                        RAISE INFO 'RES constante %', vConstante;
                    END IF;
                    IF(vValorArgumento IS NULL) THEN 
                        vValorArgumento :=0;
                    END IF;
                    SELECT regexp_replace(vFormula2, '[:]', '', 'g') INTO vFormula2
                    FROM (SELECT des_formula
                            FROM sgnom.tsgnomformula
                            WHERE cod_formulaid =
                                    (SELECT CO.cod_formulaid_fk 
                                    FROM sgnom.tsgnomconcepto CO
                                    WHERE CO.cod_conceptoid = vIdConcepto01fk)) form;
                    --Se continua la construccion del XML agregando cada argumento
                    vXML:= vXML || '<mx.org.ift.serp.conceptoBindingXml.Argumento><nombre>' || vArgumento || '</nombre>                            
                    <valor>' || vValorArgumento || '</valor> <descripcion>' || vNombreArgumento || '</descripcion> </mx.org.ift.serp.conceptoBindingXml.Argumento>';
                END LOOP;
                EXECUTE vCadenaImporte INTO vImporteActualizado;
                vXML :=vXML || '</argumentos>';
                IF(xmlDesglose IS NOT NULL) THEN 
                    vXML := vXML || xmlDesglose;
                    xmlDesglose :=NULL;
                END IF;
                --Se agrega el importe total al XML
                vXML:=vXML || '<importe>' || vImporteActualizado || '</importe> </mx.org.ift.serp.conceptoBindingXml.DetallesConcepto>  ';
                --Se guarda el importe del concepto y el XML generado
				RAISE INFO 'dentro C4 ACTUALIZANDO EL EQ %, id %', vIdConEmpPla01, vIdEmpleado;
                UPDATE sgnom.tsgnomcncptoquinc
				SET imp_concepto = vImporteActualizado, xml_desgloce = vXML::xml
				WHERE cod_empquincenaid_fk = vIdConEmpPla01;
                --AND cod_conceptoid_fk = vIdConcepto01fk
                --AND cod_cncptoquincid = cncptoquincid;
				GET DIAGNOSTICS a_count = ROW_COUNT;
				RAISE INFO 'a_count %', a_count;
                IF (a_count>0) THEN 
                    vNumRegistros := vNumRegistros + 1 ;
					RAISE INFO 'vNumRegistros %', vNumRegistros;
                END IF;
                --COMMIT; 
            END LOOP;
            CLOSE C4;
			RAISE INFO 'fuera C4 ACTUALIZANDO EL EQ %, id %', vIdConEmpPla01, vIdEmpleado;
            vSueldoBase :=0.0;
            vDiasLaborados :=0;
            vCompensasionG :=0;
            vDespensa :=0;
            vPorcentajeManTer :=0;
            vApoyoVehicular :=0;
            vAportacionSSIGF :=0;
            vPrimaVacacional :=0;
            vFaltasSueldoEst :=0;
            vFaltasSueldoEv :=0;
            vFaltasSueldoEstAA :=0;
            vFaltasCompEst :=0;
            vFaltasCompEv :=0;
            vFaltasCompEstAA :=0;
            vISRSueldo :=0;
            vISRCompGaran :=0;
            vISRSSI :=0;
            vISRApoyoVehic :=0;
            vISRPrimaVac :=0;
            vValorQuinquenio :=0;
            vSueldoCompactado :=0;
            vSueldoBimestral :=0;
            vQuinquenioBimestral :=0;
            vSumaSRCEAYV :=0;
            vSueldoBimestralEV :=0;
            vQuinquenioBimestralEV:=0;
            vSumaSRCEAYVEV :=0;
            vPensionAlimenticia :=0;
            vSueldoCompactado :=0;
            vSumaSARP :=0;
            vSumaFOVP :=0;
            vSumaSRCEAYVPAT :=0;
            vSumaSRCEAYVPAT :=0;
            vPorcentajePension :=0;
            vISREstDesemp :=0;
            vISRHonorarios :=0;
            vValorEstimulo :=0;
            vAhorroSolidario :=0;
            vConstante :=0;
            vImpLicMedSueldo :=0; 
        END LOOP;
		CLOSE C1;
        --Se llama la funcion que calcula los importes de cada concepto
        SELECT sgnom.fn_calcula_importes_nomina(vIdNomina,NULL,0) INTO vBanderaImporte;
		--RETURN vNumRegistros::varchar;
        IF vNumRegistros > 0 THEN 
            vBandera := 1;
        ELSIF vNumRegistros = 0 THEN 
            vBandera := 0;
        ELSE 
            vBandera:=2;
        END IF;
        RETURN vBandera;
		EXCEPTION
		WHEN NO_DATA_FOUND THEN
			RAISE EXCEPTION '% exp no data found', vIdEmpleado;
			RETURN NULL;
    END;
$_$;


ALTER FUNCTION sgnom.fn_calcula_nomina(vidnomina integer) OWNER TO suite;

--
-- TOC entry 478 (class 1255 OID 46593)
-- Name: fn_calcula_nomina1(integer, integer); Type: FUNCTION; Schema: sgnom; Owner: suite
--

CREATE FUNCTION sgnom.fn_calcula_nomina1(empid integer, vidnomina integer) RETURNS character varying
    LANGUAGE plpgsql
    AS $_$
    DECLARE
    --rtSueldoBase INTEGER;
    --vFormula CHARACTER VARYING; --valor de la formula
    --vArgumento CHARACTER VARYING; --valor del argumento
    --vNombreArgumento CHARACTER VARYING; --valor del argumento
    --vNumeroArgumentos INTEGER; --numero de argumentos
    --VARIABLES
    total INTEGER;
    vIdNomEmpPla01 INTEGER;
    vIdConEmpPla01 INTEGER;
    vIdConcepto01fk INTEGER;
    vNumRegistros INTEGER:=0;
    vBandera INTEGER;
    vFormula VARCHAR(150);
    vArgumento VARCHAR(100);
    vNumeroArgumentos INTEGER;
    vFuncionOracle VARCHAR(100);
    vDiasLaborados INTEGER;
    vCadenaEjecutar VARCHAR(500);
    vFormulaEjecutar VARCHAR(500);
    vTabulador INTEGER:=0;
    vIdEmpleado INTEGER;
    vIdPlaza INTEGER;
    vNumeroQuincena INTEGER;
    vSueldoBase NUMERIC(10,2):=0.0;
    vConstante NUMERIC(10,2);
    vFormula2 VARCHAR(150);
    vImporteActualizado NUMERIC(10,2);
    vCadenaImporte VARCHAR(250);
    vXML VARCHAR(4000);
    vNombreConcepto VARCHAR(150);
    vValorArgumento NUMERIC(10,2);
    vNombreArgumento VARCHAR(100);
    vCompensasionG INTEGER:=0;
    vNumeroEmpleados INTEGER;
    vNomEmpleado INTEGER;
    vBanderaImporte INTEGER:=0;
    vIdManTer INTEGER;
    vPorcentajeManTer INTEGER;
    vClaveConcepto VARCHAR(20);
    vClaveConcepto2 VARCHAR(20);
    vApoyoVehicular INTEGER;
    vAportacionSSIGF INTEGER;
    vPrimaVacacional INTEGER;
    vFormulaCICAS VARCHAR(150);
    vFormulaCICAC VARCHAR(150);
    vNumeroArgumentosCAS INTEGER;
    vSueldoDiario INTEGER:=0;
    vExisteAguinaldo INTEGER;
    vIdAguinaldo INTEGER;
    vIdQuincena INTEGER;
    vFaltasSueldoEst INTEGER:=0;
    vFaltasSueldoEv INTEGER:=0;
    vFaltasSueldoEstAA INTEGER:=0;
    vFaltasCompEst INTEGER:=0;
    vFaltasCompEv INTEGER:=0;
    vFaltasCompEstAA INTEGER:=0;
    vISRSueldo INTEGER;
    vISRCompGaran INTEGER;
    vISRSSI INTEGER;
    vISRApoyoVehic INTEGER;
    vISRPrimaVac INTEGER;
    vValorQuinquenio INTEGER:=0;
    vSueldoCompactado INTEGER:=0;
    vSueldoBimestral INTEGER:=0;
    vQuinquenioBimestral INTEGER:=0;
    vSumaSRCEAYV INTEGER;
    vSueldoBimestralEV INTEGER;
    vQuinquenioBimestralEV INTEGER;
    vSumaSRCEAYVEV INTEGER;
    vSueldoCompactadoEV INTEGER;
    vPensionAlimenticia INTEGER;
    vDespensa INTEGER:=0;
    xmlDesglose VARCHAR(3000);
    --cursorPrimaVacacional SYS_REFCURSOR;
    --xmlApoyoVehicular VARCHAR(3000);
    --cursorApoyoVehicular SYS_REFCURSOR;
    -- xmlISRSSI VARCHAR(3000);
    --cursorISRSSI SYS_REFCURSOR;
    vSumaSARP INTEGER;
    vSumaFOVP INTEGER;
    vSumaSRCEAYVPAT INTEGER;
    vPorcentajePension INTEGER;
    vISREstDesemp INTEGER;
    vISRHonorarios INTEGER;
    vValorEstimulo INTEGER;
    vNumeroFaltas INTEGER;
    vDiasLicencia INTEGER;
    ERR_CODE INTEGER;
    ERR_MSG VARCHAR(250);
    vAhorroSolidario INTEGER;
    DecimaImpar INTEGER;
    vNumeroQuincenaBIM INTEGER;
    vTipoNominaBIM INTEGER;
    vEjercicioBIM INTEGER;
    vBanderaSegBaja INTEGER;
    vValISREstDesempA INTEGER;
    vExisteAnt INTEGER;
    vSueldoAnt INTEGER;
    vCompAnt INTEGER;
    vDiasLabAnterior INTEGER;
    vFechaNomina INTEGER;
    vImpLicMedSueldo INTEGER;
    vBanderaEmpNeg INTEGER;
	a_count INTEGER;
    cncptoquincid INTEGER;
    ---- CURSORES
    C1 CURSOR FOR
        SELECT  EQ.cod_empquincenaid,EQ.cod_empleadoid_fk,Q.cnu_numquincena,Q.cod_quincenaid, --CQ.cod_conceptoid_fk
				CQ.cod_cncptoquincid, CQ.cod_empquincenaid_fk, CQ.cod_conceptoid_fk, CO.cod_nbconcepto, CO.cod_claveconcepto
        FROM sgnom.tsgnomempquincena EQ
        INNER JOIN sgnom.tsgnomcabecera C 
            ON C.cod_cabeceraid = EQ.cod_cabeceraid_fk
        INNER JOIN sgnom.tsgnomquincena Q
            ON Q.cod_quincenaid = C.cod_quincenaid_fk
		INNER JOIN sgnom.tsgnomcncptoquinc CQ 
			ON CQ.cod_empquincenaid_fk = EQ.cod_empquincenaid
		INNER JOIN sgnom.tsgnomconcepto CO 
		ON CO.cod_conceptoid = CQ.cod_conceptoid_fk
        WHERE C.cod_tiponominaid_fk = vIdNomina
		AND CO.cod_calculoid_fk = 2
        AND bol_estatusemp != 'f'
        ORDER BY CO.cod_tipoconceptoid_fk, CO.cnu_prioricalculo, EQ.cod_empquincenaid;
    
    C3 CURSOR FOR
        SELECT CQ.cod_cncptoquincid, CQ.cod_empquincenaid_fk, CQ.cod_conceptoid_fk, CO.cod_nbconcepto, CO.cod_claveconcepto
        FROM sgnom.tsgnomcncptoquinc CQ
        INNER JOIN sgnom.tsgnomconcepto CO ON CO.cod_conceptoid = CQ.cod_conceptoid_fk
        WHERE CO.cod_calculoid_fk = 2
        ORDER BY CO.cod_tipoconceptoid_fk, CO.cnu_prioricalculo;

    C4 CURSOR FOR
        SELECT des_formula
        FROM sgnom.tsgnomformula
        WHERE cod_formulaid =
                (SELECT CO.cod_formulaid_fk 
                FROM sgnom.tsgnomconcepto CO
                WHERE CO.cod_conceptoid = vIdConcepto01fk );

    C10 CURSOR FOR
        SELECT des_formula
        FROM sgnom.tsgnomformula
        WHERE cod_formulaid = 9;

    BEGIN
        OPEN C1;
        RAISE INFO 'abre cursor C1';
        LOOP 
            FETCH C1 INTO vIdNomEmpPla01, vIdEmpleado,vNumeroQuincena,vIdQuincena,cncptoquincid, vIdConEmpPla01,vIdConcepto01fk,vNombreConcepto,vClaveConcepto;
            EXIT WHEN not found;
            OPEN C4;
            RAISE INFO 'abre cursor C10 -> C4';
            LOOP
                FETCH C4 INTO vFormula;
                EXIT WHEN not found;
                vFormula2 :=vFormula;
                vNumeroArgumentos:=(SELECT COUNT(*)
                                    FROM regexp_matches(vFormula, ':[^#0-9/*+$%-:]+', 'g'));
                RAISE INFO 'vformula %', vFormula;
                RAISE INFO 'vNumeroArgumentos %', vNumeroArgumentos;
                FOR i IN 1 .. vNumeroArgumentos
                LOOP
                    SELECT regexp_replace(
                        (SELECT contenido
                        FROM
                        (SELECT contenido, row_number() OVER () AS indice --COUNT(*)
                        FROM 
                        regexp_matches(vFormula, ':[^#0-9/*+$%-:]+', 'g') AS contenido
                        ) AS todo
                        WHERE indice = i)::varchar, '[{:}"]', '', 'g') 
                        --WHERE indice = )::"varchar", '[[:punct:]]', '', 'g')
                        INTO vArgumento;
                    --Se obtiene el nombre del argumento
                    SELECT cod_nbargumento INTO vNombreArgumento
                    FROM sgnom.tsgnomargumento
                    WHERE cod_nbargumento = vArgumento;
                    RAISE INFO 'nomARG: % %', vArgumento, vNombreArgumento;
                    --Se obtiene la funci�n del argumento
                    SELECT des_funcionbd INTO vFuncionOracle
                    FROM sgnom.tsgnomargumento
                   	WHERE cod_nbargumento = vArgumento;
                    RAISE INFO 'fnARG: %, %', vArgumento,vFuncionOracle;
                    IF (vFuncionOracle IS NOT NULL) THEN
                        IF (vFuncionOracle = 'fn_dias_laborados') THEN 
                            vFormulaEjecutar :='sgnom.'||vFuncionOracle||'('||vIdEmpleado||','||vIdQuincena||')';
                            vCadenaEjecutar :='select ' || vFormulaEjecutar;
                            RAISE INFO 'cadena %', vCadenaEjecutar;
                            EXECUTE vCadenaEjecutar INTO vDiasLaborados;
                            vValorArgumento :=vDiasLaborados;
                            RAISE INFO 'RES laborados %', vValorArgumento;
						ELSIF (vFuncionOracle = 'fn_sueldo_base') THEN 
                            vFormulaEjecutar :='sgnom.'||vFuncionOracle||'('||vIdEmpleado||')';
                            vCadenaEjecutar :='select ' || vFormulaEjecutar;
                            RAISE INFO 'cadena %', vCadenaEjecutar;
                            EXECUTE vCadenaEjecutar INTO vSueldoBase;
                            vValorArgumento :=vSueldoBase;
                            RAISE INFO 'RES SB %', vValorArgumento;
                        END IF;
                    ELSE
                    	SELECT imp_valorconst INTO vConstante
						FROM sgnom.tsgnomargumento
                   		WHERE cod_nbargumento = vArgumento;
                    	vValorArgumento :=vConstante;
						RAISE INFO 'RES constante %', vConstante;
					END IF;
                    SELECT regexp_replace(vFormula2, vArgumento, vValorArgumento::"varchar", 'g') INTO vFormula2;
                    RAISE INFO 'RES vFormula2 %, vArgumento %, vValorArgumento % ', 
					vFormula2,vArgumento,vValorArgumento;
                    
                END LOOP;
				SELECT regexp_replace(vFormula2, '[:]', '', 'g') INTO vFormula2;
				vCadenaImporte:='SELECT '|| vFormula2 || '';
				RAISE INFO 'RES vCadenaImporte %',  vCadenaImporte;
                -- DBMS_OUTPUT.PUT_LINE(vFormula2);
                EXECUTE vCadenaImporte INTO vImporteActualizado;
                RAISE INFO 'RES vImporteActualizado %', vImporteActualizado;
                --COMMIT;
            END LOOP;
            CLOSE C4;
            --OPEN C3;
			--RAISE INFO 'abre C3 calculo';
            --LOOP
                --FETCH C3 INTO cncptoquincid, vIdConEmpPla01,vIdConcepto01fk,vNombreConcepto,vClaveConcepto ;
                --EXIT WHEN not found;
                OPEN C4;
                LOOP 
                    FETCH C4 INTO vFormula;
                    EXIT WHEN not found;
                    vFormula2 :=vFormula;
                    vXML :='<?xml version="1.0" encoding="ISO8859_1"?>                
                    <mx.org.ift.serp.conceptoBindingXml.DetallesConcepto>                  
                    <claveConcepto>' || vClaveConcepto || '</claveConcepto>                  
                    <nombreConcepto>' || vNombreConcepto || '</nombreConcepto>';
                     vXML :=vXML ||'<formula>' || vFormula || '</formula>                  
                    <argumentos>';
                    --Se obtiene el numero de argumentos que contiene la formula
                    vNumeroArgumentos:=(SELECT COUNT(*)
                                        FROM regexp_matches(vFormula, ':[^#0-9/*+$%-:]+', 'g'));
                    FOR i IN 1 .. vNumeroArgumentos
                    LOOP
                        SELECT regexp_replace(
                            (SELECT contenido
                            FROM
                            (SELECT contenido, row_number() OVER () AS indice --COUNT(*)
                            FROM 
                            regexp_matches(vFormula, ':[^#0-9/*+$%-:]+', 'g') AS contenido
                            ) AS todo
                            WHERE indice = i)::varchar, '[{:}"]', '', 'g') 
                            --WHERE indice = )::"varchar", '[[:punct:]]', '', 'g')
                            INTO vArgumento;
                        --Se obtiene el nombre del argumento
                        SELECT cod_nbargumento INTO vNombreArgumento
                        FROM sgnom.tsgnomargumento
                        WHERE cod_nbargumento = vArgumento;
                        RAISE INFO 'nomARG: % %', vArgumento, vNombreArgumento;
                        --Se obtiene la funci�n del argumento
                        SELECT des_funcionbd INTO vFuncionOracle
                        FROM sgnom.tsgnomargumento
                        WHERE cod_nbargumento = vArgumento;
                        RAISE INFO 'fnARG: %, %', vArgumento,vFuncionOracle;
                        --Se calcula la funci�n del argumento
                        IF (vFuncionOracle IS NOT NULL) THEN
                            IF (vFuncionOracle = 'fn_dias_laborados') THEN 
                                vFormulaEjecutar :='sgnom.'||vFuncionOracle||'('||vIdEmpleado||','||vIdQuincena||')';
                                vCadenaEjecutar :='select ' || vFormulaEjecutar;
                                RAISE INFO 'cadena %', vCadenaEjecutar;
                                EXECUTE vCadenaEjecutar INTO vDiasLaborados;
                                vValorArgumento :=vDiasLaborados;
                                RAISE INFO 'RES laborados %', vValorArgumento;
                            ELSIF (vFuncionOracle = 'fn_sueldo_base') THEN 
                                vFormulaEjecutar :='sgnom.'||vFuncionOracle||'('||vIdEmpleado||')';
                                vCadenaEjecutar :='select ' || vFormulaEjecutar;
                                RAISE INFO 'cadena %', vCadenaEjecutar;
                                EXECUTE vCadenaEjecutar INTO vSueldoBase;
                                vValorArgumento :=vSueldoBase;
                                RAISE INFO 'RES SB %', vValorArgumento;
                            END IF;
                        ELSE
                            SELECT imp_valorconst INTO vConstante
                            FROM sgnom.tsgnomargumento
                            WHERE cod_nbargumento = vArgumento;
                            vValorArgumento :=vConstante;
                            RAISE INFO 'RES constante %', vConstante;
                        END IF;
                        IF(vValorArgumento IS NULL) THEN 
                            vValorArgumento :=0;
                        END IF;
                        SELECT regexp_replace(vFormula2, '[:]', '', 'g') INTO vFormula2
                        FROM (SELECT des_formula
                                FROM sgnom.tsgnomformula
                                WHERE cod_formulaid =
                                        (SELECT CO.cod_formulaid_fk 
                                        FROM sgnom.tsgnomconcepto CO
                                        WHERE CO.cod_conceptoid = vIdConcepto01fk)) form;
                        --Se continua la construccion del XML agregando cada argumento
                        vXML:= vXML || '<mx.org.ift.serp.conceptoBindingXml.Argumento><nombre>' || vArgumento || '</nombre>                            
                        <valor>' || vValorArgumento || '</valor> <descripcion>' || vNombreArgumento || '</descripcion> </mx.org.ift.serp.conceptoBindingXml.Argumento>';
                    END LOOP;
                    EXECUTE vCadenaImporte INTO vImporteActualizado;
                    vXML :=vXML || '</argumentos>';
                    IF(xmlDesglose IS NOT NULL) THEN 
                        vXML := vXML || xmlDesglose;
                        xmlDesglose :=NULL;
                    END IF;
                    --Se agrega el importe total al XML
                    vXML:=vXML || '<importe>' || vImporteActualizado || '</importe> </mx.org.ift.serp.conceptoBindingXml.DetallesConcepto>  ';
                    --Se guarda el importe del concepto y el XML generado
					RAISE INFO 'dentro C4 ACTUALIZANDO EL EQ %, id %', vIdConEmpPla01, vIdEmpleado;
                    UPDATE sgnom.tsgnomcncptoquinc
					SET imp_concepto = vImporteActualizado, xml_desgloce = vXML::xml
					WHERE cod_empquincenaid_fk = vIdConEmpPla01
                    --AND cod_conceptoid_fk = vIdConcepto01fk
                    AND cod_cncptoquincid = cncptoquincid;
					GET DIAGNOSTICS a_count = ROW_COUNT;
					RAISE INFO 'a_count %', a_count;
                    IF (a_count>0) THEN 
                    	vNumRegistros := vNumRegistros + 1 ;
						RAISE INFO 'vNumRegistros %', vNumRegistros;
                    END IF;
                    --COMMIT; 
                END LOOP;
                CLOSE C4;
				RAISE INFO 'fuera C4 ACTUALIZANDO EL EQ %, id %', vIdConEmpPla01, vIdEmpleado;
            --END LOOP;
            --CLOSE C3;
            vSueldoBase :=0.0;
            vDiasLaborados :=0;
            vCompensasionG :=0;
            vDespensa :=0;
            vPorcentajeManTer :=0;
            vApoyoVehicular :=0;
            vAportacionSSIGF :=0;
            vPrimaVacacional :=0;
            vFaltasSueldoEst :=0;
            vFaltasSueldoEv :=0;
            vFaltasSueldoEstAA :=0;
            vFaltasCompEst :=0;
            vFaltasCompEv :=0;
            vFaltasCompEstAA :=0;
            vISRSueldo :=0;
            vISRCompGaran :=0;
            vISRSSI :=0;
            vISRApoyoVehic :=0;
            vISRPrimaVac :=0;
            vValorQuinquenio :=0;
            vSueldoCompactado :=0;
            vSueldoBimestral :=0;
            vQuinquenioBimestral :=0;
            vSumaSRCEAYV :=0;
            vSueldoBimestralEV :=0;
            vQuinquenioBimestralEV:=0;
            vSumaSRCEAYVEV :=0;
            vPensionAlimenticia :=0;
            vSueldoCompactado :=0;
            vSumaSARP :=0;
            vSumaFOVP :=0;
            vSumaSRCEAYVPAT :=0;
            vSumaSRCEAYVPAT :=0;
            vPorcentajePension :=0;
            vISREstDesemp :=0;
            vISRHonorarios :=0;
            vValorEstimulo :=0;
            vAhorroSolidario :=0;
            vConstante :=0;
            vImpLicMedSueldo :=0; 
        END LOOP;
		--CLOSE C1;
		RETURN vNumRegistros::varchar;
		EXCEPTION
		WHEN NO_DATA_FOUND THEN
			RAISE EXCEPTION '% exp no data found', empid;
			RETURN NULL;
    END;
$_$;


ALTER FUNCTION sgnom.fn_calcula_nomina1(empid integer, vidnomina integer) OWNER TO suite;

--
-- TOC entry 479 (class 1255 OID 46596)
-- Name: fn_crearnomina(integer); Type: FUNCTION; Schema: sgnom; Owner: suite
--

CREATE FUNCTION sgnom.fn_crearnomina(cabecera integer) RETURNS boolean
    LANGUAGE plpgsql
    AS $$
    DECLARE
    contador integer := 0;
    bandera boolean := false;
    rec RECORD;
    BEGIN
		FOR rec IN SELECT cod_empleadoid 
                        FROM sgnom.tsgnomempleados 
                        WHERE tsgnomempleados.fec_ingreso <= 
                                (SELECT tsgnomquincena.fec_fin
                                FROM sgnom.tsgnomquincena, sgnom.tsgnomcabecera
                                WHERE tsgnomquincena.cod_quincenaid = tsgnomcabecera.cod_quincenaid_fk
                                AND tsgnomcabecera.cod_cabeceraid = cabecera)
                        AND (tsgnomempleados.fec_salida >= 
                                (SELECT tsgnomquincena.fec_inicio
                                FROM sgnom.tsgnomquincena, sgnom.tsgnomcabecera
                                WHERE tsgnomquincena.cod_quincenaid = tsgnomcabecera.cod_quincenaid_fk
                                AND tsgnomcabecera.cod_cabeceraid = cabecera)
                        OR tsgnomempleados.fec_salida IS NULL)
                        AND tsgnomempleados.bol_estatus = 't'
                        ORDER BY 1
            LOOP
                INSERT INTO sgnom.tsgnomempquincena(cod_empleadoid_fk, cod_cabeceraid_fk, bol_estatusemp,
												   imp_totpercepcion, imp_totdeduccion, imp_totalemp)
                VALUES (rec.cod_empleadoid, cabecera, 't',
					   0.0, 0.0, 0.0);
                contador := contador + 1;
            END LOOP;
            IF (contador > 0) THEN
                bandera := true;
            ELSIF (contador = 0) THEN
                --ROLLBACK;
                bandera := false;
            END IF;
        IF bandera = false THEN
            --devuelve esta bandera
            --RAISE 'entra';
            DELETE FROM sgnom.tsgnomcabecera WHERE cod_cabeceraid = cabecera;
            return bandera;
        END IF;
        --EXCEPTION 
        --WHEN OTHERS THEN 
            --ROLLBACK;
        RETURN bandera;
    END;
$$;


ALTER FUNCTION sgnom.fn_crearnomina(cabecera integer) OWNER TO suite;

--
-- TOC entry 481 (class 1255 OID 46597)
-- Name: fn_dias_laborados(integer, integer); Type: FUNCTION; Schema: sgnom; Owner: suite
--

CREATE FUNCTION sgnom.fn_dias_laborados(empid integer, prmnumquincenacalculo integer) RETURNS integer
    LANGUAGE plpgsql
    AS $$

    DECLARE
    ----variables
    vFechaIngreso DATE;
    vFechaBaja DATE;
    vFechaIQuincena DATE;
    vFechaFQuincena DATE;
    vDiasLaborados INTEGER;
    vFecha1 INTEGER;
    vFecha2 INTEGER;
    vFecha3 INTEGER;
    vFecha1Dia INTEGER;
    vCadenaResultado VARCHAR(500);
    ERR_CODE INTEGER;
    ERR_MSG VARCHAR(250);

    ---cursores
    C11 CURSOR FOR 
        SELECT EMP.fec_ingreso, EMP.fec_salida
        FROM sgnom.tsgnomempleados EMP
        WHERE EMP.cod_empleadoid = empid;

    C12 CURSOR FOR 
        SELECT fec_inicio, fec_fin
        FROM sgnom.tsgnomquincena
        WHERE cod_quincenaid =
                    (SELECT cod_quincenaid
                    FROM sgnom.tsgnomquincena Q
                    INNER JOIN sgnom.tsgnomejercicio E ON Q.cod_ejercicioid_fk = E.cod_ejercicioid
                    WHERE cod_quincenaid = prmNumQuincenaCalculo
                    AND E.cnu_valorejercicio = (
                        SELECT MAX(cnu_valorejercicio)
                        FROM sgnom.tsgnomejercicio EJC
                        INNER JOIN sgnom.tsgnomquincena CQ ON EJC.cod_ejercicioid = CQ.cod_ejercicioid_fk
                        INNER JOIN sgnom.tsgnomcabecera CAB ON CQ.cod_quincenaid = CAB.cod_quincenaid_fk));

    BEGIN
		RAISE INFO 'inicia funcion laborales';
        OPEN C11; RAISE INFO 'inicia C11 laboral';
        LOOP
        FETCH C11 INTO vFechaIngreso, vFechaBaja;
			RAISE INFO 'contenido C11 % , %', vFechaIngreso,vFechaBaja;
            EXIT WHEN not found;
            OPEN C12; RAISE INFO 'inicia C12 laboral';
            LOOP
            FETCH C12 INTO vFechaIQuincena, vFechaFQuincena;
                RAISE INFO 'contenido C12 % , %', vFechaIQuincena,vFechaFQuincena;
                EXIT WHEN not found;
                -- DBMS_OUTPUT.PUT_LINE('vFechaIngreso '||vFechaIngreso||' vFechaBaja '||vFechaBaja||' vFechaIQuincena '||vFechaIQuincena||' vFechaFQuincena '||vFechaFQuincena );
                --Escenario1:trabajo la quincena completa,
                --ya sea porque ya llevaba tiempo trabajando o ingreso en inicio de quiincena
                IF(vFechaIngreso<=vFechaIQuincena AND vFechaBaja IS NULL) THEN
                    vDiasLaborados:= 15;
                --Escenario2:ingreso despues del inicio de la quincena,
                --se toma la fecha fin de la quincea y se le resta la fecha en la que entro,
                ELSIF(vFechaIngreso >vFechaIQuincena AND vFechaBaja IS NULL) THEN
                    vFecha1 :=TO_CHAR(vFechaFQuincena,'YYYYMMDD');
                    vFecha1Dia :=TO_CHAR(vFechaFQuincena,'DD');
                    vFecha2 :=TO_CHAR(vFechaIngreso,'YYYYMMDD');
                    IF(vFecha1!=vFecha2) THEN
                        IF(vFecha1Dia =28) THEN
                            vFecha1 :=vFecha1+2;
                        ELSIF(vFecha1Dia=29) THEN
                            vFecha1 :=vFecha1+1;
                        ELSIF(vFecha1Dia=31) THEN
                            vFecha1 :=vFecha1-1;
                        END IF;
                    END IF;
                    vDiasLaborados:= (vFecha1-vFecha2)+1;
                --Escenario3:se dio de baja antes de que termine la quincena, se toma la fecha de baja y se le resta la fecha de inicio de quincena
                ELSIF(vFechaIngreso<=vFechaIQuincena AND vFechaBaja IS NOT NULL) THEN
                    vFecha1 :=TO_CHAR(vFechaBaja,'YYYYMMDD');
                    vFecha2 :=TO_CHAR(vFechaIQuincena,'YYYYMMDD');
                    vDiasLaborados :=(vFecha1-vFecha2)+1;
                    IF(vDiasLaborados >15) THEN
                        vDiasLaborados :=15;
                    END IF;
                --Escenario4:se dio de alta despues del inicio de la quincena y se dio de baja antes que terminar la quincena,
                --se toma la fecha de baja y se le resta la fecha de ingreso
                ELSIF(vFechaIngreso>vFechaIQuincena AND vFechaBaja IS NOT NULL) THEN
                    vFecha1 :=TO_CHAR(vFechaBaja,'YYYYMMDD');
                    vFecha2 :=TO_CHAR(vFechaIngreso,'YYYYMMDD');
                    vFecha3 :=TO_CHAR(vFechaFQuincena,'YYYYMMDD');
                    vFecha1Dia :=TO_CHAR(vFechaFQuincena,'DD');
                    IF(vFecha1=vFecha3) THEN
                        IF(vFecha1Dia =28) THEN
                            vFecha1 :=vFecha1+2;
                        ELSIF(vFecha1Dia=29) THEN
                            vFecha1 :=vFecha1+1;
                        ELSIF(vFecha1Dia=31) THEN
                            vFecha1 :=vFecha1-1;
                        END IF;
                    END IF;
                    vDiasLaborados := (vFecha1-vFecha2)+1;
                END IF;
                RAISE INFO 'dentro loop laborados %', vDiasLaborados;
            END LOOP;
			RAISE INFO 'fin loop 2';
            CLOSE C12;
        END LOOP;
        RAISE INFO 'fin loop 1';
        CLOSE C11;
        --vCadenaResultado:=TO_CHAR(vDiasLaborados);
        RAISE INFO 'final laborados %', vDiasLaborados;
        --DBMS_OUTPUT.PUT_LINE(vCadenaResultado);
        RETURN vDiasLaborados;
		EXCEPTION
		WHEN NO_DATA_FOUND THEN
			RAISE EXCEPTION '% exp no data found', empid;
			RETURN NULL;
		WHEN OTHERS THEN
			--err_code := SQLCODE;
			--err_msg := SUBSTR(SQLERRM, 1, 200);
			RAISE EXCEPTION '% exp others', empid;
			--SPDERRORES('FN_DIAS_LABORADOS',err_code,err_msg,prmIdEmpleado);
			RETURN NULL;
    END;
$$;


ALTER FUNCTION sgnom.fn_dias_laborados(empid integer, prmnumquincenacalculo integer) OWNER TO suite;

--
-- TOC entry 482 (class 1255 OID 46598)
-- Name: fn_sueldo_base(integer); Type: FUNCTION; Schema: sgnom; Owner: suite
--

CREATE FUNCTION sgnom.fn_sueldo_base(empid integer) RETURNS numeric
    LANGUAGE plpgsql
    AS $$
    DECLARE
    rtSueldoBase numeric;
    BEGIN
        SELECT imp_honorarios 
        INTO rtSueldoBase
        FROM sgnom.tsgnomempleados
        WHERE cod_empleadoid = empid;
        RETURN rtSueldoBase;
    END;
$$;


ALTER FUNCTION sgnom.fn_sueldo_base(empid integer) OWNER TO suite;

--
-- TOC entry 483 (class 1255 OID 46599)
-- Name: incidencias_quincena(); Type: FUNCTION; Schema: sgnom; Owner: postgres
--

CREATE FUNCTION sgnom.incidencias_quincena() RETURNS TABLE(idincidencia integer, clave character varying, incidencia character varying, idtipo character, desc_tipo text, cantidad smallint, actividad character varying, comentarios text, importe numeric, reporta integer, nombre text, perfil character varying, validar boolean)
    LANGUAGE plpgsql
    AS $$
BEGIN 
RETURN QUERY 
SELECT incidencias.cod_incidenciaid idincidencia,
        catincidencias.cod_claveincidencia clave,
        catincidencias.cod_nbincidencia incidencia,
        catincidencias.cod_tipoincidencia idtipo,
        CASE 
            WHEN catincidencias.cod_tipoincidencia='1' THEN
             'HORAS'
            WHEN catincidencias.cod_tipoincidencia='2' THEN
             'DIAS' 
          WHEN catincidencias.cod_tipoincidencia='3' THEN
             'ACTIVIDAD' 
            ELSE
             'NO DATA'
        END desc_tipo,
        incidencias.cnu_cantidad cantidad,
        incidencias.des_actividad actividad,
        incidencias.txt_comentarios comentarios,
        incidencias.imp_monto importe,
        incidencias.cod_empreporta_fk reporta, --Codigo del empleado que reporta (RH)
        CONCAT(rhempleados.des_nombre ||' ', rhempleados.des_nombres ,' ' || rhempleados.des_apepaterno || ' ' || rhempleados.des_apematerno), --Nombre del empleado (RH)
        catincidencias.cod_perfilincidencia perfil, --Perfil del empleado que reporta (Incidencia)
        incidencias.bol_validacion
FROM sgnom.tsgnomincidencia incidencias
JOIN sgnom.tsgnomcatincidencia catincidencias ON incidencias.cod_catincidenciaid_fk = catincidencias.cod_catincidenciaid
JOIN sgnom.tsgnomempleados nomemp ON incidencias.cod_empreporta_fk = nomemp.cod_empleadoid
JOIN sgrh.tsgrhempleados rhempleados ON rhempleados.cod_empleado = nomemp.cod_empleado_fk
WHERE incidencias.cod_quincenaid_fk = (SELECT nomquincena.cod_quincenaid FROM sgnom.tsgnomquincena nomquincena
WHERE nomquincena.fec_inicio <= CURRENT_DATE AND nomquincena.fec_fin >= CURRENT_DATE)AND incidencias.bol_estatus = true 
ORDER BY idincidencia;
END;
$$;


ALTER FUNCTION sgnom.incidencias_quincena() OWNER TO postgres;

--
-- TOC entry 461 (class 1255 OID 46600)
-- Name: infohistorial(integer); Type: FUNCTION; Schema: sgnom; Owner: suite
--

CREATE FUNCTION sgnom.infohistorial(empleado integer) RETURNS TABLE(cod_empleadoid integer, nombre_completo text, area character varying, puesto character varying, sueldo numeric, fec_ingreso date)
    LANGUAGE plpgsql
    AS $$
BEGIN 
RETURN QUERY 
SELECT nomempleados.cod_empleadoid,
    (((rhempleados.des_nombre::text || ' '::text) || rhempleados.des_apepaterno::text) || ' '::text) || rhempleados.des_apematerno::text AS nombre_completo,
    rharea.des_nbarea,
    rhpuestos.des_puesto,
    sum(nomempleados.imp_sueldoimss + nomempleados.imp_honorarios) AS sueldo,
	nomempleados.fec_ingreso
   FROM sgnom.tsgnomempleados nomempleados
     JOIN sgrh.tsgrhempleados rhempleados ON nomempleados.cod_empleado_fk = rhempleados.cod_empleado
     JOIN sgrh.tsgrhareas rharea ON rhempleados.cod_area = rharea.cod_area
     JOIN sgrh.tsgrhpuestos rhpuestos ON rhempleados.cod_puesto = rhpuestos.cod_puesto
  where nomempleados.cod_empleadoid=(empleado)
  GROUP BY nomempleados.cod_empleadoid, ((((rhempleados.des_nombre::text || ' '::text) || rhempleados.des_apepaterno::text) || ' '::text) || rhempleados.des_apematerno::text), rharea.des_nbarea, rhpuestos.des_puesto
  ORDER BY nomempleados.cod_empleadoid;
  END;
$$;


ALTER FUNCTION sgnom.infohistorial(empleado integer) OWNER TO suite;

--
-- TOC entry 475 (class 1255 OID 46601)
-- Name: insertar_incidencia_por_empleado(integer, integer, character varying, text, integer); Type: FUNCTION; Schema: sgnom; Owner: suite
--

CREATE FUNCTION sgnom.insertar_incidencia_por_empleado(incidenciaid integer, cantidad integer, actividad character varying, comentarios text, reporta integer) RETURNS boolean
    LANGUAGE sql
    AS $$

	INSERT INTO sgnom.tsgnomincidencia(
											"cod_incidenciaid",
											"cod_catincidenciaid_fk", 
											"cnu_cantidad", 
											"des_actividad", 
											"txt_comentarios", 
											"cod_empreporta_fk", 
											"bol_estatus", 
											"cod_quincenaid_fk",
											"aud_codcreadopor",
											"aud_feccreacion")
			VALUES (
											NEXTVAL('sgnom.seq_incidencia'::regclass), 
											incidenciaid, 
											cantidad, 
											actividad, 
											comentarios, 
											(SELECT emp.cod_empleadoid
												FROM sgnom.tsgnomempleados emp 
												WHERE emp.cod_empleado_fk = reporta),
											't',
											(SELECT nomquincena.cod_quincenaid 
												FROM sgnom.tsgnomquincena nomquincena
												WHERE nomquincena.fec_inicio <= CURRENT_DATE AND nomquincena.fec_fin >= CURRENT_DATE),
											reporta,
											CURRENT_DATE
								)RETURNING TRUE

$$;


ALTER FUNCTION sgnom.insertar_incidencia_por_empleado(incidenciaid integer, cantidad integer, actividad character varying, comentarios text, reporta integer) OWNER TO suite;

--
-- TOC entry 480 (class 1255 OID 46602)
-- Name: totalimpcab(integer); Type: FUNCTION; Schema: sgnom; Owner: suite
--

CREATE FUNCTION sgnom.totalimpcab(id integer) RETURNS boolean
    LANGUAGE plpgsql
    AS $$
DECLARE
 total numeric(10,2);
 BEGIN
   SELECT (imp_totpercepcion - imp_totdeduccion)
   INTO total
   FROM sgnom.tsgnomcabecera
   WHERE cod_cabeceraid = id;
  UPDATE sgnom.tsgnomcabecera SET imp_totalemp=total
   WHERE cod_cabeceraid = id;
RETURN true;
END;
$$;


ALTER FUNCTION sgnom.totalimpcab(id integer) OWNER TO suite;

--
-- TOC entry 490 (class 1255 OID 49211)
-- Name: validaraltas(); Type: FUNCTION; Schema: sgnom; Owner: postgres
--

CREATE FUNCTION sgnom.validaraltas() RETURNS TABLE(cod_empleadoid integer, nom_empleado text, cod_rfc character varying, des_nbarea character varying, des_puesto character varying, validar boolean)
    LANGUAGE plpgsql COST 10
    AS $$
BEGIN 
RETURN QUERY 
 SELECT nomempleados.cod_empleadoid,
    (((rhempleados.des_nombre::text || ' '::text) || rhempleados.des_apepaterno::text) || ' '::text) || rhempleados.des_apematerno::text AS nom_empleado,
    rhempleados.cod_rfc,
    rharea.des_nbarea,
    rhpuestos.des_puesto,
	nomempleados.des_validacion
   FROM sgnom.tsgnomempleados nomempleados
     JOIN sgrh.tsgrhempleados rhempleados ON nomempleados.cod_empleado_fk = rhempleados.cod_empleado
     JOIN sgrh.tsgrhareas rharea ON rhempleados.cod_area = rharea.cod_area
     JOIN sgrh.tsgrhpuestos rhpuestos ON rhempleados.cod_puesto = rhpuestos.cod_puesto 
 WHERE nomempleados.bol_estatus = true AND nomempleados.des_validacion is null
  GROUP BY nomempleados.cod_empleadoid, ((((rhempleados.des_nombre::text || ' '::text) || rhempleados.des_apepaterno::text) || ' '::text) || rhempleados.des_apematerno::text), rhempleados.cod_rfc, rharea.des_nbarea, rhpuestos.des_puesto
  ORDER BY nomempleados.cod_empleadoid;
END;
$$;


ALTER FUNCTION sgnom.validaraltas() OWNER TO postgres;

--
-- TOC entry 462 (class 1255 OID 46604)
-- Name: verinformaciondepersonal(integer); Type: FUNCTION; Schema: sgnom; Owner: suite
--

CREATE FUNCTION sgnom.verinformaciondepersonal(empleado integer) RETURNS TABLE(cod_empleado integer, fec_ingreso date, des_nombre character varying, des_apepaterno character varying, des_apematerno character varying, des_nbarea character varying, des_puesto character varying, cod_rfc character varying, cod_estadocivil integer, cod_nss character varying, cod_diasvacaciones integer, fec_nacimiento date, des_direccion character varying, des_correo character varying, cod_tipoaguinaldo character, imp_aguinaldo numeric, quincena integer)
    LANGUAGE plpgsql
    AS $$
BEGIN 
RETURN QUERY 
select nomEmpleados.cod_empleadoid,
                nomEmpleados.fec_ingreso,
                rhEmpleados.des_nombre, 
                rhEmpleados.des_apepaterno,
                rhEmpleados.des_apematerno,
                rhArea.des_nbarea,
                rhPuestos.des_puesto,
                rhEmpleados.cod_rfc, 
                rhEmpleados.cod_estadocivil, 
                rhEmpleados.cod_nss, 
                rhEmpleados.cod_diasvacaciones, 
                rhEmpleados.fec_nacimiento,
                rhEmpleados.des_direccion, 
                rhEmpleados.des_correo,
    (select nomAguinaldo.cod_tipoaguinaldo from sgnom.tsgnomalguinaldo as nomAguinaldo
        join sgnom.tsgnomempquincena nomEmpQuincena on nomAguinaldo.cod_empquincenaid_fk=nomEmpQuincena.cod_empquincenaid
        where nomEmpQuincena.cod_empleadoid_fk=(empleado)),
    (select nomAguinaldo.imp_aguinaldo from sgnom.tsgnomalguinaldo as nomAguinaldo
        join sgnom.tsgnomempquincena nomEmpQuincena on nomAguinaldo.cod_empquincenaid_fk=nomEmpQuincena.cod_empquincenaid
        where nomEmpQuincena.cod_empleadoid_fk=(empleado)),
    (SELECT nomquincena.cod_quincenaid 
            FROM sgnom.tsgnomquincena nomquincena
            WHERE nomquincena.fec_inicio < CURRENT_DATE AND nomquincena.fec_fin > CURRENT_DATE) AS "Quincena actual"
from sgnom.tsgnomempleados as nomEmpleados
    join sgrh.tsgrhempleados rhEmpleados on nomEmpleados.cod_empleado_fk = rhEmpleados.cod_empleado
    join sgrh.tsgrhareas rhArea 
        using (cod_area)
    join sgrh.tsgrhpuestos rhPuestos
        using (cod_puesto)
where nomEmpleados.cod_empleadoid=(empleado)
group by nomEmpleados.cod_empleadoid,rhEmpleados.fec_ingreso,
                rhEmpleados.des_nombre, 
                rhEmpleados.des_apepaterno,
                rhEmpleados.des_apematerno,
                rhArea.des_nbarea,
                rhPuestos.des_puesto,
                rhEmpleados.cod_rfc, 
                rhEmpleados.cod_estadocivil, 
                rhEmpleados.cod_nss, 
                rhEmpleados.cod_diasvacaciones, 
                rhEmpleados.fec_nacimiento,
                rhEmpleados.des_direccion, 
                rhEmpleados.des_correo;
END;
$$;


ALTER FUNCTION sgnom.verinformaciondepersonal(empleado integer) OWNER TO suite;

--
-- TOC entry 484 (class 1255 OID 46605)
-- Name: crosstab_report_encuesta(integer); Type: FUNCTION; Schema: sgrh; Owner: postgres
--

CREATE FUNCTION sgrh.crosstab_report_encuesta(integer) RETURNS TABLE(pregunta character varying, resp1 character varying, resp2 character varying, resp3 character varying, resp4 character varying, resp5 character varying)
    LANGUAGE sql
    AS $_$        


            SELECT * FROM crosstab(


                'SELECT p.des_pregunta AS rowid, 


                        cr.cod_ponderacion as attribute, 


                        cr.des_respuesta as value


                FROM sgrh.tsgrhpreguntasenc p


                INNER JOIN sgrh.tsgrhencuesta e ON p.cod_encuesta = e.cod_encuesta


                LEFT JOIN sgrh.tsgrhrespuestasenc r ON p.cod_pregunta = r.cod_pregunta


                LEFT JOIN sgrh.tsgrhcatrespuestas cr ON r.cod_catrespuesta = cr.cod_catrespuesta


                WHERE e.cod_encuesta = ' || $1


			) 


            AS (


                pregunta VARCHAR(200), 


                resp1 VARCHAR(200), 


                resp2 VARCHAR(200), 


                resp3 VARCHAR(200), 


                resp4 VARCHAR(200), 


                resp5 VARCHAR(200)


            );


    $_$;


ALTER FUNCTION sgrh.crosstab_report_encuesta(integer) OWNER TO postgres;

--
-- TOC entry 485 (class 1255 OID 46606)
-- Name: factualizarfecha(); Type: FUNCTION; Schema: sgrh; Owner: postgres
--

CREATE FUNCTION sgrh.factualizarfecha() RETURNS trigger
    LANGUAGE plpgsql
    AS $$


declare begin


	new.fec_modificacion:=current_date;


	return new;





end;


$$;


ALTER FUNCTION sgrh.factualizarfecha() OWNER TO postgres;

--
-- TOC entry 463 (class 1255 OID 46607)
-- Name: buscar_asistentes_minuta(integer); Type: FUNCTION; Schema: sgrt; Owner: postgres
--

CREATE FUNCTION sgrt.buscar_asistentes_minuta(reunionid integer) RETURNS TABLE(nombre_asistente text, area_asistente character varying)
    LANGUAGE sql
    AS $$
	SELECT
	des_nombre as nombre_asistente,
	CONCAT((SELECT area.des_nbarea FROM sgrh.tsgrhempleados emp LEFT JOIN sgrh.tsgrhareas area ON area.cod_area=emp.cod_area WHERE emp.cod_empleado=invitado.cod_empleado),
	des_empresa) as area_asistente
	FROM sgrt.tsgrtinvitados invitado WHERE  invitado.cnu_asiste='1' and invitado.cod_reunion=reunionid;
	$$;


ALTER FUNCTION sgrt.buscar_asistentes_minuta(reunionid integer) OWNER TO postgres;

--
-- TOC entry 464 (class 1255 OID 46608)
-- Name: buscar_compromisos_roles_list(integer); Type: FUNCTION; Schema: sgrt; Owner: postgres
--

CREATE FUNCTION sgrt.buscar_compromisos_roles_list(reunionid integer) RETURNS TABLE(cod_compromiso integer, des_descripcion character varying, cod_estatus sgrt.estatus_compromiso, fec_solicitud text, fec_compromiso text, validador text, verificador text, ejecutor text)
    LANGUAGE plpgsql
    AS $$

	BEGIN
	RETURN QUERY
	select
	CAST(ROW_NUMBER() OVER(ORDER BY (SELECT 1)) as INTEGER) AS cod_compromiso,
	com.des_descripcion,
	com.cod_estatus,
	CAST(to_char(com.fec_solicitud, 'DD/MM/YYYY') as text) as fec_solicitud,
	CAST(to_char(com.fec_compromiso, 'DD/MM/YYYY') as text) as fec_compromiso,
	(select CONCAT(des_nombre, ' ', des_nombres, ' ', des_apepaterno, ' ', des_apematerno) from sgrh.tsgrhempleados where cod_empleado=com.cod_validador) AS validador,
	(select CONCAT(des_nombre, ' ', des_nombres, ' ', des_apepaterno, ' ', des_apematerno) from sgrh.tsgrhempleados where cod_empleado=com.cod_verificador) AS verificador,
	(select CONCAT(des_nombre, ' ', des_nombres, ' ', des_apepaterno, ' ', des_apematerno) from sgrh.tsgrhempleados where cod_empleado=com.cod_ejecutor) AS ejecutor
	from sgrt.tsgrtcompromisos com where com.cod_reunion=reunionid;

	END;
	$$;


ALTER FUNCTION sgrt.buscar_compromisos_roles_list(reunionid integer) OWNER TO postgres;

--
-- TOC entry 465 (class 1255 OID 46609)
-- Name: buscar_minutas_fechas(text, text); Type: FUNCTION; Schema: sgrt; Owner: postgres
--

CREATE FUNCTION sgrt.buscar_minutas_fechas(fecha_inicio text, fecha_fin text) RETURNS TABLE(cod_area integer, des_nbarea character varying, cantidad_minutas integer)
    LANGUAGE sql
    AS $$
	SELECT
	cod_area,
	cod_acronimo as des_nbarea,
	cast((SELECT
	COUNT(*)
	FROM sgrt.tsgrtreuniones reu
	INNER JOIN sgrh.tsgrhempleados emp
	ON reu.cod_responsable=emp.cod_empleado
	INNER JOIN sgrh.tsgrhareas area
	ON emp.cod_area=area.cod_area
	WHERE area.cod_area=a.cod_area and
	reu.fec_fecha >= cast(fecha_inicio as date)
	AND reu.fec_fecha <=  cast(fecha_fin as date)
	) as INTEGER) AS cantidad_minutas
	FROM sgrh.tsgrhareas a
	$$;


ALTER FUNCTION sgrt.buscar_minutas_fechas(fecha_inicio text, fecha_fin text) OWNER TO postgres;

--
-- TOC entry 466 (class 1255 OID 46610)
-- Name: buscar_proxima_reunion(integer); Type: FUNCTION; Schema: sgrt; Owner: postgres
--

CREATE FUNCTION sgrt.buscar_proxima_reunion(reunionid integer, OUT cod_reunion integer, OUT des_nombre_reunion character varying, OUT fec_fecha text, OUT cod_lugar integer, OUT tim_hora character varying, OUT des_nombre_lugar character varying, OUT cod_ciudad integer, OUT des_nbciudad character varying, OUT cod_estadorep_ciudad integer, OUT des_nbestado character varying, OUT cod_estadorep_estado integer) RETURNS SETOF record
    LANGUAGE sql
    AS $$
	  select
	  reunion.cod_reunion,
	  reunion.des_nombre,
	  CAST(to_char(reunion.fec_fecha, 'DD/MM/YYYY')as text) as fec_fecha,
	  reunion.cod_lugar,
	  CAST(reunion.tim_hora as text),
	  lugar.des_nombre,
	  lugar.cod_ciudad,
	ciudad.des_nbciudad,
	ciudad.cod_estadorep,
	estado.des_nbestado,
	estado.cod_estadorep
	from sgrt.tsgrtreuniones reunion inner join sgrt.tsgrtlugares lugar on reunion.cod_lugar=lugar.cod_lugar
	inner join sgrt.tsgrtciudades ciudad on lugar.cod_ciudad=ciudad.cod_ciudad
	inner join sgrt.tsgrtestados estado on ciudad.cod_estadorep=estado.cod_estadorep
	where cod_reunion=(select cod_proximareunion from sgrt.tsgrtreuniones where cod_reunion=reunionId);

	$$;


ALTER FUNCTION sgrt.buscar_proxima_reunion(reunionid integer, OUT cod_reunion integer, OUT des_nombre_reunion character varying, OUT fec_fecha text, OUT cod_lugar integer, OUT tim_hora character varying, OUT des_nombre_lugar character varying, OUT cod_ciudad integer, OUT des_nbciudad character varying, OUT cod_estadorep_ciudad integer, OUT des_nbestado character varying, OUT cod_estadorep_estado integer) OWNER TO postgres;

--
-- TOC entry 467 (class 1255 OID 46611)
-- Name: compromisos_areas_fechas(text, text); Type: FUNCTION; Schema: sgrt; Owner: postgres
--

CREATE FUNCTION sgrt.compromisos_areas_fechas(fecha_inicio text, fecha_fin text) RETURNS TABLE(cod_area integer, des_nbarea character varying, tipo text, num integer)
    LANGUAGE sql
    AS $$
	select
	cod_area,
	cod_acronimo as des_nbarea,
	CAST('Terminado' as text) as tipo,
	cast((SELECT
	COUNT(*)
	FROM sgrt.tsgrtcompromisos reu
	INNER JOIN sgrh.tsgrhempleados emp
	ON reu.cod_ejecutor=emp.cod_empleado
	INNER JOIN sgrh.tsgrhareas area
	ON emp.cod_area=area.cod_area
	WHERE reu.cod_estatus='Terminado' AND
	area.cod_area=a.cod_area AND
	reu.fec_compromiso >= cast(fecha_inicio as date)
	AND reu.fec_compromiso <= cast(fecha_fin as date)
	)as INTEGER) as num
	FROM
	sgrh.tsgrhareas a
	UNION
	select
	cod_area,
	cod_acronimo as des_nbarea,
	CAST('Pendiente' as text) as tipo,
	cast((SELECT
	COUNT(*)
	FROM sgrt.tsgrtcompromisos reu
	INNER JOIN sgrh.tsgrhempleados emp
	ON reu.cod_ejecutor=emp.cod_empleado
	INNER JOIN sgrh.tsgrhareas area
	ON emp.cod_area=area.cod_area
	WHERE reu.cod_estatus='Pendiente' and
	area.cod_area=a.cod_area AND
	reu.fec_compromiso >= cast(fecha_inicio as date)
	AND reu.fec_compromiso <= cast(fecha_fin as date))as INTEGER) as num
	FROM
	sgrh.tsgrhareas a
	$$;


ALTER FUNCTION sgrt.compromisos_areas_fechas(fecha_inicio text, fecha_fin text) OWNER TO postgres;

--
-- TOC entry 468 (class 1255 OID 46612)
-- Name: compromisos_dia(text); Type: FUNCTION; Schema: sgrt; Owner: postgres
--

CREATE FUNCTION sgrt.compromisos_dia(fechacompromiso text) RETURNS TABLE(cod_empleado integer, nombre text, area text, fec_compromiso text, des_descripcion text, cod_estatus text, tiempo_demora integer)
    LANGUAGE sql
    AS $$
	SELECT
	emp.cod_empleado,
	CONCAT(emp.des_nombre, ' ', emp.des_nombres, ' ', emp.des_apepaterno, ' ', emp.des_apematerno) as nombre,
	(SELECT cod_acronimo FROM sgrh.tsgrhareas WHERE cod_area=emp.cod_area) as area,
	cast(to_char(com.fec_compromiso,'DD/MM/YYYY') as text) fec_compromiso,
	com.des_descripcion,
	cast(com.cod_estatus as text),
	cast((select count(the_day) from
	    (select generate_series(com.fec_compromiso+1, com.fec_entrega, '1 day') as the_day) days
	where extract('dow' from the_day) not in (0,6))as INTEGER) as tiempo_demora
	FROM sgrt.tsgrtcompromisos com
	LEFT JOIN sgrh.tsgrhempleados emp ON com.cod_ejecutor=emp.cod_empleado or com.cod_validador=emp.cod_empleado or com.cod_verificador=emp.cod_empleado
	WHERE com.fec_compromiso=cast(fechaCompromiso as date);
	$$;


ALTER FUNCTION sgrt.compromisos_dia(fechacompromiso text) OWNER TO postgres;

--
-- TOC entry 469 (class 1255 OID 46613)
-- Name: compromisos_generales(); Type: FUNCTION; Schema: sgrt; Owner: postgres
--

CREATE FUNCTION sgrt.compromisos_generales() RETURNS TABLE(cod_empleado integer, cod_reunion integer, nombre text, rol text, area text, descripcion text, minuta text, estatus text, fec_registro text, fec_compromiso text, dias_habiles integer, tiempo_demora integer)
    LANGUAGE sql
    AS $$
	SELECT
	emp.cod_empleado,
	reunion.cod_reunion,
	CONCAT(emp.des_nombre, ' ', emp.des_nombres, ' ', emp.des_apepaterno, ' ', emp.des_apematerno) as nombre,
	CAST('Validador' as text) as rol,
	cast(area.cod_acronimo as text) as area,
	cast(com.des_descripcion as text) as descripcion,
	cast(reunion.des_nombre as text) as minuta,
	cast(com.cod_estatus as text)as estatus,
	cast(to_char(com.fec_solicitud,'DD/MM/YYYY') as text) as fec_registro,
	cast(to_char(com.fec_compromiso,'DD/MM/YYYY') as text),
	cast((select count(the_day) from
	    (select generate_series(com.fec_solicitud+1, com.fec_compromiso, '1 day') as the_day) days
	where extract('dow' from the_day) not in (0,6))as INTEGER) as dias_habiles,
	cast((select count(the_day) from
	    (select generate_series(com.fec_compromiso+1, com.fec_entrega, '1 day') as the_day) days
	where extract('dow' from the_day) not in (0,6))as INTEGER) as tiempo_demora
	FROM sgrt.tsgrtcompromisos com
	LEFT JOIN sgrt.tsgrtreuniones reunion ON reunion.cod_reunion=com.cod_reunion
	LEFT JOIN sgrh.tsgrhempleados emp ON emp.cod_empleado=com.cod_validador
	LEFT JOIN sgrh.tsgrhareas area ON area.cod_area=emp.cod_area
	WHERE emp.cod_empleado=com.cod_validador
	UNION
	SELECT
	emp.cod_empleado,
	reunion.cod_reunion,
	CONCAT(emp.des_nombre, ' ', emp.des_nombres, ' ', emp.des_apepaterno, ' ', emp.des_apematerno) as nombre,
	CAST('Verificador' as text) as rol,
	cast(area.cod_acronimo as text) as area,
	cast(com.des_descripcion as text) as descripcion,
	cast(reunion.des_nombre as text) as minuta,
	cast(com.cod_estatus as text)as estatus,
	cast(to_char(com.fec_solicitud,'DD/MM/YYYY') as text) as fec_registro,
	cast(to_char(com.fec_compromiso,'DD/MM/YYYY') as text),
	cast((select count(the_day) from
	    (select generate_series(com.fec_solicitud+1, com.fec_compromiso, '1 day') as the_day) days
	where extract('dow' from the_day) not in (0,6))as INTEGER) as dias_habiles,
	cast((select count(the_day) from
	    (select generate_series(com.fec_compromiso+1, com.fec_entrega, '1 day') as the_day) days
	where extract('dow' from the_day) not in (0,6))as INTEGER) as tiempo_demora
	FROM sgrt.tsgrtcompromisos com
	LEFT JOIN sgrt.tsgrtreuniones reunion ON reunion.cod_reunion=com.cod_reunion
	LEFT JOIN sgrh.tsgrhempleados emp ON emp.cod_empleado=com.cod_verificador
	LEFT JOIN sgrh.tsgrhareas area ON area.cod_area=emp.cod_area
	WHERE emp.cod_empleado=com.cod_verificador
	UNION
	SELECT
	emp.cod_empleado,
	reunion.cod_reunion,
	CONCAT(emp.des_nombre, ' ', emp.des_nombres, ' ', emp.des_apepaterno, ' ', emp.des_apematerno) as nombre,
	CAST('Ejecutor' as text) as rol,
	cast(area.cod_acronimo as text) as area,
	cast(com.des_descripcion as text) as descripcion,
	cast(reunion.des_nombre as text) as minuta,
	cast(com.cod_estatus as text)as estatus,
	cast(to_char(com.fec_solicitud,'DD/MM/YYYY') as text) as fec_registro,
	cast(to_char(com.fec_compromiso,'DD/MM/YYYY') as text),
	cast((select count(the_day) from
	    (select generate_series(com.fec_solicitud+1, com.fec_compromiso, '1 day') as the_day) days
	where extract('dow' from the_day) not in (0,6))as INTEGER) as dias_habiles,
	cast((select count(the_day) from
	    (select generate_series(com.fec_compromiso+1, com.fec_entrega, '1 day') as the_day) days
	where extract('dow' from the_day) not in (0,6))as INTEGER) as tiempo_demora
	FROM sgrt.tsgrtcompromisos com
	LEFT JOIN sgrt.tsgrtreuniones reunion ON reunion.cod_reunion=com.cod_reunion
	LEFT JOIN sgrh.tsgrhempleados emp ON emp.cod_empleado=com.cod_ejecutor
	LEFT JOIN sgrh.tsgrhareas area ON area.cod_area=emp.cod_area
	WHERE emp.cod_empleado=com.cod_ejecutor
	$$;


ALTER FUNCTION sgrt.compromisos_generales() OWNER TO postgres;

--
-- TOC entry 470 (class 1255 OID 46614)
-- Name: reporte_por_tema(integer); Type: FUNCTION; Schema: sgrt; Owner: postgres
--

CREATE FUNCTION sgrt.reporte_por_tema(reunionid integer) RETURNS TABLE(nombre_minuta character varying, responsable text, fecha text, acuerdos integer, pendientes integer, total integer, tiempo_invertido text)
    LANGUAGE plpgsql
    AS $$
	DECLARE
	    var_r record;
	BEGIN
	   FOR var_r IN(SELECT * FROM sgrt.tsgrtreuniones WHERE cod_reunion=reunionId OR cod_proximareunion=reunionId)
	     LOOP
	              RETURN QUERY
			select c.nombre_minuta, c.responsable, c.fecha,a.Acuerdos, b.Pendientes, cast(COALESCE(a.Acuerdos,0)+COALESCE(b.Pendientes,0)as int) AS Total, c.tiempo_invertido from
			(select cast(count(cod_tipocompromiso) as int) as Acuerdos from sgrt.tsgrtcompromisos where cod_tipocompromiso='Acuerdo' and cod_reunion=var_r.cod_reunion) a,
			(select cast(count(cod_tipocompromiso)as int) as Pendientes from sgrt.tsgrtcompromisos where cod_tipocompromiso='Pendiente' and cod_reunion=var_r.cod_reunion) b,
			(select reunion.des_nombre AS nombre_minuta, CONCAT(empleado.des_nombre, ' ', empleado.des_nombres, ' ', empleado.des_apepaterno, ' ', empleado.des_apematerno) AS responsable,
			CAST(to_char(reunion.fec_fecha, 'DD/MM/YYYY') as text) as fecha, CAST(to_char(reunion.tim_duracion,'HH24:MI') as text) as tiempo_invertido from
			sgrt.tsgrtreuniones reunion,
			sgrh.tsgrhempleados empleado
			WHERE reunion.cod_responsable=empleado.cod_empleado and
			cod_reunion=var_r.cod_reunion) c;
	            END LOOP;
	END; $$;


ALTER FUNCTION sgrt.reporte_por_tema(reunionid integer) OWNER TO postgres;

--
-- TOC entry 486 (class 1255 OID 46615)
-- Name: buscar_asignaciones(date); Type: FUNCTION; Schema: sisat; Owner: postgres
--

CREATE FUNCTION sisat.buscar_asignaciones(fec_creacion date) RETURNS TABLE(cliente character varying, fec_inicio date, fec_termino date, nombre character varying, nombres character varying, ap character varying, am character varying, ubicacion_asg character varying, hospedaje character varying, sueldo numeric)
    LANGUAGE plpgsql
    AS $$
BEGIN
RETURN QUERY
select 
cte.des_nbcliente, c.fec_iniciocontra, c. fec_terminocontra, p.des_nombre, p.des_nombres, p.des_appaterno, p.des_apmaterno, cte.des_direccioncte, c.des_lugarhopedaje, c.imp_sueldomensual  
from sisat.tsisatcartaasignacion c
inner join sgrh.tsgrhclientes cte
on c.cod_cliente=cte.cod_cliente
inner join sisat.tsisatprospectos p
on c.cod_prospecto=p.cod_prospecto
WHERE c.fec_iniciocontra=fec_creacion;

END;
$$;


ALTER FUNCTION sisat.buscar_asignaciones(fec_creacion date) OWNER TO postgres;

--
-- TOC entry 487 (class 1255 OID 46616)
-- Name: buscar_asignacionesporanio(integer); Type: FUNCTION; Schema: sisat; Owner: postgres
--

CREATE FUNCTION sisat.buscar_asignacionesporanio(anio integer) RETURNS TABLE(cliente character varying, fec_inicio date, fec_termino date, nombre character varying, nombres character varying, ap character varying, am character varying, ubicacion_asg character varying, hospedaje character varying, sueldo numeric)
    LANGUAGE plpgsql
    AS $$
BEGIN
RETURN QUERY
select 
cte.des_nbcliente, c.fec_iniciocontra, c.fec_terminocontra, p.des_nombre, p.des_nombres, p.des_appaterno, p.des_apmaterno, cte.des_direccioncte, c.des_lugarhopedaje, c.imp_sueldomensual  
from sisat.tsisatcartaasignacion c
inner join sgrh.tsgrhclientes cte
on c.cod_cliente=cte.cod_cliente
inner join sisat.tsisatprospectos p
on c.cod_prospecto=p.cod_prospecto
WHERE extract (year from c.fec_iniciocontra)=anio;
END;
$$;


ALTER FUNCTION sisat.buscar_asignacionesporanio(anio integer) OWNER TO postgres;

--
-- TOC entry 488 (class 1255 OID 46617)
-- Name: buscar_asignacionesporaniomes(integer, integer); Type: FUNCTION; Schema: sisat; Owner: postgres
--

CREATE FUNCTION sisat.buscar_asignacionesporaniomes(anio integer, mes integer) RETURNS TABLE(cliente character varying, fec_inicio date, fec_termino date, nombre character varying, nombres character varying, ap character varying, am character varying, ubicacion_asg character varying, hospedaje character varying, sueldo numeric)
    LANGUAGE plpgsql
    AS $$
BEGIN
RETURN QUERY
select 
cte.des_nbcliente, c.fec_iniciocontra, c.fec_terminocontra, p.des_nombre, p.des_nombres, p.des_appaterno, p.des_apmaterno, cte.des_direccioncte, c.des_lugarhopedaje, c.imp_sueldomensual  
from sisat.tsisatcartaasignacion c
inner join sgrh.tsgrhclientes cte
on c.cod_cliente=cte.cod_cliente
inner join sisat.tsisatprospectos p
on c.cod_prospecto=p.cod_prospecto
WHERE (extract (year from c.fec_iniciocontra)=anio) and (extract (month from c.fec_iniciocontra)=mes);
END;
$$;


ALTER FUNCTION sisat.buscar_asignacionesporaniomes(anio integer, mes integer) OWNER TO postgres;

--
-- TOC entry 489 (class 1255 OID 46618)
-- Name: buscar_carta_detalle_asignacion(integer); Type: FUNCTION; Schema: sisat; Owner: postgres
--

CREATE FUNCTION sisat.buscar_carta_detalle_asignacion(asignacion_cod integer) RETURNS TABLE(cod_asignacion integer, cod_prospecto integer, nombre_completo text, fec_creacion date, des_observacion character varying, des_actividades character varying)
    LANGUAGE plpgsql
    AS $$	
BEGIN 	
RETURN QUERY		
SELECT c.cod_asignacion,p.cod_prospecto, p.des_nombre ||' '|| p.des_appaterno ||' '|| p.des_apmaterno AS Nombre_Completo,
	   c.fec_creacion, c.des_observacion, c.des_actividades 	
FROM sisat.tsisatprospectos p 
inner join sisat.tsisatcartaasignacion c on p.cod_prospecto= c.cod_asignacion
WHERE c.cod_asignacion= asignacion_cod	
GROUP BY c.cod_asignacion,p.cod_prospecto, nombre_completo, c.fec_creacion, c.des_observacion,c.des_actividades 
ORDER BY cod_prospecto  asc;
END;
$$;


ALTER FUNCTION sisat.buscar_carta_detalle_asignacion(asignacion_cod integer) OWNER TO postgres;

SET default_tablespace = '';

SET default_with_oids = false;

--
-- TOC entry 205 (class 1259 OID 46619)
-- Name: rtsueldobase; Type: TABLE; Schema: public; Owner: postgres
--

CREATE TABLE public.rtsueldobase (
    imp_honorarios numeric(10,2)
);


ALTER TABLE public.rtsueldobase OWNER TO postgres;

--
-- TOC entry 206 (class 1259 OID 46622)
-- Name: seq_sistema; Type: SEQUENCE; Schema: sgco; Owner: postgres
--

CREATE SEQUENCE sgco.seq_sistema
    START WITH 1
    INCREMENT BY 1
    NO MINVALUE
    NO MAXVALUE
    CACHE 1;


ALTER TABLE sgco.seq_sistema OWNER TO postgres;

--
-- TOC entry 207 (class 1259 OID 46624)
-- Name: seq_tipousuario; Type: SEQUENCE; Schema: sgco; Owner: postgres
--

CREATE SEQUENCE sgco.seq_tipousuario
    START WITH 1
    INCREMENT BY 1
    NO MINVALUE
    NO MAXVALUE
    CACHE 1;


ALTER TABLE sgco.seq_tipousuario OWNER TO postgres;

--
-- TOC entry 208 (class 1259 OID 46626)
-- Name: seq_usuarios; Type: SEQUENCE; Schema: sgco; Owner: postgres
--

CREATE SEQUENCE sgco.seq_usuarios
    START WITH 1
    INCREMENT BY 1
    NO MINVALUE
    NO MAXVALUE
    CACHE 1;


ALTER TABLE sgco.seq_usuarios OWNER TO postgres;

--
-- TOC entry 209 (class 1259 OID 46628)
-- Name: tsgcosistemas; Type: TABLE; Schema: sgco; Owner: postgres
--

CREATE TABLE sgco.tsgcosistemas (
    cod_sistema integer NOT NULL,
    des_nbsistema character varying(50) NOT NULL,
    des_descripcion character varying(300)
);


ALTER TABLE sgco.tsgcosistemas OWNER TO postgres;

--
-- TOC entry 210 (class 1259 OID 46631)
-- Name: tsgcotipousuario; Type: TABLE; Schema: sgco; Owner: postgres
--

CREATE TABLE sgco.tsgcotipousuario (
    cod_tipousuario integer NOT NULL,
    cod_usuario integer NOT NULL,
    cod_sistema integer NOT NULL,
    cod_rol character varying(35) NOT NULL
);


ALTER TABLE sgco.tsgcotipousuario OWNER TO postgres;

--
-- TOC entry 211 (class 1259 OID 46634)
-- Name: tsgcousuarios; Type: TABLE; Schema: sgco; Owner: postgres
--

CREATE TABLE sgco.tsgcousuarios (
    cod_usuario integer NOT NULL,
    cod_empleado integer NOT NULL,
    des_correo character varying(60) NOT NULL,
    des_contrasenacorreo character varying(50) NOT NULL,
    cod_usuariosistema character varying(30) NOT NULL,
    des_contrasenasistema character varying(30) NOT NULL
);


ALTER TABLE sgco.tsgcousuarios OWNER TO postgres;

--
-- TOC entry 212 (class 1259 OID 46637)
-- Name: seq_cabecera; Type: SEQUENCE; Schema: sgnom; Owner: suite
--

CREATE SEQUENCE sgnom.seq_cabecera
    START WITH 1
    INCREMENT BY 1
    NO MINVALUE
    NO MAXVALUE
    CACHE 1;


ALTER TABLE sgnom.seq_cabecera OWNER TO suite;

--
-- TOC entry 213 (class 1259 OID 46639)
-- Name: seq_empquincena; Type: SEQUENCE; Schema: sgnom; Owner: suite
--

CREATE SEQUENCE sgnom.seq_empquincena
    START WITH 1
    INCREMENT BY 1
    NO MINVALUE
    NO MAXVALUE
    CACHE 1;


ALTER TABLE sgnom.seq_empquincena OWNER TO suite;

--
-- TOC entry 214 (class 1259 OID 46641)
-- Name: seq_incidencia; Type: SEQUENCE; Schema: sgnom; Owner: suite
--

CREATE SEQUENCE sgnom.seq_incidencia
    START WITH 13
    INCREMENT BY 1
    NO MINVALUE
    NO MAXVALUE
    CACHE 1;


ALTER TABLE sgnom.seq_incidencia OWNER TO suite;

--
-- TOC entry 215 (class 1259 OID 46643)
-- Name: tsgnomaguinaldo; Type: TABLE; Schema: sgnom; Owner: suite
--

CREATE TABLE sgnom.tsgnomaguinaldo (
    cod_aguinaldoid integer NOT NULL,
    imp_aguinaldo numeric(10,2) NOT NULL,
    cod_tipoaguinaldo character(1) NOT NULL,
    cod_empquincenaid_fk integer NOT NULL,
    bol_estatus boolean NOT NULL,
    xml_desgloce xml
);


ALTER TABLE sgnom.tsgnomaguinaldo OWNER TO suite;

--
-- TOC entry 4713 (class 0 OID 0)
-- Dependencies: 215
-- Name: TABLE tsgnomaguinaldo; Type: COMMENT; Schema: sgnom; Owner: suite
--

COMMENT ON TABLE sgnom.tsgnomaguinaldo IS 'cod_tipoaguinaldo

(

i = imss,

h = honorarios

)';


--
-- TOC entry 216 (class 1259 OID 46649)
-- Name: tsgnomargumento; Type: TABLE; Schema: sgnom; Owner: suite
--

CREATE TABLE sgnom.tsgnomargumento (
    cod_argumentoid integer NOT NULL,
    cod_nbargumento character varying(30) NOT NULL,
    cod_clavearg character varying(5) NOT NULL,
    imp_valorconst numeric(10,2),
    des_funcionbd character varying(60),
    cod_tipoargumento character(1),
    bol_estatus boolean NOT NULL,
    txt_descripcion text NOT NULL,
    aud_codcreadopor integer NOT NULL,
    aud_codmodificadopor integer,
    aud_feccreacion date NOT NULL,
    aud_fecmodificacion date
);


ALTER TABLE sgnom.tsgnomargumento OWNER TO suite;

--
-- TOC entry 217 (class 1259 OID 46655)
-- Name: tsgnombitacora; Type: TABLE; Schema: sgnom; Owner: suite
--

CREATE TABLE sgnom.tsgnombitacora (
    cod_bitacoraid integer NOT NULL,
    xml_bitacora xml NOT NULL,
    cod_tablaid_fk integer NOT NULL
);


ALTER TABLE sgnom.tsgnombitacora OWNER TO suite;

--
-- TOC entry 218 (class 1259 OID 46661)
-- Name: tsgnomcabecera; Type: TABLE; Schema: sgnom; Owner: suite
--

CREATE TABLE sgnom.tsgnomcabecera (
    cod_cabeceraid integer DEFAULT nextval('sgnom.seq_cabecera'::regclass) NOT NULL,
    cod_nbnomina character varying(40) NOT NULL,
    fec_creacion date NOT NULL,
    fec_ejecucion date,
    fec_cierre date,
    imp_totpercepcion numeric(10,2) NOT NULL,
    imp_totdeduccion numeric(10,2) NOT NULL,
    imp_totalemp numeric(10,2) NOT NULL,
    cod_quincenaid_fk integer NOT NULL,
    cod_tiponominaid_fk integer NOT NULL,
    cod_estatusnomid_fk integer NOT NULL,
    cnu_totalemp integer,
    aud_codcreadopor integer NOT NULL,
    aud_codmodificadopor integer,
    aud_feccreacion date NOT NULL,
    aud_fecmodificacion date
);


ALTER TABLE sgnom.tsgnomcabecera OWNER TO suite;

--
-- TOC entry 219 (class 1259 OID 46665)
-- Name: tsgnomcabeceraht; Type: TABLE; Schema: sgnom; Owner: suite
--

CREATE TABLE sgnom.tsgnomcabeceraht (
    cod_cabeceraid integer NOT NULL,
    cod_nbnomina character varying(40) NOT NULL,
    fec_creacion date NOT NULL,
    fec_ejecucion date,
    fec_cierre date,
    imp_totpercepcion numeric(10,2),
    imp_totdeduccion numeric(10,2),
    imp_totalemp numeric(10,2),
    cod_quincenaid_fk integer NOT NULL,
    cod_tiponominaid_fk integer NOT NULL,
    cod_estatusnomid_fk integer NOT NULL,
    cnu_totalemp integer,
    aud_codcreadopor integer NOT NULL,
    aud_codmodificadopor integer,
    aud_feccreacion date NOT NULL,
    aud_fecmodificacion date
);


ALTER TABLE sgnom.tsgnomcabeceraht OWNER TO suite;

--
-- TOC entry 220 (class 1259 OID 46668)
-- Name: tsgnomcalculo; Type: TABLE; Schema: sgnom; Owner: suite
--

CREATE TABLE sgnom.tsgnomcalculo (
    cod_calculoid integer NOT NULL,
    cod_tpcalculo character varying(25) NOT NULL,
    bol_estatus boolean NOT NULL
);


ALTER TABLE sgnom.tsgnomcalculo OWNER TO suite;

--
-- TOC entry 4719 (class 0 OID 0)
-- Dependencies: 220
-- Name: TABLE tsgnomcalculo; Type: COMMENT; Schema: sgnom; Owner: suite
--

COMMENT ON TABLE sgnom.tsgnomcalculo IS 'bol_estatus

(

activo, inactivo

)';


--
-- TOC entry 221 (class 1259 OID 46671)
-- Name: tsgnomcatincidencia; Type: TABLE; Schema: sgnom; Owner: suite
--

CREATE TABLE sgnom.tsgnomcatincidencia (
    cod_catincidenciaid integer NOT NULL,
    cod_claveincidencia character varying(5) NOT NULL,
    cod_nbincidencia character varying(20),
    cod_perfilincidencia character varying(25),
    bol_estatus boolean,
    cod_tipoincidencia character(1),
    imp_monto numeric(10,2)
);


ALTER TABLE sgnom.tsgnomcatincidencia OWNER TO suite;

--
-- TOC entry 4721 (class 0 OID 0)
-- Dependencies: 221
-- Name: TABLE tsgnomcatincidencia; Type: COMMENT; Schema: sgnom; Owner: suite
--

COMMENT ON TABLE sgnom.tsgnomcatincidencia IS 'cod_tipoincidencia

(

1 = horas

2 = dias

3 = actividad

)';


--
-- TOC entry 222 (class 1259 OID 46674)
-- Name: tsgnomclasificador; Type: TABLE; Schema: sgnom; Owner: suite
--

CREATE TABLE sgnom.tsgnomclasificador (
    cod_clasificadorid integer NOT NULL,
    cod_tpclasificador character varying(20),
    bol_estatus boolean
);


ALTER TABLE sgnom.tsgnomclasificador OWNER TO suite;

--
-- TOC entry 223 (class 1259 OID 46677)
-- Name: tsgnomcncptoquinc; Type: TABLE; Schema: sgnom; Owner: suite
--

CREATE TABLE sgnom.tsgnomcncptoquinc (
    cod_cncptoquincid integer NOT NULL,
    cod_empquincenaid_fk integer NOT NULL,
    cod_conceptoid_fk integer NOT NULL,
    imp_concepto numeric(10,2) NOT NULL,
    imp_gravado numeric(10,2),
    imp_exento numeric(10,2),
    xml_desgloce xml
);


ALTER TABLE sgnom.tsgnomcncptoquinc OWNER TO suite;

--
-- TOC entry 224 (class 1259 OID 46683)
-- Name: tsgnomcncptoquincht; Type: TABLE; Schema: sgnom; Owner: suite
--

CREATE TABLE sgnom.tsgnomcncptoquincht (
    cod_cncptoquinchtid integer NOT NULL,
    cod_empquincenaid_fk integer NOT NULL,
    cod_conceptoid_fk integer NOT NULL,
    imp_concepto numeric(10,2) NOT NULL,
    imp_gravado numeric(10,2),
    imp_exento numeric(10,2),
    xml_desgloce xml
);


ALTER TABLE sgnom.tsgnomcncptoquincht OWNER TO suite;

--
-- TOC entry 225 (class 1259 OID 46689)
-- Name: tsgnomconcepto; Type: TABLE; Schema: sgnom; Owner: suite
--

CREATE TABLE sgnom.tsgnomconcepto (
    cod_conceptoid integer NOT NULL,
    cod_nbconcepto character varying(20) NOT NULL,
    cod_claveconcepto character varying(4) NOT NULL,
    cnu_prioricalculo integer NOT NULL,
    cnu_articulo integer NOT NULL,
    bol_estatus boolean NOT NULL,
    cod_formulaid_fk integer,
    cod_tipoconceptoid_fk integer NOT NULL,
    cod_calculoid_fk integer NOT NULL,
    cod_conceptosatid_fk integer NOT NULL,
    cod_frecuenciapago character varying(20) NOT NULL,
    cod_partidaprep integer NOT NULL,
    cnu_cuentacontable integer NOT NULL,
    cod_gravado character(1),
    cod_excento character(1),
    bol_aplicaisn boolean,
    bol_retroactividad boolean NOT NULL,
    cnu_topeex integer,
    cod_clasificadorid_fk integer NOT NULL,
    cod_tiponominaid_fk integer,
    aud_codcreadopor integer NOT NULL,
    aud_codmodificadopor integer,
    aud_feccreacion date NOT NULL,
    aud_fecmodificacion date
);


ALTER TABLE sgnom.tsgnomconcepto OWNER TO suite;

--
-- TOC entry 4726 (class 0 OID 0)
-- Dependencies: 225
-- Name: TABLE tsgnomconcepto; Type: COMMENT; Schema: sgnom; Owner: suite
--

COMMENT ON TABLE sgnom.tsgnomconcepto IS 'bol_estatus

(

activo, inactivo

)



gravado

(

1 = dias, 

2 = porcentaje, 

3 = no aplica

)



excento

(

activo, inactivo

)





validar tope_ex';


--
-- TOC entry 226 (class 1259 OID 46692)
-- Name: tsgnomconceptosat; Type: TABLE; Schema: sgnom; Owner: suite
--

CREATE TABLE sgnom.tsgnomconceptosat (
    cod_conceptosatid integer NOT NULL,
    des_conceptosat character varying(51) NOT NULL,
    des_descconcepto character varying(51) NOT NULL,
    bol_estatus boolean NOT NULL
);


ALTER TABLE sgnom.tsgnomconceptosat OWNER TO suite;

--
-- TOC entry 4728 (class 0 OID 0)
-- Dependencies: 226
-- Name: TABLE tsgnomconceptosat; Type: COMMENT; Schema: sgnom; Owner: suite
--

COMMENT ON TABLE sgnom.tsgnomconceptosat IS 'bol_estatus

(

activo, inactivo

)';


--
-- TOC entry 227 (class 1259 OID 46695)
-- Name: tsgnomconfpago; Type: TABLE; Schema: sgnom; Owner: suite
--

CREATE TABLE sgnom.tsgnomconfpago (
    cod_confpagoid integer NOT NULL,
    bol_pagoempleado boolean,
    bol_pagorh boolean,
    bol_pagofinanzas boolean,
    cod_empquincenaid_fk integer
);


ALTER TABLE sgnom.tsgnomconfpago OWNER TO suite;

--
-- TOC entry 4730 (class 0 OID 0)
-- Dependencies: 227
-- Name: TABLE tsgnomconfpago; Type: COMMENT; Schema: sgnom; Owner: suite
--

COMMENT ON TABLE sgnom.tsgnomconfpago IS 'bol_pagoempleado

(

confirmado, pendiente 

)



pago_rh

(

autorizado, pendiente

)



pago_fnzas

(

autorizado, pendiente

)';


--
-- TOC entry 228 (class 1259 OID 46698)
-- Name: tsgnomejercicio; Type: TABLE; Schema: sgnom; Owner: suite
--

CREATE TABLE sgnom.tsgnomejercicio (
    cod_ejercicioid integer NOT NULL,
    cnu_valorejercicio integer NOT NULL,
    bol_estatus boolean NOT NULL
);


ALTER TABLE sgnom.tsgnomejercicio OWNER TO suite;

--
-- TOC entry 229 (class 1259 OID 46701)
-- Name: tsgnomempleados; Type: TABLE; Schema: sgnom; Owner: suite
--

CREATE TABLE sgnom.tsgnomempleados (
    cod_empleadoid integer NOT NULL,
    fec_ingreso date NOT NULL,
    fec_salida date,
    bol_estatus boolean NOT NULL,
    cod_empleado_fk integer NOT NULL,
    imp_sueldoimss numeric(10,2),
    imp_honorarios numeric(10,2),
    imp_finiquito numeric(10,2),
    cod_tipoimss character(1),
    cod_tipohonorarios character(1),
    cod_banco character varying(50),
    cod_sucursal integer,
    cod_cuenta character varying(20),
    txt_descripcionbaja text,
    aud_codcreadopor integer NOT NULL,
    aud_feccreacion date NOT NULL,
    aud_codmodificadopor integer,
    aud_fecmodificacion date,
    cod_clabe character varying(18),
    des_validacion boolean
);


ALTER TABLE sgnom.tsgnomempleados OWNER TO suite;

--
-- TOC entry 4733 (class 0 OID 0)
-- Dependencies: 229
-- Name: TABLE tsgnomempleados; Type: COMMENT; Schema: sgnom; Owner: suite
--

COMMENT ON TABLE sgnom.tsgnomempleados IS 'cod_empleado_fk hace referencia al schema sgrh en la tabla tsgrhempleados';


--
-- TOC entry 230 (class 1259 OID 46707)
-- Name: tsgnomempquincena; Type: TABLE; Schema: sgnom; Owner: suite
--

CREATE TABLE sgnom.tsgnomempquincena (
    cod_empquincenaid integer DEFAULT nextval('sgnom.seq_empquincena'::regclass) NOT NULL,
    cod_empleadoid_fk integer NOT NULL,
    cod_cabeceraid_fk integer NOT NULL,
    imp_totpercepcion numeric(10,2) NOT NULL,
    imp_totdeduccion numeric(10,2) NOT NULL,
    imp_totalemp numeric(10,2) NOT NULL,
    bol_estatusemp boolean NOT NULL
);


ALTER TABLE sgnom.tsgnomempquincena OWNER TO suite;

--
-- TOC entry 4735 (class 0 OID 0)
-- Dependencies: 230
-- Name: TABLE tsgnomempquincena; Type: COMMENT; Schema: sgnom; Owner: suite
--

COMMENT ON TABLE sgnom.tsgnomempquincena IS 'bol_estatusemp

(

activo, inactivo

)';


--
-- TOC entry 231 (class 1259 OID 46711)
-- Name: tsgnomempquincenaht; Type: TABLE; Schema: sgnom; Owner: suite
--

CREATE TABLE sgnom.tsgnomempquincenaht (
    cod_empquincenahtid integer NOT NULL,
    cod_empleadoid_fk integer NOT NULL,
    cod_cabeceraid_fk integer NOT NULL,
    imp_totpercepcion numeric(10,2) NOT NULL,
    imp_totdeduccion numeric(10,2) NOT NULL,
    imp_totalemp numeric(10,2) NOT NULL,
    bol_estatusemp boolean NOT NULL
);


ALTER TABLE sgnom.tsgnomempquincenaht OWNER TO suite;

--
-- TOC entry 232 (class 1259 OID 46714)
-- Name: tsgnomestatusnom; Type: TABLE; Schema: sgnom; Owner: suite
--

CREATE TABLE sgnom.tsgnomestatusnom (
    cod_estatusnomid integer NOT NULL,
    cod_estatusnomina character varying(15) NOT NULL,
    bol_estatus boolean NOT NULL
);


ALTER TABLE sgnom.tsgnomestatusnom OWNER TO suite;

--
-- TOC entry 4738 (class 0 OID 0)
-- Dependencies: 232
-- Name: TABLE tsgnomestatusnom; Type: COMMENT; Schema: sgnom; Owner: suite
--

COMMENT ON TABLE sgnom.tsgnomestatusnom IS 'cod_estatusnomid 

estatus

(

abierta,

calculada,

revision,

validada,

cerrada

)



nota: en caso de no ser validada entra en revision y posteriormente calcular nuevamente 

hasta ser validada';


--
-- TOC entry 233 (class 1259 OID 46717)
-- Name: tsgnomformula; Type: TABLE; Schema: sgnom; Owner: suite
--

CREATE TABLE sgnom.tsgnomformula (
    cod_formulaid integer NOT NULL,
    des_nbformula character varying(60) NOT NULL,
    des_formula character varying(250) NOT NULL,
    bol_estatus boolean NOT NULL
);


ALTER TABLE sgnom.tsgnomformula OWNER TO suite;

--
-- TOC entry 4740 (class 0 OID 0)
-- Dependencies: 233
-- Name: TABLE tsgnomformula; Type: COMMENT; Schema: sgnom; Owner: suite
--

COMMENT ON TABLE sgnom.tsgnomformula IS 'bol_estatus

(

activo, inactivo

)';


--
-- TOC entry 234 (class 1259 OID 46720)
-- Name: tsgnomfuncion; Type: TABLE; Schema: sgnom; Owner: suite
--

CREATE TABLE sgnom.tsgnomfuncion (
    cod_funcionid integer NOT NULL,
    cod_nbfuncion character varying(15) NOT NULL,
    bol_estatus boolean NOT NULL
);


ALTER TABLE sgnom.tsgnomfuncion OWNER TO suite;

--
-- TOC entry 235 (class 1259 OID 46723)
-- Name: tsgnomhisttabla; Type: TABLE; Schema: sgnom; Owner: suite
--

CREATE TABLE sgnom.tsgnomhisttabla (
    cod_tablaid integer NOT NULL,
    cod_nbtabla character varying(18) NOT NULL,
    bol_estatus boolean NOT NULL
);


ALTER TABLE sgnom.tsgnomhisttabla OWNER TO suite;

--
-- TOC entry 236 (class 1259 OID 46726)
-- Name: tsgnomincidencia; Type: TABLE; Schema: sgnom; Owner: suite
--

CREATE TABLE sgnom.tsgnomincidencia (
    cod_incidenciaid integer NOT NULL,
    cod_catincidenciaid_fk integer NOT NULL,
    cnu_cantidad smallint,
    des_actividad character varying(100),
    txt_comentarios text,
    cod_empreporta_fk integer,
    cod_empautoriza_fk integer,
    imp_monto numeric(10,2),
    xml_detcantidad xml,
    bol_estatus boolean,
    cod_quincenaid_fk integer NOT NULL,
    bol_validacion boolean,
    fec_validacion date,
    aud_codcreadopor integer NOT NULL,
    aud_feccreacion date NOT NULL,
    aud_codmodificadopor integer,
    aud_fecmodificacion date
);


ALTER TABLE sgnom.tsgnomincidencia OWNER TO suite;

--
-- TOC entry 4744 (class 0 OID 0)
-- Dependencies: 236
-- Name: TABLE tsgnomincidencia; Type: COMMENT; Schema: sgnom; Owner: suite
--

COMMENT ON TABLE sgnom.tsgnomincidencia IS 'bol_estatus: (activo, inactivo) (1, 0)

validacion: (validar, denegar) (1, 0) 



';


--
-- TOC entry 237 (class 1259 OID 46732)
-- Name: tsgnommanterceros; Type: TABLE; Schema: sgnom; Owner: suite
--

CREATE TABLE sgnom.tsgnommanterceros (
    cod_mantercerosid integer NOT NULL,
    cod_conceptoid_fk integer,
    imp_monto numeric(10,2),
    cod_quincenainicio_fk integer,
    cod_quincenafin_fk integer,
    cod_empleadoid_fk integer,
    cod_frecuenciapago character varying(20),
    bol_estatus boolean,
    aud_codcreadopor integer NOT NULL,
    aud_codmodificadopor integer,
    aud_fecreacion date NOT NULL,
    aud_fecmodificacion date
);


ALTER TABLE sgnom.tsgnommanterceros OWNER TO suite;

--
-- TOC entry 238 (class 1259 OID 46735)
-- Name: tsgnomquincena; Type: TABLE; Schema: sgnom; Owner: suite
--

CREATE TABLE sgnom.tsgnomquincena (
    cod_quincenaid integer NOT NULL,
    des_quincena character varying(70) NOT NULL,
    fec_inicio date NOT NULL,
    fec_fin date NOT NULL,
    fec_pago date NOT NULL,
    fec_dispersion date NOT NULL,
    cnu_numquincena integer NOT NULL,
    cod_ejercicioid_fk integer NOT NULL,
    bol_estatus boolean NOT NULL
);


ALTER TABLE sgnom.tsgnomquincena OWNER TO suite;

--
-- TOC entry 239 (class 1259 OID 46738)
-- Name: tsgnomtipoconcepto; Type: TABLE; Schema: sgnom; Owner: suite
--

CREATE TABLE sgnom.tsgnomtipoconcepto (
    cod_tipoconceptoid integer NOT NULL,
    cod_tipoconcepto character varying(25) NOT NULL,
    bol_estatus boolean NOT NULL
);


ALTER TABLE sgnom.tsgnomtipoconcepto OWNER TO suite;

--
-- TOC entry 4748 (class 0 OID 0)
-- Dependencies: 239
-- Name: TABLE tsgnomtipoconcepto; Type: COMMENT; Schema: sgnom; Owner: suite
--

COMMENT ON TABLE sgnom.tsgnomtipoconcepto IS 'bol_estatus

(

activo, inactivo

)';


--
-- TOC entry 240 (class 1259 OID 46741)
-- Name: tsgnomtiponomina; Type: TABLE; Schema: sgnom; Owner: suite
--

CREATE TABLE sgnom.tsgnomtiponomina (
    cod_tiponominaid integer NOT NULL,
    cod_nomina character varying(30) NOT NULL,
    bol_estatus boolean NOT NULL
);


ALTER TABLE sgnom.tsgnomtiponomina OWNER TO suite;

--
-- TOC entry 4750 (class 0 OID 0)
-- Dependencies: 240
-- Name: TABLE tsgnomtiponomina; Type: COMMENT; Schema: sgnom; Owner: suite
--

COMMENT ON TABLE sgnom.tsgnomtiponomina IS 'bol_estatus (activa, inactiva)';


--
-- TOC entry 241 (class 1259 OID 46744)
-- Name: seq_area; Type: SEQUENCE; Schema: sgrh; Owner: postgres
--

CREATE SEQUENCE sgrh.seq_area
    START WITH 1
    INCREMENT BY 1
    NO MINVALUE
    NO MAXVALUE
    CACHE 1;


ALTER TABLE sgrh.seq_area OWNER TO postgres;

--
-- TOC entry 242 (class 1259 OID 46746)
-- Name: seq_capacitaciones; Type: SEQUENCE; Schema: sgrh; Owner: postgres
--

CREATE SEQUENCE sgrh.seq_capacitaciones
    START WITH 1
    INCREMENT BY 1
    NO MINVALUE
    NO MAXVALUE
    CACHE 1;


ALTER TABLE sgrh.seq_capacitaciones OWNER TO postgres;

--
-- TOC entry 243 (class 1259 OID 46748)
-- Name: seq_cartaasignacion; Type: SEQUENCE; Schema: sgrh; Owner: postgres
--

CREATE SEQUENCE sgrh.seq_cartaasignacion
    START WITH 1
    INCREMENT BY 1
    NO MINVALUE
    NO MAXVALUE
    CACHE 1;


ALTER TABLE sgrh.seq_cartaasignacion OWNER TO postgres;

--
-- TOC entry 244 (class 1259 OID 46750)
-- Name: seq_cat_encuesta_participantes; Type: SEQUENCE; Schema: sgrh; Owner: postgres
--

CREATE SEQUENCE sgrh.seq_cat_encuesta_participantes
    START WITH 1
    INCREMENT BY 1
    NO MINVALUE
    NO MAXVALUE
    CACHE 1;


ALTER TABLE sgrh.seq_cat_encuesta_participantes OWNER TO postgres;

--
-- TOC entry 245 (class 1259 OID 46752)
-- Name: seq_catrespuestas; Type: SEQUENCE; Schema: sgrh; Owner: postgres
--

CREATE SEQUENCE sgrh.seq_catrespuestas
    START WITH 1
    INCREMENT BY 1
    NO MINVALUE
    NO MAXVALUE
    CACHE 1;


ALTER TABLE sgrh.seq_catrespuestas OWNER TO postgres;

--
-- TOC entry 246 (class 1259 OID 46754)
-- Name: seq_clientes; Type: SEQUENCE; Schema: sgrh; Owner: postgres
--

CREATE SEQUENCE sgrh.seq_clientes
    START WITH 1
    INCREMENT BY 1
    NO MINVALUE
    NO MAXVALUE
    CACHE 1;


ALTER TABLE sgrh.seq_clientes OWNER TO postgres;

--
-- TOC entry 247 (class 1259 OID 46756)
-- Name: seq_contrataciones; Type: SEQUENCE; Schema: sgrh; Owner: postgres
--

CREATE SEQUENCE sgrh.seq_contrataciones
    START WITH 1
    INCREMENT BY 1
    NO MINVALUE
    NO MAXVALUE
    CACHE 1;


ALTER TABLE sgrh.seq_contrataciones OWNER TO postgres;

--
-- TOC entry 248 (class 1259 OID 46758)
-- Name: seq_contratos; Type: SEQUENCE; Schema: sgrh; Owner: postgres
--

CREATE SEQUENCE sgrh.seq_contratos
    START WITH 1
    INCREMENT BY 1
    NO MINVALUE
    NO MAXVALUE
    CACHE 1;


ALTER TABLE sgrh.seq_contratos OWNER TO postgres;

--
-- TOC entry 249 (class 1259 OID 46760)
-- Name: seq_empleado; Type: SEQUENCE; Schema: sgrh; Owner: postgres
--

CREATE SEQUENCE sgrh.seq_empleado
    START WITH 1
    INCREMENT BY 1
    NO MINVALUE
    NO MAXVALUE
    CACHE 1;


ALTER TABLE sgrh.seq_empleado OWNER TO postgres;

--
-- TOC entry 250 (class 1259 OID 46762)
-- Name: seq_encuestas; Type: SEQUENCE; Schema: sgrh; Owner: postgres
--

CREATE SEQUENCE sgrh.seq_encuestas
    START WITH 1
    INCREMENT BY 1
    NO MINVALUE
    NO MAXVALUE
    CACHE 1;


ALTER TABLE sgrh.seq_encuestas OWNER TO postgres;

--
-- TOC entry 251 (class 1259 OID 46764)
-- Name: seq_escolaridad; Type: SEQUENCE; Schema: sgrh; Owner: postgres
--

CREATE SEQUENCE sgrh.seq_escolaridad
    START WITH 1
    INCREMENT BY 1
    NO MINVALUE
    NO MAXVALUE
    CACHE 1;


ALTER TABLE sgrh.seq_escolaridad OWNER TO postgres;

--
-- TOC entry 252 (class 1259 OID 46766)
-- Name: seq_estatus; Type: SEQUENCE; Schema: sgrh; Owner: postgres
--

CREATE SEQUENCE sgrh.seq_estatus
    START WITH 1
    INCREMENT BY 1
    NO MINVALUE
    NO MAXVALUE
    CACHE 1;


ALTER TABLE sgrh.seq_estatus OWNER TO postgres;

--
-- TOC entry 253 (class 1259 OID 46768)
-- Name: seq_evacapacitacion; Type: SEQUENCE; Schema: sgrh; Owner: postgres
--

CREATE SEQUENCE sgrh.seq_evacapacitacion
    START WITH 1
    INCREMENT BY 1
    NO MINVALUE
    NO MAXVALUE
    CACHE 1;


ALTER TABLE sgrh.seq_evacapacitacion OWNER TO postgres;

--
-- TOC entry 254 (class 1259 OID 46770)
-- Name: seq_evacontestadas; Type: SEQUENCE; Schema: sgrh; Owner: postgres
--

CREATE SEQUENCE sgrh.seq_evacontestadas
    START WITH 1
    INCREMENT BY 1
    NO MINVALUE
    NO MAXVALUE
    CACHE 1;


ALTER TABLE sgrh.seq_evacontestadas OWNER TO postgres;

--
-- TOC entry 255 (class 1259 OID 46772)
-- Name: seq_evaluaciones; Type: SEQUENCE; Schema: sgrh; Owner: postgres
--

CREATE SEQUENCE sgrh.seq_evaluaciones
    START WITH 1
    INCREMENT BY 1
    NO MINVALUE
    NO MAXVALUE
    CACHE 1;


ALTER TABLE sgrh.seq_evaluaciones OWNER TO postgres;

--
-- TOC entry 256 (class 1259 OID 46774)
-- Name: seq_experiencialab; Type: SEQUENCE; Schema: sgrh; Owner: postgres
--

CREATE SEQUENCE sgrh.seq_experiencialab
    START WITH 1
    INCREMENT BY 1
    NO MINVALUE
    NO MAXVALUE
    CACHE 1;


ALTER TABLE sgrh.seq_experiencialab OWNER TO postgres;

--
-- TOC entry 257 (class 1259 OID 46776)
-- Name: seq_factoreseva; Type: SEQUENCE; Schema: sgrh; Owner: postgres
--

CREATE SEQUENCE sgrh.seq_factoreseva
    START WITH 1
    INCREMENT BY 1
    NO MINVALUE
    NO MAXVALUE
    CACHE 1;


ALTER TABLE sgrh.seq_factoreseva OWNER TO postgres;

--
-- TOC entry 258 (class 1259 OID 46778)
-- Name: seq_idiomas; Type: SEQUENCE; Schema: sgrh; Owner: postgres
--

CREATE SEQUENCE sgrh.seq_idiomas
    START WITH 1
    INCREMENT BY 1
    NO MINVALUE
    NO MAXVALUE
    CACHE 1;


ALTER TABLE sgrh.seq_idiomas OWNER TO postgres;

--
-- TOC entry 259 (class 1259 OID 46780)
-- Name: seq_logistica; Type: SEQUENCE; Schema: sgrh; Owner: postgres
--

CREATE SEQUENCE sgrh.seq_logistica
    START WITH 1
    INCREMENT BY 1
    NO MINVALUE
    NO MAXVALUE
    CACHE 1;


ALTER TABLE sgrh.seq_logistica OWNER TO postgres;

--
-- TOC entry 260 (class 1259 OID 46782)
-- Name: seq_lugar; Type: SEQUENCE; Schema: sgrh; Owner: postgres
--

CREATE SEQUENCE sgrh.seq_lugar
    START WITH 1
    INCREMENT BY 1
    NO MINVALUE
    NO MAXVALUE
    CACHE 1;


ALTER TABLE sgrh.seq_lugar OWNER TO postgres;

--
-- TOC entry 261 (class 1259 OID 46784)
-- Name: seq_modo; Type: SEQUENCE; Schema: sgrh; Owner: postgres
--

CREATE SEQUENCE sgrh.seq_modo
    START WITH 1
    INCREMENT BY 1
    NO MINVALUE
    NO MAXVALUE
    CACHE 1;


ALTER TABLE sgrh.seq_modo OWNER TO postgres;

--
-- TOC entry 262 (class 1259 OID 46786)
-- Name: seq_perfiles; Type: SEQUENCE; Schema: sgrh; Owner: postgres
--

CREATE SEQUENCE sgrh.seq_perfiles
    START WITH 1
    INCREMENT BY 1
    NO MINVALUE
    NO MAXVALUE
    CACHE 1;


ALTER TABLE sgrh.seq_perfiles OWNER TO postgres;

--
-- TOC entry 263 (class 1259 OID 46788)
-- Name: seq_plancapacitacion; Type: SEQUENCE; Schema: sgrh; Owner: postgres
--

CREATE SEQUENCE sgrh.seq_plancapacitacion
    START WITH 1
    INCREMENT BY 1
    NO MINVALUE
    NO MAXVALUE
    CACHE 1;


ALTER TABLE sgrh.seq_plancapacitacion OWNER TO postgres;

--
-- TOC entry 264 (class 1259 OID 46790)
-- Name: seq_planesoperativos; Type: SEQUENCE; Schema: sgrh; Owner: postgres
--

CREATE SEQUENCE sgrh.seq_planesoperativos
    START WITH 1
    INCREMENT BY 1
    NO MINVALUE
    NO MAXVALUE
    CACHE 1;


ALTER TABLE sgrh.seq_planesoperativos OWNER TO postgres;

--
-- TOC entry 265 (class 1259 OID 46792)
-- Name: seq_preguntasenc; Type: SEQUENCE; Schema: sgrh; Owner: postgres
--

CREATE SEQUENCE sgrh.seq_preguntasenc
    START WITH 1
    INCREMENT BY 1
    NO MINVALUE
    NO MAXVALUE
    CACHE 1;


ALTER TABLE sgrh.seq_preguntasenc OWNER TO postgres;

--
-- TOC entry 266 (class 1259 OID 46794)
-- Name: seq_preguntaseva; Type: SEQUENCE; Schema: sgrh; Owner: postgres
--

CREATE SEQUENCE sgrh.seq_preguntaseva
    START WITH 1
    INCREMENT BY 1
    NO MINVALUE
    NO MAXVALUE
    CACHE 1;


ALTER TABLE sgrh.seq_preguntaseva OWNER TO postgres;

--
-- TOC entry 267 (class 1259 OID 46796)
-- Name: seq_proceso; Type: SEQUENCE; Schema: sgrh; Owner: postgres
--

CREATE SEQUENCE sgrh.seq_proceso
    START WITH 1
    INCREMENT BY 1
    NO MINVALUE
    NO MAXVALUE
    CACHE 1;


ALTER TABLE sgrh.seq_proceso OWNER TO postgres;

--
-- TOC entry 268 (class 1259 OID 46798)
-- Name: seq_proveedor; Type: SEQUENCE; Schema: sgrh; Owner: postgres
--

CREATE SEQUENCE sgrh.seq_proveedor
    START WITH 1
    INCREMENT BY 1
    NO MINVALUE
    NO MAXVALUE
    CACHE 1;


ALTER TABLE sgrh.seq_proveedor OWNER TO postgres;

--
-- TOC entry 269 (class 1259 OID 46800)
-- Name: seq_puestos; Type: SEQUENCE; Schema: sgrh; Owner: postgres
--

CREATE SEQUENCE sgrh.seq_puestos
    START WITH 1
    INCREMENT BY 1
    NO MINVALUE
    NO MAXVALUE
    CACHE 1;


ALTER TABLE sgrh.seq_puestos OWNER TO postgres;

--
-- TOC entry 270 (class 1259 OID 46802)
-- Name: seq_respuestasenc; Type: SEQUENCE; Schema: sgrh; Owner: postgres
--

CREATE SEQUENCE sgrh.seq_respuestasenc
    START WITH 1
    INCREMENT BY 1
    NO MINVALUE
    NO MAXVALUE
    CACHE 1;


ALTER TABLE sgrh.seq_respuestasenc OWNER TO postgres;

--
-- TOC entry 271 (class 1259 OID 46804)
-- Name: seq_respuestaseva; Type: SEQUENCE; Schema: sgrh; Owner: postgres
--

CREATE SEQUENCE sgrh.seq_respuestaseva
    START WITH 1
    INCREMENT BY 1
    NO MINVALUE
    NO MAXVALUE
    CACHE 1;


ALTER TABLE sgrh.seq_respuestaseva OWNER TO postgres;

--
-- TOC entry 272 (class 1259 OID 46806)
-- Name: seq_revplanesoperativos; Type: SEQUENCE; Schema: sgrh; Owner: postgres
--

CREATE SEQUENCE sgrh.seq_revplanesoperativos
    START WITH 1
    INCREMENT BY 1
    NO MINVALUE
    NO MAXVALUE
    CACHE 1;


ALTER TABLE sgrh.seq_revplanesoperativos OWNER TO postgres;

--
-- TOC entry 273 (class 1259 OID 46808)
-- Name: seq_rolempleado; Type: SEQUENCE; Schema: sgrh; Owner: postgres
--

CREATE SEQUENCE sgrh.seq_rolempleado
    START WITH 1
    INCREMENT BY 1
    NO MINVALUE
    NO MAXVALUE
    CACHE 1;


ALTER TABLE sgrh.seq_rolempleado OWNER TO postgres;

--
-- TOC entry 274 (class 1259 OID 46810)
-- Name: seq_subfactoreseva; Type: SEQUENCE; Schema: sgrh; Owner: postgres
--

CREATE SEQUENCE sgrh.seq_subfactoreseva
    START WITH 1
    INCREMENT BY 1
    NO MINVALUE
    NO MAXVALUE
    CACHE 1;


ALTER TABLE sgrh.seq_subfactoreseva OWNER TO postgres;

--
-- TOC entry 275 (class 1259 OID 46812)
-- Name: seq_tipocapacitacion; Type: SEQUENCE; Schema: sgrh; Owner: postgres
--

CREATE SEQUENCE sgrh.seq_tipocapacitacion
    START WITH 1
    INCREMENT BY 1
    NO MINVALUE
    NO MAXVALUE
    CACHE 1;


ALTER TABLE sgrh.seq_tipocapacitacion OWNER TO postgres;

--
-- TOC entry 276 (class 1259 OID 46814)
-- Name: seq_validaevaluaciones; Type: SEQUENCE; Schema: sgrh; Owner: postgres
--

CREATE SEQUENCE sgrh.seq_validaevaluaciones
    START WITH 1
    INCREMENT BY 1
    NO MINVALUE
    NO MAXVALUE
    CACHE 1;


ALTER TABLE sgrh.seq_validaevaluaciones OWNER TO postgres;

--
-- TOC entry 277 (class 1259 OID 46816)
-- Name: tsgrhareas; Type: TABLE; Schema: sgrh; Owner: postgres
--

CREATE TABLE sgrh.tsgrhareas (
    cod_area integer DEFAULT nextval('sgrh.seq_area'::regclass) NOT NULL,
    des_nbarea character varying(50) NOT NULL,
    cod_acronimo character varying(5) NOT NULL,
    cnu_activo boolean NOT NULL,
    cod_sistemasuite integer,
    cod_creadopor integer,
    cod_modificadopor integer,
    fec_creacion date,
    fec_modificacion date
);


ALTER TABLE sgrh.tsgrhareas OWNER TO postgres;

--
-- TOC entry 278 (class 1259 OID 46820)
-- Name: tsgrhasignacionesemp; Type: TABLE; Schema: sgrh; Owner: postgres
--

CREATE TABLE sgrh.tsgrhasignacionesemp (
    cod_asignacion integer NOT NULL,
    cod_empleado integer NOT NULL,
    cod_puesto integer NOT NULL,
    cod_asignadopor integer NOT NULL,
    cod_modificadopor integer,
    status character varying(10) NOT NULL,
    fec_creacion date NOT NULL,
    fec_modificacion date
);


ALTER TABLE sgrh.tsgrhasignacionesemp OWNER TO postgres;

--
-- TOC entry 279 (class 1259 OID 46823)
-- Name: tsgrhcapacitaciones; Type: TABLE; Schema: sgrh; Owner: postgres
--

CREATE TABLE sgrh.tsgrhcapacitaciones (
    cod_capacitacion integer DEFAULT nextval('sgrh.seq_capacitaciones'::regclass) NOT NULL,
    cod_empleado integer NOT NULL,
    cod_tipocurso character varying(40) NOT NULL,
    des_nbcurso character varying(50) NOT NULL,
    des_organismo character varying(50) NOT NULL,
    fec_termino date NOT NULL,
    des_duracion character varying(40) NOT NULL,
    bin_documento bytea
);


ALTER TABLE sgrh.tsgrhcapacitaciones OWNER TO postgres;

--
-- TOC entry 280 (class 1259 OID 46830)
-- Name: tsgrhcartaasignacion; Type: TABLE; Schema: sgrh; Owner: postgres
--

CREATE TABLE sgrh.tsgrhcartaasignacion (
    cod_asignacion integer DEFAULT nextval('sgrh.seq_cartaasignacion'::regclass) NOT NULL,
    cod_empleado integer NOT NULL,
    cod_perfil integer NOT NULL,
    des_actividades character varying(200),
    des_lugarsalida character varying(100),
    des_lugarllegada character varying(100),
    fec_salida date,
    fec_llegada date,
    cod_transporte character varying(20),
    des_lugarhopedaje character varying(60),
    fec_hospedaje date,
    des_computadora character varying(150),
    cod_telefono character varying(16),
    des_accesorios character varying(150),
    des_nbresponsable character varying(50),
    des_nbpuesto character varying(50),
    des_lugarresp character varying(100),
    cod_telefonoresp character varying(16),
    tim_horario time without time zone,
    fec_iniciocontra date,
    fec_terminocontra date,
    imp_sueldomensual numeric(6,2),
    imp_nominaimss numeric(6,2),
    imp_honorarios numeric(6,2),
    imp_otros numeric(6,2),
    cod_rfc character varying(13),
    des_razonsocial character varying(45),
    des_correo character varying(50),
    cod_cpostal integer,
    des_direccionfact character varying(200),
    cod_cliente integer NOT NULL,
    cod_gpy integer,
    cod_rhta integer,
    cod_ape integer,
    cod_rys integer,
    cod_creadopor integer NOT NULL,
    cod_modificadopor integer NOT NULL,
    fec_creacion date DEFAULT CURRENT_DATE NOT NULL,
    fec_modificacion date DEFAULT CURRENT_DATE NOT NULL
);


ALTER TABLE sgrh.tsgrhcartaasignacion OWNER TO postgres;

--
-- TOC entry 281 (class 1259 OID 46839)
-- Name: tsgrhcatrespuestas; Type: TABLE; Schema: sgrh; Owner: postgres
--

CREATE TABLE sgrh.tsgrhcatrespuestas (
    cod_catrespuesta integer DEFAULT nextval('sgrh.seq_catrespuestas'::regclass) NOT NULL,
    des_respuesta character varying(100) NOT NULL,
    cod_ponderacion integer NOT NULL
);


ALTER TABLE sgrh.tsgrhcatrespuestas OWNER TO postgres;

--
-- TOC entry 282 (class 1259 OID 46843)
-- Name: tsgrhclientes; Type: TABLE; Schema: sgrh; Owner: postgres
--

CREATE TABLE sgrh.tsgrhclientes (
    cod_cliente integer DEFAULT nextval('sgrh.seq_clientes'::regclass) NOT NULL,
    des_nbcliente character varying(90),
    des_direccioncte character varying(150) NOT NULL,
    des_nbcontactocte character varying(70) NOT NULL,
    des_correocte character varying(50) NOT NULL,
    cod_telefonocte character varying(16) DEFAULT NULL::character varying
);


ALTER TABLE sgrh.tsgrhclientes OWNER TO postgres;

--
-- TOC entry 283 (class 1259 OID 46848)
-- Name: tsgrhcontrataciones; Type: TABLE; Schema: sgrh; Owner: postgres
--

CREATE TABLE sgrh.tsgrhcontrataciones (
    cod_contratacion integer DEFAULT nextval('sgrh.seq_contrataciones'::regclass) NOT NULL,
    fec_inicio date NOT NULL,
    fec_termino date,
    des_esquema character varying(30) NOT NULL,
    cod_salarioestmin numeric(6,2) NOT NULL,
    cod_salarioestmax numeric(6,2),
    tim_jornada time without time zone,
    cod_creadopor integer NOT NULL,
    cod_modificadopor integer NOT NULL,
    fec_creacion date DEFAULT CURRENT_DATE NOT NULL,
    fec_modificacion date DEFAULT CURRENT_DATE NOT NULL
);


ALTER TABLE sgrh.tsgrhcontrataciones OWNER TO postgres;

--
-- TOC entry 284 (class 1259 OID 46854)
-- Name: tsgrhcontratos; Type: TABLE; Schema: sgrh; Owner: postgres
--

CREATE TABLE sgrh.tsgrhcontratos (
    cod_contrato integer DEFAULT nextval('sgrh.seq_contratos'::regclass) NOT NULL,
    des_nbconsultor character varying(45) NOT NULL,
    des_appaterno character varying(45) NOT NULL,
    des_apmaterno character varying(45) NOT NULL,
    cod_creadopor integer NOT NULL,
    cod_modificadopor integer NOT NULL,
    fec_creacion date DEFAULT CURRENT_DATE NOT NULL,
    fec_modificacion date DEFAULT CURRENT_DATE NOT NULL
);


ALTER TABLE sgrh.tsgrhcontratos OWNER TO postgres;

--
-- TOC entry 285 (class 1259 OID 46860)
-- Name: tsgrhempleados; Type: TABLE; Schema: sgrh; Owner: postgres
--

CREATE TABLE sgrh.tsgrhempleados (
    cod_empleado integer DEFAULT nextval('sgrh.seq_empleado'::regclass) NOT NULL,
    des_nombre character varying(45) NOT NULL,
    des_nombres character varying(60),
    des_apepaterno character varying(40) NOT NULL,
    des_apematerno character varying(40),
    des_direccion character varying(150) NOT NULL,
    fec_nacimiento date NOT NULL,
    des_lugarnacimiento character varying(50) NOT NULL,
    cod_edad integer NOT NULL,
    des_correo character varying(50),
    cod_tiposangre character varying(5) NOT NULL,
    cod_telefonocasa character varying(16),
    cod_telefonocelular character varying(16),
    cod_telemergencia character varying(16),
    bin_identificacion bytea,
    bin_pasaporte bytea,
    bin_visa bytea,
    cod_licenciamanejo character varying(20),
    fec_ingreso date NOT NULL,
    cod_rfc character varying(13),
    cod_nss character varying(20),
    cod_curp character varying(18) NOT NULL,
    bin_foto bytea,
    cod_tipofoto character varying(30),
    cod_extensionfoto character varying(5),
    cod_empleadoactivo boolean,
    cod_estatusempleado integer NOT NULL,
    cod_estadocivil integer NOT NULL,
    cod_rol integer,
    cod_puesto integer,
    cod_diasvacaciones integer,
    cod_sistemasuite integer,
    fec_creacion date DEFAULT CURRENT_DATE NOT NULL,
    fec_modificacion date DEFAULT CURRENT_DATE NOT NULL,
    cod_creadopor integer,
    cod_modificadopor integer,
    cod_area integer NOT NULL
);


ALTER TABLE sgrh.tsgrhempleados OWNER TO postgres;

--
-- TOC entry 286 (class 1259 OID 46869)
-- Name: tsgrhencuesta; Type: TABLE; Schema: sgrh; Owner: postgres
--

CREATE TABLE sgrh.tsgrhencuesta (
    cod_encuesta integer DEFAULT nextval('sgrh.seq_encuestas'::regclass) NOT NULL,
    des_nbencuesta character varying(50) NOT NULL,
    cod_edoencuesta character varying(20) NOT NULL,
    fec_fechaencuesta date NOT NULL,
    cod_lugar integer NOT NULL,
    tim_duracion time without time zone,
    des_elementosvalidar character varying(200),
    des_defectos character varying(200),
    des_introduccion character varying(200),
    cod_aceptado boolean,
    cod_edoeliminar boolean,
    cod_creadopor integer NOT NULL,
    cod_modificadopor integer NOT NULL,
    fec_creacion date DEFAULT CURRENT_DATE NOT NULL,
    fec_modificacion date DEFAULT CURRENT_DATE NOT NULL,
    cod_area integer NOT NULL,
    CONSTRAINT tsgrhencuesta_cod_edoencuesta_check CHECK (((cod_edoencuesta)::text = ANY (ARRAY[('En Proceso'::character varying)::text, ('Corregido'::character varying)::text, ('Aceptado'::character varying)::text])))
);


ALTER TABLE sgrh.tsgrhencuesta OWNER TO postgres;

--
-- TOC entry 287 (class 1259 OID 46879)
-- Name: tsgrhencuesta_participantes; Type: TABLE; Schema: sgrh; Owner: postgres
--

CREATE TABLE sgrh.tsgrhencuesta_participantes (
    cod_participantenc integer DEFAULT nextval('sgrh.seq_cat_encuesta_participantes'::regclass) NOT NULL,
    cod_empleado integer NOT NULL,
    cod_encuesta integer NOT NULL,
    cod_pregunta integer NOT NULL,
    cod_respuesta integer,
    respuesta_abierta text
);


ALTER TABLE sgrh.tsgrhencuesta_participantes OWNER TO postgres;

--
-- TOC entry 288 (class 1259 OID 46886)
-- Name: tsgrhescolaridad; Type: TABLE; Schema: sgrh; Owner: postgres
--

CREATE TABLE sgrh.tsgrhescolaridad (
    cod_escolaridad integer DEFAULT nextval('sgrh.seq_escolaridad'::regclass) NOT NULL,
    cod_empleado integer NOT NULL,
    des_nbinstitucion character varying(70) NOT NULL,
    des_nivelestudios character varying(30) NOT NULL,
    cod_titulo boolean NOT NULL,
    fec_inicio date NOT NULL,
    fec_termino date NOT NULL,
    bin_titulo bytea
);


ALTER TABLE sgrh.tsgrhescolaridad OWNER TO postgres;

--
-- TOC entry 289 (class 1259 OID 46893)
-- Name: tsgrhestatuscapacitacion; Type: TABLE; Schema: sgrh; Owner: postgres
--

CREATE TABLE sgrh.tsgrhestatuscapacitacion (
    cod_estatus integer DEFAULT nextval('sgrh.seq_estatus'::regclass) NOT NULL,
    des_estatus character varying(50) NOT NULL,
    aud_feccreacion date NOT NULL,
    aud_fecmodificacion date,
    aud_creadopor integer NOT NULL,
    aud_modificadopor integer
);


ALTER TABLE sgrh.tsgrhestatuscapacitacion OWNER TO postgres;

--
-- TOC entry 290 (class 1259 OID 46897)
-- Name: tsgrhevacapacitacion; Type: TABLE; Schema: sgrh; Owner: postgres
--

CREATE TABLE sgrh.tsgrhevacapacitacion (
    cod_evacapacitacion integer DEFAULT nextval('sgrh.seq_evacapacitacion'::regclass) NOT NULL,
    cod_plancapacitacion integer NOT NULL,
    cod_empleado integer,
    des_estado character varying(50) NOT NULL,
    des_evaluacion character varying(50),
    auf_feccreacion date NOT NULL,
    aud_fecmodificacion date,
    aud_creadopor integer NOT NULL,
    aud_modificadopor integer NOT NULL
);


ALTER TABLE sgrh.tsgrhevacapacitacion OWNER TO postgres;

--
-- TOC entry 291 (class 1259 OID 46901)
-- Name: tsgrhevacontestadas; Type: TABLE; Schema: sgrh; Owner: postgres
--

CREATE TABLE sgrh.tsgrhevacontestadas (
    cod_evacontestada integer DEFAULT nextval('sgrh.seq_evacontestadas'::regclass) NOT NULL,
    cod_evaluacion integer NOT NULL,
    cod_evaluador integer NOT NULL,
    cod_evaluado integer NOT NULL,
    cod_total integer NOT NULL,
    bin_reporte bytea
);


ALTER TABLE sgrh.tsgrhevacontestadas OWNER TO postgres;

--
-- TOC entry 292 (class 1259 OID 46908)
-- Name: tsgrhevaluaciones; Type: TABLE; Schema: sgrh; Owner: postgres
--

CREATE TABLE sgrh.tsgrhevaluaciones (
    cod_evaluacion integer DEFAULT nextval('sgrh.seq_evaluaciones'::regclass) NOT NULL,
    des_nbevaluacion character varying(60) NOT NULL,
    cod_creadopor integer NOT NULL,
    cod_modificadopor integer NOT NULL,
    fec_creacion date DEFAULT CURRENT_DATE NOT NULL,
    fec_modificacion date DEFAULT CURRENT_DATE NOT NULL,
    des_edoevaluacion character varying(30) DEFAULT '--'::character varying,
    cod_edoeliminar boolean,
    CONSTRAINT tsgrhevaluaciones_des_edoevaluacion_check CHECK (((des_edoevaluacion)::text = ANY (ARRAY[('--'::character varying)::text, ('En Proceso'::character varying)::text, ('Corregido'::character varying)::text, ('Aceptado'::character varying)::text])))
);


ALTER TABLE sgrh.tsgrhevaluaciones OWNER TO postgres;

--
-- TOC entry 293 (class 1259 OID 46916)
-- Name: tsgrhexperienciaslaborales; Type: TABLE; Schema: sgrh; Owner: postgres
--

CREATE TABLE sgrh.tsgrhexperienciaslaborales (
    cod_experiencia integer DEFAULT nextval('sgrh.seq_experiencialab'::regclass) NOT NULL,
    cod_empleado integer NOT NULL,
    des_nbempresa character varying(50) NOT NULL,
    des_nbpuesto character varying(50) NOT NULL,
    fec_inicio date NOT NULL,
    fec_termino date NOT NULL,
    txt_actividades text NOT NULL,
    des_ubicacion character varying(70),
    des_nbcliente character varying(70),
    des_proyecto character varying(70),
    txt_logros character varying(300)
);


ALTER TABLE sgrh.tsgrhexperienciaslaborales OWNER TO postgres;

--
-- TOC entry 294 (class 1259 OID 46923)
-- Name: tsgrhfactoreseva; Type: TABLE; Schema: sgrh; Owner: postgres
--

CREATE TABLE sgrh.tsgrhfactoreseva (
    cod_factor integer DEFAULT nextval('sgrh.seq_factoreseva'::regclass) NOT NULL,
    des_nbfactor character varying(60) NOT NULL,
    cod_edoeliminar boolean NOT NULL
);


ALTER TABLE sgrh.tsgrhfactoreseva OWNER TO postgres;

--
-- TOC entry 295 (class 1259 OID 46927)
-- Name: tsgrhidiomas; Type: TABLE; Schema: sgrh; Owner: postgres
--

CREATE TABLE sgrh.tsgrhidiomas (
    cod_idioma integer DEFAULT nextval('sgrh.seq_idiomas'::regclass) NOT NULL,
    des_nbidioma character varying(45) NOT NULL,
    por_dominiooral integer,
    por_dominioescrito integer,
    cod_empleado integer
);


ALTER TABLE sgrh.tsgrhidiomas OWNER TO postgres;

--
-- TOC entry 296 (class 1259 OID 46931)
-- Name: tsgrhlogistica; Type: TABLE; Schema: sgrh; Owner: postgres
--

CREATE TABLE sgrh.tsgrhlogistica (
    cod_logistica integer DEFAULT nextval('sgrh.seq_logistica'::regclass) NOT NULL,
    tim_horario integer NOT NULL,
    des_requerimientos character varying(200),
    fec_fecinicio date NOT NULL,
    fec_termino date NOT NULL,
    cod_capacitacion integer NOT NULL,
    aud_feccreacion date NOT NULL,
    aud_fecmodificacion date NOT NULL,
    aud_creadopor integer NOT NULL,
    aud_modificadopor integer NOT NULL
);


ALTER TABLE sgrh.tsgrhlogistica OWNER TO postgres;

--
-- TOC entry 297 (class 1259 OID 46935)
-- Name: tsgrhlugares; Type: TABLE; Schema: sgrh; Owner: postgres
--

CREATE TABLE sgrh.tsgrhlugares (
    cod_lugar integer DEFAULT nextval('sgrh.seq_lugar'::regclass) NOT NULL,
    des_lugar character varying(50) NOT NULL,
    aud_feccreacion date NOT NULL,
    aud_fecmodificacion date,
    aud_creadopor integer NOT NULL,
    aud_modificadopor integer
);


ALTER TABLE sgrh.tsgrhlugares OWNER TO postgres;

--
-- TOC entry 298 (class 1259 OID 46939)
-- Name: tsgrhmodo; Type: TABLE; Schema: sgrh; Owner: postgres
--

CREATE TABLE sgrh.tsgrhmodo (
    cod_modo integer DEFAULT nextval('sgrh.seq_modo'::regclass) NOT NULL,
    des_nbmodo character varying(50) NOT NULL,
    aud_feccreacion date NOT NULL,
    aud_fecmodificacion date,
    aud_creadopor integer NOT NULL,
    aud_modificadopor integer
);


ALTER TABLE sgrh.tsgrhmodo OWNER TO postgres;

--
-- TOC entry 299 (class 1259 OID 46943)
-- Name: tsgrhperfiles; Type: TABLE; Schema: sgrh; Owner: postgres
--

CREATE TABLE sgrh.tsgrhperfiles (
    cod_perfil integer DEFAULT nextval('sgrh.seq_perfiles'::regclass) NOT NULL,
    des_perfil character varying(100) NOT NULL
);


ALTER TABLE sgrh.tsgrhperfiles OWNER TO postgres;

--
-- TOC entry 300 (class 1259 OID 46947)
-- Name: tsgrhplancapacitacion; Type: TABLE; Schema: sgrh; Owner: postgres
--

CREATE TABLE sgrh.tsgrhplancapacitacion (
    cod_plancapacitacion integer DEFAULT nextval('sgrh.seq_plancapacitacion'::regclass) NOT NULL,
    des_nombre character varying(50) NOT NULL,
    cod_modo integer NOT NULL,
    cod_tipocapacitacion integer NOT NULL,
    des_criterios character varying(200) NOT NULL,
    cod_proceso integer NOT NULL,
    des_instructor character varying(50) NOT NULL,
    cod_proveedor integer NOT NULL,
    cod_estatus integer NOT NULL,
    des_comentarios character varying(200),
    des_evaluacion character varying(50),
    cod_lugar integer NOT NULL,
    aud_feccreacion date NOT NULL,
    aud_fecmodificacion date NOT NULL,
    aud_creadopor integer NOT NULL,
    aud_modificadopor integer NOT NULL
);


ALTER TABLE sgrh.tsgrhplancapacitacion OWNER TO postgres;

--
-- TOC entry 301 (class 1259 OID 46954)
-- Name: tsgrhplanoperativo; Type: TABLE; Schema: sgrh; Owner: postgres
--

CREATE TABLE sgrh.tsgrhplanoperativo (
    cod_planoperativo integer DEFAULT nextval('sgrh.seq_planesoperativos'::regclass) NOT NULL,
    des_nbplan character varying(100) NOT NULL,
    cod_version character varying(5) NOT NULL,
    cod_anio integer NOT NULL,
    cod_estatus character varying(20) NOT NULL,
    bin_planoperativo bytea,
    cod_creadopor integer NOT NULL,
    cod_modificadopor integer NOT NULL,
    fec_creacion date DEFAULT CURRENT_DATE NOT NULL,
    fec_modificacion date DEFAULT CURRENT_DATE NOT NULL
);


ALTER TABLE sgrh.tsgrhplanoperativo OWNER TO postgres;

--
-- TOC entry 302 (class 1259 OID 46963)
-- Name: tsgrhpreguntasenc; Type: TABLE; Schema: sgrh; Owner: postgres
--

CREATE TABLE sgrh.tsgrhpreguntasenc (
    cod_pregunta integer DEFAULT nextval('sgrh.seq_preguntasenc'::regclass) NOT NULL,
    des_pregunta character varying(200) NOT NULL,
    cod_tipopregunta boolean,
    cod_edoeliminar boolean,
    cod_encuesta integer NOT NULL
);


ALTER TABLE sgrh.tsgrhpreguntasenc OWNER TO postgres;

--
-- TOC entry 303 (class 1259 OID 46967)
-- Name: tsgrhpreguntaseva; Type: TABLE; Schema: sgrh; Owner: postgres
--

CREATE TABLE sgrh.tsgrhpreguntaseva (
    cod_pregunta integer DEFAULT nextval('sgrh.seq_preguntaseva'::regclass) NOT NULL,
    des_pregunta character varying(100) NOT NULL,
    cod_edoeliminar boolean NOT NULL,
    cod_evaluacion integer NOT NULL,
    cod_subfactor integer NOT NULL
);


ALTER TABLE sgrh.tsgrhpreguntaseva OWNER TO postgres;

--
-- TOC entry 304 (class 1259 OID 46971)
-- Name: tsgrhprocesos; Type: TABLE; Schema: sgrh; Owner: postgres
--

CREATE TABLE sgrh.tsgrhprocesos (
    cod_proceso integer DEFAULT nextval('sgrh.seq_proceso'::regclass) NOT NULL,
    des_nbproceso character varying(50) NOT NULL,
    aud_feccreacion date NOT NULL,
    aud_fecmodificacion date,
    aud_creadopor integer NOT NULL,
    aud_modificadopor integer
);


ALTER TABLE sgrh.tsgrhprocesos OWNER TO postgres;

--
-- TOC entry 305 (class 1259 OID 46975)
-- Name: tsgrhproveedores; Type: TABLE; Schema: sgrh; Owner: postgres
--

CREATE TABLE sgrh.tsgrhproveedores (
    cod_proveedor integer DEFAULT nextval('sgrh.seq_proveedor'::regclass) NOT NULL,
    des_nbproveedor character varying(50) NOT NULL,
    aud_feccreacion date NOT NULL,
    aud_fecmodificacion date,
    aud_creadopor integer NOT NULL,
    aud_modificadopor integer
);


ALTER TABLE sgrh.tsgrhproveedores OWNER TO postgres;

--
-- TOC entry 306 (class 1259 OID 46979)
-- Name: tsgrhpuestos; Type: TABLE; Schema: sgrh; Owner: postgres
--

CREATE TABLE sgrh.tsgrhpuestos (
    cod_puesto integer DEFAULT nextval('sgrh.seq_puestos'::regclass) NOT NULL,
    des_puesto character varying(100) NOT NULL,
    cod_area integer NOT NULL,
    cod_acronimo character varying(5)
);


ALTER TABLE sgrh.tsgrhpuestos OWNER TO postgres;

--
-- TOC entry 307 (class 1259 OID 46983)
-- Name: tsgrhrelacionroles; Type: TABLE; Schema: sgrh; Owner: postgres
--

CREATE TABLE sgrh.tsgrhrelacionroles (
    cod_plancapacitacion integer NOT NULL,
    cod_rolempleado integer NOT NULL,
    aud_feccreacion date NOT NULL,
    aud_fecmodificacion date,
    aud_creadopor integer NOT NULL,
    aud_modificadopor integer
);


ALTER TABLE sgrh.tsgrhrelacionroles OWNER TO postgres;

--
-- TOC entry 308 (class 1259 OID 46986)
-- Name: tsgrhrespuestasenc; Type: TABLE; Schema: sgrh; Owner: postgres
--

CREATE TABLE sgrh.tsgrhrespuestasenc (
    cod_respuesta integer DEFAULT nextval('sgrh.seq_respuestasenc'::regclass) NOT NULL,
    cod_catrespuesta integer,
    cod_pregunta integer NOT NULL,
    cod_edoeliminar boolean
);


ALTER TABLE sgrh.tsgrhrespuestasenc OWNER TO postgres;

--
-- TOC entry 309 (class 1259 OID 46990)
-- Name: tsgrhrespuestaseva; Type: TABLE; Schema: sgrh; Owner: postgres
--

CREATE TABLE sgrh.tsgrhrespuestaseva (
    cod_respuesta integer DEFAULT nextval('sgrh.seq_respuestaseva'::regclass) NOT NULL,
    des_respuesta character varying(200) NOT NULL,
    cod_pregunta integer NOT NULL,
    cod_evacontestada integer NOT NULL
);


ALTER TABLE sgrh.tsgrhrespuestaseva OWNER TO postgres;

--
-- TOC entry 310 (class 1259 OID 46994)
-- Name: tsgrhrevplanoperativo; Type: TABLE; Schema: sgrh; Owner: postgres
--

CREATE TABLE sgrh.tsgrhrevplanoperativo (
    cod_revplanoperativo integer DEFAULT nextval('sgrh.seq_revplanesoperativos'::regclass) NOT NULL,
    fec_creacion date DEFAULT CURRENT_DATE NOT NULL,
    cod_lugar integer NOT NULL,
    tim_duracion time without time zone,
    cod_participante1 integer,
    cod_participante2 integer,
    cod_participante3 integer,
    cod_participante4 integer,
    cod_participante5 integer,
    cod_planoperativo integer,
    des_puntosatratar character varying(250),
    des_acuerdosobtenidos character varying(500),
    cod_creadopor integer NOT NULL,
    cod_modificadopor integer NOT NULL,
    fec_modificacion date DEFAULT CURRENT_DATE NOT NULL
);


ALTER TABLE sgrh.tsgrhrevplanoperativo OWNER TO postgres;

--
-- TOC entry 311 (class 1259 OID 47003)
-- Name: tsgrhrolempleado; Type: TABLE; Schema: sgrh; Owner: postgres
--

CREATE TABLE sgrh.tsgrhrolempleado (
    cod_rolempleado integer DEFAULT nextval('sgrh.seq_rolempleado'::regclass) NOT NULL,
    des_nbrol character varying(50) NOT NULL,
    aud_feccreacion date NOT NULL,
    aud_fecmodificacion date,
    aud_creadopor integer NOT NULL,
    aud_modificadopor integer
);


ALTER TABLE sgrh.tsgrhrolempleado OWNER TO postgres;

--
-- TOC entry 312 (class 1259 OID 47007)
-- Name: tsgrhsubfactoreseva; Type: TABLE; Schema: sgrh; Owner: postgres
--

CREATE TABLE sgrh.tsgrhsubfactoreseva (
    cod_subfactor integer DEFAULT nextval('sgrh.seq_subfactoreseva'::regclass) NOT NULL,
    des_nbsubfactor character varying(60) NOT NULL,
    cod_factor integer NOT NULL,
    cod_edoeliminar boolean NOT NULL
);


ALTER TABLE sgrh.tsgrhsubfactoreseva OWNER TO postgres;

--
-- TOC entry 313 (class 1259 OID 47011)
-- Name: tsgrhtipocapacitacion; Type: TABLE; Schema: sgrh; Owner: postgres
--

CREATE TABLE sgrh.tsgrhtipocapacitacion (
    cod_tipocapacitacion integer DEFAULT nextval('sgrh.seq_tipocapacitacion'::regclass) NOT NULL,
    des_nbtipocapacitacion character varying(50) NOT NULL,
    aud_feccreacion date NOT NULL,
    aud_fecmodificacion date,
    aud_creadopor integer NOT NULL,
    aud_modificadopor integer
);


ALTER TABLE sgrh.tsgrhtipocapacitacion OWNER TO postgres;

--
-- TOC entry 314 (class 1259 OID 47015)
-- Name: tsgrhvalidaevaluaciondes; Type: TABLE; Schema: sgrh; Owner: postgres
--

CREATE TABLE sgrh.tsgrhvalidaevaluaciondes (
    cod_validacion integer DEFAULT nextval('sgrh.seq_validaevaluaciones'::regclass) NOT NULL,
    des_edoevaluacion character varying(30) NOT NULL,
    fec_validacion date,
    cod_lugar integer,
    tim_duracion time without time zone,
    des_defectosevalucacion character varying(1000),
    cod_edoeliminar boolean,
    cod_evaluacion integer,
    cod_participante1 integer NOT NULL,
    cod_participante2 integer,
    cod_participante3 integer,
    cod_participante4 integer,
    cod_evaluador integer,
    cod_evaluado integer,
    CONSTRAINT tsgrhvalidaevaluaciondes_des_edoevaluacion_check CHECK (((des_edoevaluacion)::text = ANY (ARRAY[('--'::character varying)::text, ('En Proceso'::character varying)::text, ('Corregido'::character varying)::text, ('Aceptado'::character varying)::text])))
);


ALTER TABLE sgrh.tsgrhvalidaevaluaciondes OWNER TO postgres;

--
-- TOC entry 315 (class 1259 OID 47023)
-- Name: seq_agenda; Type: SEQUENCE; Schema: sgrt; Owner: postgres
--

CREATE SEQUENCE sgrt.seq_agenda
    START WITH 1
    INCREMENT BY 1
    NO MINVALUE
    NO MAXVALUE
    CACHE 1;


ALTER TABLE sgrt.seq_agenda OWNER TO postgres;

--
-- TOC entry 316 (class 1259 OID 47025)
-- Name: seq_archivo; Type: SEQUENCE; Schema: sgrt; Owner: postgres
--

CREATE SEQUENCE sgrt.seq_archivo
    START WITH 1
    INCREMENT BY 1
    NO MINVALUE
    NO MAXVALUE
    CACHE 1;


ALTER TABLE sgrt.seq_archivo OWNER TO postgres;

--
-- TOC entry 317 (class 1259 OID 47027)
-- Name: seq_asistente; Type: SEQUENCE; Schema: sgrt; Owner: postgres
--

CREATE SEQUENCE sgrt.seq_asistente
    START WITH 1
    INCREMENT BY 1
    NO MINVALUE
    NO MAXVALUE
    CACHE 1;


ALTER TABLE sgrt.seq_asistente OWNER TO postgres;

--
-- TOC entry 318 (class 1259 OID 47029)
-- Name: seq_attach; Type: SEQUENCE; Schema: sgrt; Owner: postgres
--

CREATE SEQUENCE sgrt.seq_attach
    START WITH 1
    INCREMENT BY 1
    NO MINVALUE
    NO MAXVALUE
    CACHE 1;


ALTER TABLE sgrt.seq_attach OWNER TO postgres;

--
-- TOC entry 319 (class 1259 OID 47031)
-- Name: seq_categoriafaq; Type: SEQUENCE; Schema: sgrt; Owner: postgres
--

CREATE SEQUENCE sgrt.seq_categoriafaq
    START WITH 1
    INCREMENT BY 1
    NO MINVALUE
    NO MAXVALUE
    CACHE 1;


ALTER TABLE sgrt.seq_categoriafaq OWNER TO postgres;

--
-- TOC entry 320 (class 1259 OID 47033)
-- Name: seq_chat; Type: SEQUENCE; Schema: sgrt; Owner: postgres
--

CREATE SEQUENCE sgrt.seq_chat
    START WITH 1
    INCREMENT BY 1
    NO MINVALUE
    MAXVALUE 99999999999999
    CACHE 1;


ALTER TABLE sgrt.seq_chat OWNER TO postgres;

--
-- TOC entry 321 (class 1259 OID 47035)
-- Name: seq_ciudad; Type: SEQUENCE; Schema: sgrt; Owner: postgres
--

CREATE SEQUENCE sgrt.seq_ciudad
    START WITH 1
    INCREMENT BY 1
    NO MINVALUE
    NO MAXVALUE
    CACHE 1;


ALTER TABLE sgrt.seq_ciudad OWNER TO postgres;

--
-- TOC entry 322 (class 1259 OID 47037)
-- Name: seq_comentsagenda; Type: SEQUENCE; Schema: sgrt; Owner: postgres
--

CREATE SEQUENCE sgrt.seq_comentsagenda
    START WITH 1
    INCREMENT BY 1
    NO MINVALUE
    NO MAXVALUE
    CACHE 1;


ALTER TABLE sgrt.seq_comentsagenda OWNER TO postgres;

--
-- TOC entry 323 (class 1259 OID 47039)
-- Name: seq_comentsreunion; Type: SEQUENCE; Schema: sgrt; Owner: postgres
--

CREATE SEQUENCE sgrt.seq_comentsreunion
    START WITH 1
    INCREMENT BY 1
    NO MINVALUE
    NO MAXVALUE
    CACHE 1;


ALTER TABLE sgrt.seq_comentsreunion OWNER TO postgres;

--
-- TOC entry 324 (class 1259 OID 47041)
-- Name: seq_compromiso; Type: SEQUENCE; Schema: sgrt; Owner: postgres
--

CREATE SEQUENCE sgrt.seq_compromiso
    START WITH 1
    INCREMENT BY 1
    NO MINVALUE
    NO MAXVALUE
    CACHE 1;


ALTER TABLE sgrt.seq_compromiso OWNER TO postgres;

--
-- TOC entry 325 (class 1259 OID 47043)
-- Name: seq_contacto; Type: SEQUENCE; Schema: sgrt; Owner: postgres
--

CREATE SEQUENCE sgrt.seq_contacto
    START WITH 1
    INCREMENT BY 1
    NO MINVALUE
    NO MAXVALUE
    CACHE 1;


ALTER TABLE sgrt.seq_contacto OWNER TO postgres;

--
-- TOC entry 326 (class 1259 OID 47045)
-- Name: seq_correo; Type: SEQUENCE; Schema: sgrt; Owner: postgres
--

CREATE SEQUENCE sgrt.seq_correo
    START WITH 1
    INCREMENT BY 1
    NO MINVALUE
    NO MAXVALUE
    CACHE 1;


ALTER TABLE sgrt.seq_correo OWNER TO postgres;

--
-- TOC entry 327 (class 1259 OID 47047)
-- Name: seq_depto; Type: SEQUENCE; Schema: sgrt; Owner: postgres
--

CREATE SEQUENCE sgrt.seq_depto
    START WITH 1
    INCREMENT BY 1
    NO MINVALUE
    NO MAXVALUE
    CACHE 1;


ALTER TABLE sgrt.seq_depto OWNER TO postgres;

--
-- TOC entry 328 (class 1259 OID 47049)
-- Name: seq_edoacuerdo; Type: SEQUENCE; Schema: sgrt; Owner: postgres
--

CREATE SEQUENCE sgrt.seq_edoacuerdo
    START WITH 1
    INCREMENT BY 1
    NO MINVALUE
    NO MAXVALUE
    CACHE 1;


ALTER TABLE sgrt.seq_edoacuerdo OWNER TO postgres;

--
-- TOC entry 329 (class 1259 OID 47051)
-- Name: seq_elemento; Type: SEQUENCE; Schema: sgrt; Owner: postgres
--

CREATE SEQUENCE sgrt.seq_elemento
    START WITH 1
    INCREMENT BY 1
    NO MINVALUE
    NO MAXVALUE
    CACHE 1;


ALTER TABLE sgrt.seq_elemento OWNER TO postgres;

--
-- TOC entry 330 (class 1259 OID 47053)
-- Name: seq_estadorep; Type: SEQUENCE; Schema: sgrt; Owner: postgres
--

CREATE SEQUENCE sgrt.seq_estadorep
    START WITH 1
    INCREMENT BY 1
    NO MINVALUE
    NO MAXVALUE
    CACHE 1;


ALTER TABLE sgrt.seq_estadorep OWNER TO postgres;

--
-- TOC entry 331 (class 1259 OID 47055)
-- Name: seq_faq; Type: SEQUENCE; Schema: sgrt; Owner: postgres
--

CREATE SEQUENCE sgrt.seq_faq
    START WITH 1
    INCREMENT BY 1
    NO MINVALUE
    NO MAXVALUE
    CACHE 1;


ALTER TABLE sgrt.seq_faq OWNER TO postgres;

--
-- TOC entry 332 (class 1259 OID 47057)
-- Name: seq_grupo; Type: SEQUENCE; Schema: sgrt; Owner: postgres
--

CREATE SEQUENCE sgrt.seq_grupo
    START WITH 1
    INCREMENT BY 1
    NO MINVALUE
    NO MAXVALUE
    CACHE 1;


ALTER TABLE sgrt.seq_grupo OWNER TO postgres;

--
-- TOC entry 333 (class 1259 OID 47059)
-- Name: seq_invitado; Type: SEQUENCE; Schema: sgrt; Owner: postgres
--

CREATE SEQUENCE sgrt.seq_invitado
    START WITH 1
    INCREMENT BY 1
    NO MINVALUE
    NO MAXVALUE
    CACHE 1;


ALTER TABLE sgrt.seq_invitado OWNER TO postgres;

--
-- TOC entry 334 (class 1259 OID 47061)
-- Name: seq_lugar; Type: SEQUENCE; Schema: sgrt; Owner: postgres
--

CREATE SEQUENCE sgrt.seq_lugar
    START WITH 1
    INCREMENT BY 1
    NO MINVALUE
    NO MAXVALUE
    CACHE 1;


ALTER TABLE sgrt.seq_lugar OWNER TO postgres;

--
-- TOC entry 335 (class 1259 OID 47063)
-- Name: seq_mensaje; Type: SEQUENCE; Schema: sgrt; Owner: postgres
--

CREATE SEQUENCE sgrt.seq_mensaje
    START WITH 1
    INCREMENT BY 1
    NO MINVALUE
    NO MAXVALUE
    CACHE 1;


ALTER TABLE sgrt.seq_mensaje OWNER TO postgres;

--
-- TOC entry 336 (class 1259 OID 47065)
-- Name: seq_nota; Type: SEQUENCE; Schema: sgrt; Owner: postgres
--

CREATE SEQUENCE sgrt.seq_nota
    START WITH 1
    INCREMENT BY 1
    NO MINVALUE
    NO MAXVALUE
    CACHE 1;


ALTER TABLE sgrt.seq_nota OWNER TO postgres;

--
-- TOC entry 337 (class 1259 OID 47067)
-- Name: seq_plantillacorreo; Type: SEQUENCE; Schema: sgrt; Owner: postgres
--

CREATE SEQUENCE sgrt.seq_plantillacorreo
    START WITH 1
    INCREMENT BY 1
    NO MINVALUE
    NO MAXVALUE
    CACHE 1;


ALTER TABLE sgrt.seq_plantillacorreo OWNER TO postgres;

--
-- TOC entry 338 (class 1259 OID 47069)
-- Name: seq_prioridad; Type: SEQUENCE; Schema: sgrt; Owner: postgres
--

CREATE SEQUENCE sgrt.seq_prioridad
    START WITH 1
    INCREMENT BY 1
    NO MINVALUE
    NO MAXVALUE
    CACHE 1;


ALTER TABLE sgrt.seq_prioridad OWNER TO postgres;

--
-- TOC entry 339 (class 1259 OID 47071)
-- Name: seq_resp; Type: SEQUENCE; Schema: sgrt; Owner: postgres
--

CREATE SEQUENCE sgrt.seq_resp
    START WITH 1
    INCREMENT BY 1
    NO MINVALUE
    NO MAXVALUE
    CACHE 1;


ALTER TABLE sgrt.seq_resp OWNER TO postgres;

--
-- TOC entry 340 (class 1259 OID 47073)
-- Name: seq_respuesta; Type: SEQUENCE; Schema: sgrt; Owner: postgres
--

CREATE SEQUENCE sgrt.seq_respuesta
    START WITH 1
    INCREMENT BY 1
    NO MINVALUE
    NO MAXVALUE
    CACHE 1;


ALTER TABLE sgrt.seq_respuesta OWNER TO postgres;

--
-- TOC entry 341 (class 1259 OID 47075)
-- Name: seq_respuestas_participantes; Type: SEQUENCE; Schema: sgrt; Owner: postgres
--

CREATE SEQUENCE sgrt.seq_respuestas_participantes
    START WITH 1
    INCREMENT BY 1
    NO MINVALUE
    NO MAXVALUE
    CACHE 1;


ALTER TABLE sgrt.seq_respuestas_participantes OWNER TO postgres;

--
-- TOC entry 342 (class 1259 OID 47077)
-- Name: seq_reunion; Type: SEQUENCE; Schema: sgrt; Owner: postgres
--

CREATE SEQUENCE sgrt.seq_reunion
    START WITH 1
    INCREMENT BY 1
    NO MINVALUE
    NO MAXVALUE
    CACHE 1;


ALTER TABLE sgrt.seq_reunion OWNER TO postgres;

--
-- TOC entry 343 (class 1259 OID 47079)
-- Name: seq_servicio; Type: SEQUENCE; Schema: sgrt; Owner: postgres
--

CREATE SEQUENCE sgrt.seq_servicio
    START WITH 1
    INCREMENT BY 1
    NO MINVALUE
    NO MAXVALUE
    CACHE 1;


ALTER TABLE sgrt.seq_servicio OWNER TO postgres;

--
-- TOC entry 344 (class 1259 OID 47081)
-- Name: seq_solicitud; Type: SEQUENCE; Schema: sgrt; Owner: postgres
--

CREATE SEQUENCE sgrt.seq_solicitud
    START WITH 1
    INCREMENT BY 1
    NO MINVALUE
    NO MAXVALUE
    CACHE 1;


ALTER TABLE sgrt.seq_solicitud OWNER TO postgres;

--
-- TOC entry 345 (class 1259 OID 47083)
-- Name: seq_ticket; Type: SEQUENCE; Schema: sgrt; Owner: postgres
--

CREATE SEQUENCE sgrt.seq_ticket
    START WITH 1
    INCREMENT BY 1
    NO MINVALUE
    NO MAXVALUE
    CACHE 1;


ALTER TABLE sgrt.seq_ticket OWNER TO postgres;

--
-- TOC entry 346 (class 1259 OID 47085)
-- Name: seq_topico; Type: SEQUENCE; Schema: sgrt; Owner: postgres
--

CREATE SEQUENCE sgrt.seq_topico
    START WITH 1
    INCREMENT BY 1
    NO MINVALUE
    NO MAXVALUE
    CACHE 1;


ALTER TABLE sgrt.seq_topico OWNER TO postgres;

--
-- TOC entry 347 (class 1259 OID 47087)
-- Name: tsgrtagenda; Type: TABLE; Schema: sgrt; Owner: postgres
--

CREATE TABLE sgrt.tsgrtagenda (
    cod_agenda integer DEFAULT nextval('sgrt.seq_agenda'::regclass) NOT NULL,
    des_texto character varying(200) NOT NULL,
    cnu_tratado smallint DEFAULT '0'::smallint,
    cod_reunion integer NOT NULL
);


ALTER TABLE sgrt.tsgrtagenda OWNER TO postgres;

--
-- TOC entry 348 (class 1259 OID 47092)
-- Name: tsgrtarchivos; Type: TABLE; Schema: sgrt; Owner: postgres
--

CREATE TABLE sgrt.tsgrtarchivos (
    cod_archivo integer DEFAULT nextval('sgrt.seq_archivo'::regclass) NOT NULL,
    bin_archivo bytea,
    cod_reunion integer NOT NULL
);


ALTER TABLE sgrt.tsgrtarchivos OWNER TO postgres;

--
-- TOC entry 349 (class 1259 OID 47099)
-- Name: tsgrtasistentes; Type: TABLE; Schema: sgrt; Owner: postgres
--

CREATE TABLE sgrt.tsgrtasistentes (
    cod_asistente integer DEFAULT nextval('sgrt.seq_asistente'::regclass) NOT NULL,
    cod_reunion integer NOT NULL,
    cod_empleado integer,
    cnu_asiste smallint NOT NULL,
    cod_invitado integer
);


ALTER TABLE sgrt.tsgrtasistentes OWNER TO postgres;

--
-- TOC entry 350 (class 1259 OID 47103)
-- Name: tsgrtattchticket; Type: TABLE; Schema: sgrt; Owner: postgres
--

CREATE TABLE sgrt.tsgrtattchticket (
    cod_attach integer DEFAULT nextval('sgrt.seq_attach'::regclass) NOT NULL,
    cod_ticket integer NOT NULL,
    cod_tamano character varying(20) NOT NULL,
    des_nombre character varying(128) NOT NULL,
    cod_sistemasuite integer NOT NULL,
    fec_ultactualizacion timestamp without time zone,
    cod_ultactualizacionpor integer NOT NULL,
    cod_creadopor integer NOT NULL,
    fec_creacion timestamp without time zone,
    bin_attach bytea
);


ALTER TABLE sgrt.tsgrtattchticket OWNER TO postgres;

--
-- TOC entry 351 (class 1259 OID 47110)
-- Name: tsgrtayudatopico; Type: TABLE; Schema: sgrt; Owner: postgres
--

CREATE TABLE sgrt.tsgrtayudatopico (
    cod_topico integer DEFAULT nextval('sgrt.seq_topico'::regclass) NOT NULL,
    cnu_activo smallint NOT NULL,
    cnu_autorespuesta smallint NOT NULL,
    cod_prioridad smallint NOT NULL,
    cod_depto integer NOT NULL,
    des_topico character varying(36) NOT NULL,
    cod_sistemasuite integer NOT NULL,
    fec_ultactualizacion timestamp without time zone,
    cod_ultactualizacionpor integer,
    cod_creadopor integer NOT NULL,
    fec_creacion timestamp without time zone
);


ALTER TABLE sgrt.tsgrtayudatopico OWNER TO postgres;

--
-- TOC entry 352 (class 1259 OID 47114)
-- Name: tsgrtcategoriafaq; Type: TABLE; Schema: sgrt; Owner: postgres
--

CREATE TABLE sgrt.tsgrtcategoriafaq (
    cod_categoriafaq integer DEFAULT nextval('sgrt.seq_categoriafaq'::regclass) NOT NULL,
    cnu_tipo smallint NOT NULL,
    des_categoria character varying(255) NOT NULL,
    des_descripcion character varying(255) NOT NULL,
    des_notas character varying(255) NOT NULL,
    tim_ultactualiza timestamp without time zone NOT NULL,
    fec_creacion timestamp without time zone NOT NULL,
    fec_ultactualizadopor integer NOT NULL,
    cod_creadopor integer NOT NULL
);


ALTER TABLE sgrt.tsgrtcategoriafaq OWNER TO postgres;

--
-- TOC entry 353 (class 1259 OID 47121)
-- Name: tsgrtchat; Type: TABLE; Schema: sgrt; Owner: postgres
--

CREATE TABLE sgrt.tsgrtchat (
    cod_chat integer DEFAULT nextval('sgrt.seq_chat'::regclass) NOT NULL,
    chat character varying NOT NULL
);


ALTER TABLE sgrt.tsgrtchat OWNER TO postgres;

--
-- TOC entry 354 (class 1259 OID 47128)
-- Name: tsgrtciudades; Type: TABLE; Schema: sgrt; Owner: postgres
--

CREATE TABLE sgrt.tsgrtciudades (
    cod_ciudad integer DEFAULT nextval('sgrt.seq_ciudad'::regclass) NOT NULL,
    des_nbciudad character varying(100) NOT NULL,
    cod_estadorep integer NOT NULL
);


ALTER TABLE sgrt.tsgrtciudades OWNER TO postgres;

--
-- TOC entry 355 (class 1259 OID 47132)
-- Name: tsgrtcomentariosagenda; Type: TABLE; Schema: sgrt; Owner: postgres
--

CREATE TABLE sgrt.tsgrtcomentariosagenda (
    cod_comentsagenda integer DEFAULT nextval('sgrt.seq_comentsagenda'::regclass) NOT NULL,
    des_comentario character varying(500) NOT NULL,
    cod_agenda integer NOT NULL,
    cod_invitado integer NOT NULL
);


ALTER TABLE sgrt.tsgrtcomentariosagenda OWNER TO postgres;

--
-- TOC entry 356 (class 1259 OID 47139)
-- Name: tsgrtcomentariosreunion; Type: TABLE; Schema: sgrt; Owner: postgres
--

CREATE TABLE sgrt.tsgrtcomentariosreunion (
    cod_commentsreunion integer DEFAULT nextval('sgrt.seq_comentsreunion'::regclass) NOT NULL,
    des_comentario character varying(500) NOT NULL,
    cod_invitado integer NOT NULL,
    cod_reunion integer NOT NULL
);


ALTER TABLE sgrt.tsgrtcomentariosreunion OWNER TO postgres;

--
-- TOC entry 357 (class 1259 OID 47146)
-- Name: tsgrtcompromisos; Type: TABLE; Schema: sgrt; Owner: postgres
--

CREATE TABLE sgrt.tsgrtcompromisos (
    cod_compromiso integer DEFAULT nextval('sgrt.seq_compromiso'::regclass) NOT NULL,
    des_descripcion character varying(200) NOT NULL,
    fec_solicitud date NOT NULL,
    fec_compromiso date NOT NULL,
    cod_reunion integer NOT NULL,
    cod_validador integer NOT NULL,
    cod_verificador integer NOT NULL,
    cod_estado integer,
    des_valor character varying(45),
    cod_ejecutor integer NOT NULL,
    cod_tipoejecutor character varying(10),
    cnu_revisado smallint,
    cod_estatus sgrt.estatus_compromiso DEFAULT 'Pendiente'::sgrt.estatus_compromiso NOT NULL,
    cod_tipocompromiso sgrt.tipo_compromiso DEFAULT 'Pendiente'::sgrt.tipo_compromiso NOT NULL,
    cod_chat integer,
    fec_entrega date
);


ALTER TABLE sgrt.tsgrtcompromisos OWNER TO postgres;

--
-- TOC entry 358 (class 1259 OID 47152)
-- Name: tsgrtcorreo; Type: TABLE; Schema: sgrt; Owner: postgres
--

CREATE TABLE sgrt.tsgrtcorreo (
    cod_correo integer DEFAULT nextval('sgrt.seq_correo'::regclass) NOT NULL,
    cnu_autorespuesta smallint NOT NULL,
    cod_prioridad smallint NOT NULL,
    cod_depto integer,
    des_nbusuario character varying(32) NOT NULL,
    des_correo character varying(50) NOT NULL,
    des_nombre character varying(70) NOT NULL,
    des_contrasena character varying(30) NOT NULL,
    cnu_activo smallint NOT NULL,
    des_dirhost character varying(125) NOT NULL,
    cod_protocolo sgrt.protocolo DEFAULT 'POP'::sgrt.protocolo NOT NULL,
    cod_encriptacion sgrt.encriptacion DEFAULT 'NONE'::sgrt.encriptacion NOT NULL,
    cod_puerto integer,
    cnu_frecsinc smallint NOT NULL,
    cnu_nummaxcorreo smallint NOT NULL,
    cnu_eliminar smallint NOT NULL,
    cnu_errores smallint NOT NULL,
    fec_ulterror timestamp without time zone,
    fec_ultsincr timestamp without time zone,
    cnu_smtpactivo smallint,
    des_smtphost character varying(125) NOT NULL,
    cod_smtpport integer,
    cnu_smtpsecure smallint NOT NULL,
    cnu_smtpauth smallint NOT NULL,
    cod_sistemasuite integer NOT NULL,
    fec_ultactualizacion timestamp without time zone,
    cod_ultactualizacionpor integer NOT NULL,
    cod_creadopor integer NOT NULL,
    fec_creacion timestamp without time zone,
    cod_usuario integer NOT NULL
);


ALTER TABLE sgrt.tsgrtcorreo OWNER TO postgres;

--
-- TOC entry 359 (class 1259 OID 47158)
-- Name: tsgrtdatossolicitud; Type: TABLE; Schema: sgrt; Owner: postgres
--

CREATE TABLE sgrt.tsgrtdatossolicitud (
    cod_datosolicitud integer NOT NULL,
    cod_elemento integer NOT NULL,
    des_descripcion character varying(45) NOT NULL,
    cod_solicitud integer NOT NULL,
    cod_edosolicitud integer NOT NULL
);


ALTER TABLE sgrt.tsgrtdatossolicitud OWNER TO postgres;

--
-- TOC entry 360 (class 1259 OID 47161)
-- Name: tsgrtdepartamento; Type: TABLE; Schema: sgrt; Owner: postgres
--

CREATE TABLE sgrt.tsgrtdepartamento (
    cod_depto integer DEFAULT nextval('sgrt.seq_depto'::regclass) NOT NULL,
    cod_plantillacorreo integer NOT NULL,
    cod_correo integer NOT NULL,
    cod_manager integer DEFAULT 0 NOT NULL,
    des_nombre character varying(50) NOT NULL,
    cod_ncorto character varying(10) NOT NULL,
    des_firma text NOT NULL,
    cnu_publico smallint NOT NULL,
    cod_sistemasuite integer DEFAULT 1 NOT NULL,
    fec_ultactualizacion timestamp without time zone,
    cod_ultactualizacionpor integer NOT NULL,
    cod_creadopor integer NOT NULL,
    fec_creacion timestamp without time zone
);


ALTER TABLE sgrt.tsgrtdepartamento OWNER TO postgres;

--
-- TOC entry 361 (class 1259 OID 47170)
-- Name: tsgrtedosolicitudes; Type: TABLE; Schema: sgrt; Owner: postgres
--

CREATE TABLE sgrt.tsgrtedosolicitudes (
    cod_edosolicitud integer NOT NULL,
    cod_nbedosolicitud integer NOT NULL
);


ALTER TABLE sgrt.tsgrtedosolicitudes OWNER TO postgres;

--
-- TOC entry 362 (class 1259 OID 47173)
-- Name: tsgrtelementos; Type: TABLE; Schema: sgrt; Owner: postgres
--

CREATE TABLE sgrt.tsgrtelementos (
    cod_elemento integer DEFAULT nextval('sgrt.seq_elemento'::regclass) NOT NULL,
    des_nombre character varying(50) NOT NULL,
    cnu_activo smallint NOT NULL
);


ALTER TABLE sgrt.tsgrtelementos OWNER TO postgres;

--
-- TOC entry 363 (class 1259 OID 47177)
-- Name: tsgrtestados; Type: TABLE; Schema: sgrt; Owner: postgres
--

CREATE TABLE sgrt.tsgrtestados (
    cod_estadorep integer DEFAULT nextval('sgrt.seq_estadorep'::regclass) NOT NULL,
    des_nbestado character varying(60) NOT NULL
);


ALTER TABLE sgrt.tsgrtestados OWNER TO postgres;

--
-- TOC entry 364 (class 1259 OID 47181)
-- Name: tsgrtfaq; Type: TABLE; Schema: sgrt; Owner: postgres
--

CREATE TABLE sgrt.tsgrtfaq (
    cod_faq integer DEFAULT nextval('sgrt.seq_faq'::regclass) NOT NULL,
    cod_categoriafaq integer NOT NULL,
    des_pregunta character varying(255) NOT NULL,
    cnu_activo smallint NOT NULL,
    des_respuesta character varying(255) NOT NULL,
    des_notasint character varying(255) NOT NULL,
    fec_ultactualizacion timestamp without time zone NOT NULL,
    fec_creacion timestamp without time zone NOT NULL,
    cod_creadopor integer NOT NULL,
    cod_ultactualizacionpor integer NOT NULL
);


ALTER TABLE sgrt.tsgrtfaq OWNER TO postgres;

--
-- TOC entry 365 (class 1259 OID 47188)
-- Name: tsgrtgrupo; Type: TABLE; Schema: sgrt; Owner: postgres
--

CREATE TABLE sgrt.tsgrtgrupo (
    cod_grupo integer DEFAULT nextval('sgrt.seq_grupo'::regclass) NOT NULL,
    cnu_activo smallint NOT NULL,
    des_nombre character varying(50) NOT NULL,
    cnu_crear smallint NOT NULL,
    cnu_editar smallint NOT NULL,
    cnu_borrar smallint NOT NULL,
    cnu_cerrar smallint NOT NULL,
    cnu_transferir smallint NOT NULL,
    cnu_prohibir smallint NOT NULL,
    cnu_administrar smallint NOT NULL,
    cod_sistemasuite integer DEFAULT 1 NOT NULL,
    fec_ultactualizacion timestamp without time zone,
    cod_ultactualizacionpor integer NOT NULL,
    cod_creadopor integer NOT NULL,
    fec_creacion timestamp without time zone
);


ALTER TABLE sgrt.tsgrtgrupo OWNER TO postgres;

--
-- TOC entry 366 (class 1259 OID 47193)
-- Name: tsgrtinvitados; Type: TABLE; Schema: sgrt; Owner: postgres
--

CREATE TABLE sgrt.tsgrtinvitados (
    cod_invitado integer DEFAULT nextval('sgrt.seq_invitado'::regclass) NOT NULL,
    cod_reunion integer NOT NULL,
    des_nombre character varying,
    des_correo character varying,
    cnu_invitacionenv smallint NOT NULL,
    cnu_asiste smallint NOT NULL,
    cod_empleado integer,
    des_empresa character varying
);


ALTER TABLE sgrt.tsgrtinvitados OWNER TO postgres;

--
-- TOC entry 367 (class 1259 OID 47200)
-- Name: tsgrtlugares; Type: TABLE; Schema: sgrt; Owner: postgres
--

CREATE TABLE sgrt.tsgrtlugares (
    cod_lugar integer DEFAULT nextval('sgrt.seq_lugar'::regclass) NOT NULL,
    des_nombre character varying(60) NOT NULL,
    cod_ciudad integer NOT NULL
);


ALTER TABLE sgrt.tsgrtlugares OWNER TO postgres;

--
-- TOC entry 368 (class 1259 OID 47204)
-- Name: tsgrtmsjticket; Type: TABLE; Schema: sgrt; Owner: postgres
--

CREATE TABLE sgrt.tsgrtmsjticket (
    cod_mensaje integer DEFAULT nextval('sgrt.seq_mensaje'::regclass) NOT NULL,
    cod_ticket integer NOT NULL,
    cod_usuario integer DEFAULT 0 NOT NULL,
    des_mensaje text NOT NULL,
    cod_fuente character varying(16) DEFAULT NULL::character varying,
    cod_sistemasuite integer DEFAULT 1 NOT NULL,
    fec_ultactualizacion timestamp without time zone,
    cod_ultactualizacionpor integer NOT NULL,
    cod_creadopor integer NOT NULL,
    fec_creacion timestamp without time zone
);


ALTER TABLE sgrt.tsgrtmsjticket OWNER TO postgres;

--
-- TOC entry 369 (class 1259 OID 47214)
-- Name: tsgrtnota; Type: TABLE; Schema: sgrt; Owner: postgres
--

CREATE TABLE sgrt.tsgrtnota (
    cod_nota integer DEFAULT nextval('sgrt.seq_nota'::regclass) NOT NULL,
    cod_ticket integer NOT NULL,
    cod_empleado integer NOT NULL,
    des_fuente character varying(32) NOT NULL,
    des_titulo character varying(255) DEFAULT 'Nota INTEGERerna Generica'::character varying NOT NULL,
    des_nota text NOT NULL,
    cod_sistemasuite integer NOT NULL,
    fec_ultactualizacion timestamp without time zone,
    cod_ultactualizacionpor integer NOT NULL,
    cod_creadopor integer NOT NULL,
    fec_creacion timestamp without time zone
);


ALTER TABLE sgrt.tsgrtnota OWNER TO postgres;

--
-- TOC entry 370 (class 1259 OID 47222)
-- Name: tsgrtplantillacorreos; Type: TABLE; Schema: sgrt; Owner: postgres
--

CREATE TABLE sgrt.tsgrtplantillacorreos (
    cod_plantillacorreo integer DEFAULT nextval('sgrt.seq_plantillacorreo'::regclass) NOT NULL,
    des_nombre character varying(32) NOT NULL,
    des_notas text,
    cod_tipodestinario sgrt.destinatario DEFAULT 'USR'::sgrt.destinatario,
    cod_sistemasuite integer NOT NULL,
    fec_ultactualizacion timestamp without time zone,
    cod_ultactualizacionpor integer NOT NULL,
    cod_creadopor integer NOT NULL,
    fec_creacion timestamp without time zone,
    des_asunto character varying(45),
    des_cuerpo character varying(255)
);


ALTER TABLE sgrt.tsgrtplantillacorreos OWNER TO postgres;

--
-- TOC entry 371 (class 1259 OID 47230)
-- Name: tsgrtprioridad; Type: TABLE; Schema: sgrt; Owner: postgres
--

CREATE TABLE sgrt.tsgrtprioridad (
    cod_prioridad integer DEFAULT nextval('sgrt.seq_prioridad'::regclass) NOT NULL,
    des_nombre character varying(60) NOT NULL,
    des_descripcion character varying(30) NOT NULL,
    cod_color character varying(7) NOT NULL,
    cnu_valprioridad smallint NOT NULL,
    cnu_publica smallint NOT NULL,
    cod_sistemasuite integer NOT NULL,
    fec_ultactualizacion timestamp without time zone,
    cod_ultactualizacionpor integer NOT NULL,
    cod_creadopor integer NOT NULL,
    fec_creacion timestamp without time zone
);


ALTER TABLE sgrt.tsgrtprioridad OWNER TO postgres;

--
-- TOC entry 372 (class 1259 OID 47234)
-- Name: tsgrtresppredefinida; Type: TABLE; Schema: sgrt; Owner: postgres
--

CREATE TABLE sgrt.tsgrtresppredefinida (
    cod_respuesta integer DEFAULT nextval('sgrt.seq_resp'::regclass) NOT NULL,
    cod_depto integer NOT NULL,
    cnu_activo smallint NOT NULL,
    des_titulo character varying(125) NOT NULL,
    des_respuesta text NOT NULL,
    cod_sistemasuite integer NOT NULL,
    fec_ultactualizacion timestamp without time zone,
    cod_ultactualizacionpor integer NOT NULL,
    cod_creadopor integer NOT NULL,
    fec_creacion timestamp without time zone
);


ALTER TABLE sgrt.tsgrtresppredefinida OWNER TO postgres;

--
-- TOC entry 373 (class 1259 OID 47241)
-- Name: tsgrtrespuesta; Type: TABLE; Schema: sgrt; Owner: postgres
--

CREATE TABLE sgrt.tsgrtrespuesta (
    cod_respuesta integer DEFAULT nextval('sgrt.seq_respuesta'::regclass) NOT NULL,
    cod_mensaje integer NOT NULL,
    cod_ticket integer NOT NULL,
    cod_empleado integer NOT NULL,
    des_respuesta text NOT NULL,
    cod_sistemasuite integer NOT NULL,
    fec_ultactualizacion timestamp without time zone,
    cod_ultactualizacionpor integer NOT NULL,
    cod_creadopor integer NOT NULL,
    fec_creacion timestamp without time zone
);


ALTER TABLE sgrt.tsgrtrespuesta OWNER TO postgres;

--
-- TOC entry 374 (class 1259 OID 47248)
-- Name: tsgrtreuniones; Type: TABLE; Schema: sgrt; Owner: postgres
--

CREATE TABLE sgrt.tsgrtreuniones (
    cod_reunion integer DEFAULT nextval('sgrt.seq_reunion'::regclass) NOT NULL,
    des_nombre character varying(45) NOT NULL,
    fec_fecha date NOT NULL,
    des_objetivo character varying(700) NOT NULL,
    cod_lugar integer NOT NULL,
    cod_responsable integer NOT NULL,
    cod_proximareunion integer,
    cod_creadorreunion integer NOT NULL,
    tim_duracion time without time zone,
    tim_hora time without time zone
);


ALTER TABLE sgrt.tsgrtreuniones OWNER TO postgres;

--
-- TOC entry 375 (class 1259 OID 47255)
-- Name: tsgrtservicios; Type: TABLE; Schema: sgrt; Owner: postgres
--

CREATE TABLE sgrt.tsgrtservicios (
    cod_servicio integer DEFAULT nextval('sgrt.seq_servicio'::regclass) NOT NULL,
    des_nombre_servicio character varying(45) NOT NULL,
    des_descripcion character varying(100) NOT NULL,
    fec_contratacion date NOT NULL
);


ALTER TABLE sgrt.tsgrtservicios OWNER TO postgres;

--
-- TOC entry 376 (class 1259 OID 47259)
-- Name: tsgrtsolicitudservicios; Type: TABLE; Schema: sgrt; Owner: postgres
--

CREATE TABLE sgrt.tsgrtsolicitudservicios (
    cod_solicitud integer DEFAULT nextval('sgrt.seq_solicitud'::regclass) NOT NULL,
    cod_empleado integer NOT NULL,
    cod_ticket integer NOT NULL,
    cod_servicio integer NOT NULL
);


ALTER TABLE sgrt.tsgrtsolicitudservicios OWNER TO postgres;

--
-- TOC entry 377 (class 1259 OID 47263)
-- Name: tsgrtticket; Type: TABLE; Schema: sgrt; Owner: postgres
--

CREATE TABLE sgrt.tsgrtticket (
    cod_ticket integer DEFAULT nextval('sgrt.seq_ticket'::regclass) NOT NULL,
    des_folio character varying(45) NOT NULL,
    cod_reunion integer,
    cod_acuerdo integer,
    cod_responsable integer,
    cod_validador integer,
    cod_depto integer NOT NULL,
    cod_prioridad smallint NOT NULL,
    cod_topico integer NOT NULL,
    cod_empleado integer NOT NULL,
    des_correo character varying(50) NOT NULL,
    des_nombre character varying(50) NOT NULL,
    des_tema character varying(64) DEFAULT '[Sin Asunto]'::character varying NOT NULL,
    des_temaayuda character varying(255) DEFAULT NULL::character varying,
    cod_telefono character varying(16) DEFAULT NULL::character varying,
    cod_extension character varying(8) DEFAULT NULL::character varying,
    cod_estadot sgrt.edoticket DEFAULT 'Abierto'::sgrt.edoticket NOT NULL,
    cod_origent sgrt.origencontac DEFAULT 'Otro'::sgrt.origencontac NOT NULL,
    cnu_expirado smallint NOT NULL,
    cnu_atendido smallint NOT NULL,
    fec_exp timestamp without time zone,
    fec_reap timestamp without time zone,
    fec_cierre timestamp without time zone,
    fec_ultimomsg timestamp without time zone,
    fec_ultimaresp timestamp without time zone,
    cod_sistemasuite integer DEFAULT 1 NOT NULL,
    fec_ultactualizacion timestamp without time zone,
    cod_ultactualizacionpor integer NOT NULL,
    cod_creadopor integer NOT NULL,
    fec_creacion timestamp without time zone,
    cod_ejecutor integer
);


ALTER TABLE sgrt.tsgrtticket OWNER TO postgres;

--
-- TOC entry 378 (class 1259 OID 47277)
-- Name: seq_aceptaciones; Type: SEQUENCE; Schema: sisat; Owner: suite
--

CREATE SEQUENCE sisat.seq_aceptaciones
    START WITH 1
    INCREMENT BY 1
    NO MINVALUE
    NO MAXVALUE
    CACHE 1;


ALTER TABLE sisat.seq_aceptaciones OWNER TO suite;

--
-- TOC entry 379 (class 1259 OID 47279)
-- Name: seq_asignaciones; Type: SEQUENCE; Schema: sisat; Owner: suite
--

CREATE SEQUENCE sisat.seq_asignaciones
    START WITH 1
    INCREMENT BY 1
    NO MINVALUE
    NO MAXVALUE
    CACHE 1;


ALTER TABLE sisat.seq_asignaciones OWNER TO suite;

--
-- TOC entry 380 (class 1259 OID 47281)
-- Name: seq_candidatos; Type: SEQUENCE; Schema: sisat; Owner: suite
--

CREATE SEQUENCE sisat.seq_candidatos
    START WITH 1
    INCREMENT BY 1
    NO MINVALUE
    NO MAXVALUE
    CACHE 1;


ALTER TABLE sisat.seq_candidatos OWNER TO suite;

--
-- TOC entry 381 (class 1259 OID 47283)
-- Name: seq_cartaasignaciones; Type: SEQUENCE; Schema: sisat; Owner: suite
--

CREATE SEQUENCE sisat.seq_cartaasignaciones
    START WITH 1
    INCREMENT BY 1
    NO MINVALUE
    NO MAXVALUE
    CACHE 1;


ALTER TABLE sisat.seq_cartaasignaciones OWNER TO suite;

--
-- TOC entry 382 (class 1259 OID 47285)
-- Name: seq_cotizaciones; Type: SEQUENCE; Schema: sisat; Owner: suite
--

CREATE SEQUENCE sisat.seq_cotizaciones
    START WITH 1
    INCREMENT BY 1
    NO MINVALUE
    NO MAXVALUE
    CACHE 1;


ALTER TABLE sisat.seq_cotizaciones OWNER TO suite;

--
-- TOC entry 383 (class 1259 OID 47287)
-- Name: seq_cursos; Type: SEQUENCE; Schema: sisat; Owner: suite
--

CREATE SEQUENCE sisat.seq_cursos
    START WITH 1
    INCREMENT BY 1
    NO MINVALUE
    NO MAXVALUE
    CACHE 1;


ALTER TABLE sisat.seq_cursos OWNER TO suite;

--
-- TOC entry 384 (class 1259 OID 47289)
-- Name: seq_entrevistas; Type: SEQUENCE; Schema: sisat; Owner: suite
--

CREATE SEQUENCE sisat.seq_entrevistas
    START WITH 1
    INCREMENT BY 1
    NO MINVALUE
    NO MAXVALUE
    CACHE 1;


ALTER TABLE sisat.seq_entrevistas OWNER TO suite;

--
-- TOC entry 385 (class 1259 OID 47291)
-- Name: seq_envios; Type: SEQUENCE; Schema: sisat; Owner: suite
--

CREATE SEQUENCE sisat.seq_envios
    START WITH 1
    INCREMENT BY 1
    NO MINVALUE
    NO MAXVALUE
    CACHE 1;


ALTER TABLE sisat.seq_envios OWNER TO suite;

--
-- TOC entry 386 (class 1259 OID 47293)
-- Name: seq_escolaridad; Type: SEQUENCE; Schema: sisat; Owner: suite
--

CREATE SEQUENCE sisat.seq_escolaridad
    START WITH 1
    INCREMENT BY 1
    NO MINVALUE
    NO MAXVALUE
    CACHE 1;


ALTER TABLE sisat.seq_escolaridad OWNER TO suite;

--
-- TOC entry 387 (class 1259 OID 47295)
-- Name: seq_experiencias; Type: SEQUENCE; Schema: sisat; Owner: suite
--

CREATE SEQUENCE sisat.seq_experiencias
    START WITH 1
    INCREMENT BY 1
    NO MINVALUE
    NO MAXVALUE
    CACHE 1;


ALTER TABLE sisat.seq_experiencias OWNER TO suite;

--
-- TOC entry 388 (class 1259 OID 47297)
-- Name: seq_firmas; Type: SEQUENCE; Schema: sisat; Owner: suite
--

CREATE SEQUENCE sisat.seq_firmas
    START WITH 1
    INCREMENT BY 1
    NO MINVALUE
    NO MAXVALUE
    CACHE 1;


ALTER TABLE sisat.seq_firmas OWNER TO suite;

--
-- TOC entry 389 (class 1259 OID 47299)
-- Name: seq_habilidades; Type: SEQUENCE; Schema: sisat; Owner: suite
--

CREATE SEQUENCE sisat.seq_habilidades
    START WITH 1
    INCREMENT BY 1
    NO MINVALUE
    NO MAXVALUE
    CACHE 1;


ALTER TABLE sisat.seq_habilidades OWNER TO suite;

--
-- TOC entry 390 (class 1259 OID 47301)
-- Name: seq_idiomas; Type: SEQUENCE; Schema: sisat; Owner: suite
--

CREATE SEQUENCE sisat.seq_idiomas
    START WITH 1
    INCREMENT BY 1
    NO MINVALUE
    NO MAXVALUE
    CACHE 1;


ALTER TABLE sisat.seq_idiomas OWNER TO suite;

--
-- TOC entry 391 (class 1259 OID 47303)
-- Name: seq_ordenservicios; Type: SEQUENCE; Schema: sisat; Owner: suite
--

CREATE SEQUENCE sisat.seq_ordenservicios
    START WITH 1
    INCREMENT BY 1
    NO MINVALUE
    NO MAXVALUE
    CACHE 1;


ALTER TABLE sisat.seq_ordenservicios OWNER TO suite;

--
-- TOC entry 392 (class 1259 OID 47305)
-- Name: seq_prospectos; Type: SEQUENCE; Schema: sisat; Owner: suite
--

CREATE SEQUENCE sisat.seq_prospectos
    START WITH 1
    INCREMENT BY 1
    NO MINVALUE
    NO MAXVALUE
    CACHE 1;


ALTER TABLE sisat.seq_prospectos OWNER TO suite;

--
-- TOC entry 393 (class 1259 OID 47307)
-- Name: seq_proyectos; Type: SEQUENCE; Schema: sisat; Owner: suite
--

CREATE SEQUENCE sisat.seq_proyectos
    START WITH 1
    INCREMENT BY 1
    NO MINVALUE
    NO MAXVALUE
    CACHE 1;


ALTER TABLE sisat.seq_proyectos OWNER TO suite;

--
-- TOC entry 394 (class 1259 OID 47309)
-- Name: seq_vacantes; Type: SEQUENCE; Schema: sisat; Owner: suite
--

CREATE SEQUENCE sisat.seq_vacantes
    START WITH 1
    INCREMENT BY 1
    NO MINVALUE
    NO MAXVALUE
    CACHE 1;


ALTER TABLE sisat.seq_vacantes OWNER TO suite;

--
-- TOC entry 395 (class 1259 OID 47311)
-- Name: tsisatappservices; Type: TABLE; Schema: sisat; Owner: postgres
--

CREATE TABLE sisat.tsisatappservices (
    cod_appservice integer NOT NULL,
    des_appservice character varying(30) NOT NULL
);


ALTER TABLE sisat.tsisatappservices OWNER TO postgres;

--
-- TOC entry 396 (class 1259 OID 47314)
-- Name: tsisatarquitecturas; Type: TABLE; Schema: sisat; Owner: postgres
--

CREATE TABLE sisat.tsisatarquitecturas (
    cod_arquitectura integer NOT NULL,
    des_arquitectura character varying(30) NOT NULL
);


ALTER TABLE sisat.tsisatarquitecturas OWNER TO postgres;

--
-- TOC entry 397 (class 1259 OID 47317)
-- Name: tsisatasignaciones; Type: TABLE; Schema: sisat; Owner: suite
--

CREATE TABLE sisat.tsisatasignaciones (
    cod_asignacion integer DEFAULT nextval('sisat.seq_asignaciones'::regclass) NOT NULL,
    cod_prospecto integer NOT NULL,
    cod_perfil integer NOT NULL,
    cod_cliente integer NOT NULL,
    des_correocte character varying(40) NOT NULL,
    cod_telefonocte character varying(16) NOT NULL,
    des_direccioncte character varying(200),
    cod_empleado integer,
    cod_creadopor integer NOT NULL,
    cod_modificadopor integer NOT NULL,
    fec_creacion date NOT NULL,
    fec_modificacion date NOT NULL
);


ALTER TABLE sisat.tsisatasignaciones OWNER TO suite;

--
-- TOC entry 398 (class 1259 OID 47321)
-- Name: tsisatcandidatos; Type: TABLE; Schema: sisat; Owner: suite
--

CREATE TABLE sisat.tsisatcandidatos (
    cod_candidato integer DEFAULT nextval('sisat.seq_candidatos'::regclass) NOT NULL,
    des_nombre character varying(50) NOT NULL,
    cod_perfil integer NOT NULL,
    imp_sueldo numeric(6,2),
    imp_sueldodia numeric(6,2),
    imp_nominaimss numeric(6,2),
    imp_honorarios numeric(6,2),
    imp_cargasocial numeric(6,2),
    imp_prestaciones numeric(6,2),
    imp_viaticos numeric(6,2),
    imp_subtotalcandidato numeric(6,2),
    imp_costoadmin numeric(6,2),
    cnu_financiamiento smallint,
    imp_isr numeric(6,2),
    imp_financiamiento numeric(6,2),
    imp_adicionales numeric(6,2),
    imp_subtotaladmin1 numeric(6,2),
    imp_comisiones numeric(6,2),
    imp_otrosgastos numeric(6,2),
    imp_subtotaladmin2 numeric(6,2),
    imp_total numeric(6,2),
    imp_iva numeric(6,2),
    por_utilidad numeric(4,2),
    imp_utilidad numeric(6,2),
    imp_tarifa numeric(6,2),
    fec_creacion date NOT NULL,
    fec_modificacion date NOT NULL,
    cod_creadopor integer NOT NULL,
    cod_modificadopor integer NOT NULL
);


ALTER TABLE sisat.tsisatcandidatos OWNER TO suite;

--
-- TOC entry 399 (class 1259 OID 47325)
-- Name: tsisatcartaaceptacion; Type: TABLE; Schema: sisat; Owner: suite
--

CREATE TABLE sisat.tsisatcartaaceptacion (
    cod_aceptacion integer DEFAULT nextval('sisat.seq_aceptaciones'::regclass) NOT NULL,
    des_objetivo character varying(200) NOT NULL,
    txt_oferta text,
    des_esquema character varying(30) NOT NULL,
    tim_jornada time without time zone,
    txt_especificaciones text,
    cod_creadopor integer NOT NULL,
    cod_modificadopor integer NOT NULL,
    fec_creacion date NOT NULL,
    fec_modificacion date NOT NULL
);


ALTER TABLE sisat.tsisatcartaaceptacion OWNER TO suite;

--
-- TOC entry 400 (class 1259 OID 47332)
-- Name: tsisatcartaasignacion; Type: TABLE; Schema: sisat; Owner: suite
--

CREATE TABLE sisat.tsisatcartaasignacion (
    cod_asignacion integer DEFAULT nextval('sisat.seq_cartaasignaciones'::regclass) NOT NULL,
    cod_prospecto integer NOT NULL,
    cod_perfil integer NOT NULL,
    des_actividades character varying(200),
    des_lugarsalida character varying(100),
    des_lugarllegada character varying(100),
    fec_salida date,
    fec_llegada date,
    cod_transporte character varying(20),
    des_lugarhopedaje character varying(60),
    fec_hospedaje date,
    des_computadora character varying(150),
    cod_telefono character varying(16),
    des_accesorios character varying(150),
    des_nbresponsable character varying(50),
    des_nbpuesto character varying(50),
    des_lugarresp character varying(100),
    cod_telefonoresp character varying(16),
    tim_horario time without time zone,
    fec_iniciocontra date,
    fec_terminocontra date,
    imp_sueldomensual numeric(6,2),
    imp_nominaimss numeric(6,2),
    imp_honorarios numeric(6,2),
    imp_otros numeric(6,2),
    cod_rfc character varying(13),
    des_razonsocial character varying(45),
    des_correo character varying(50),
    cod_cpostal integer,
    des_direccionfact character varying(200),
    cod_cliente integer NOT NULL,
    cod_gpy integer,
    cod_rhta integer,
    cod_ape integer,
    cod_rys integer,
    cod_creadopor integer NOT NULL,
    cod_modificadopor integer NOT NULL,
    fec_creacion date NOT NULL,
    fec_modificacion date NOT NULL,
    des_observacion character varying(200) NOT NULL
);


ALTER TABLE sisat.tsisatcartaasignacion OWNER TO suite;

--
-- TOC entry 401 (class 1259 OID 47339)
-- Name: tsisatcomentarios; Type: TABLE; Schema: sisat; Owner: postgres
--

CREATE TABLE sisat.tsisatcomentarios (
    cod_comentario integer NOT NULL,
    des_comentario character varying(300) NOT NULL,
    cod_origen integer NOT NULL,
    validacion boolean NOT NULL,
    cod_cliente integer NOT NULL,
    cod_firma integer NOT NULL,
    cod_contratacion integer NOT NULL
);


ALTER TABLE sisat.tsisatcomentarios OWNER TO postgres;

--
-- TOC entry 402 (class 1259 OID 47342)
-- Name: tsisatcotizaciones; Type: TABLE; Schema: sisat; Owner: postgres
--

CREATE TABLE sisat.tsisatcotizaciones (
    cod_cotizacion integer NOT NULL,
    cod_ciudad integer,
    cod_estado integer,
    fec_fecha date NOT NULL,
    "des_nbcontacto " character varying(50) NOT NULL,
    cod_puesto integer,
    des_compania character varying(50) NOT NULL,
    des_nbservicio character varying(50) NOT NULL,
    cnu_cantidad smallint NOT NULL,
    txt_concepto text NOT NULL,
    imp_inversionhr numeric(6,2) NOT NULL,
    txt_condicionescomer text NOT NULL,
    des_nbatentamente character varying(60) NOT NULL,
    des_correoatentamente character varying(50) NOT NULL,
    cod_creadopor integer,
    cod_modificadopor integer,
    fec_creacion date,
    fec_modificacion date
);


ALTER TABLE sisat.tsisatcotizaciones OWNER TO postgres;

--
-- TOC entry 403 (class 1259 OID 47348)
-- Name: tsisatcursosycertificados; Type: TABLE; Schema: sisat; Owner: suite
--

CREATE TABLE sisat.tsisatcursosycertificados (
    cod_curso integer DEFAULT nextval('sisat.seq_cursos'::regclass) NOT NULL,
    cod_prospecto integer NOT NULL,
    des_curso character varying(100) NOT NULL,
    des_institucion character varying(70) NOT NULL,
    fec_termino date NOT NULL,
    fec_inicio date NOT NULL
);


ALTER TABLE sisat.tsisatcursosycertificados OWNER TO suite;

--
-- TOC entry 404 (class 1259 OID 47352)
-- Name: tsisatentrevistas; Type: TABLE; Schema: sisat; Owner: suite
--

CREATE TABLE sisat.tsisatentrevistas (
    cod_entrevista integer DEFAULT nextval('sisat.seq_entrevistas'::regclass) NOT NULL,
    des_nbentrevistador character varying(90) NOT NULL,
    des_puesto character varying(50) NOT NULL,
    des_correoent character varying(40) NOT NULL,
    cod_telefonoent character varying(16) NOT NULL,
    des_direccionent character varying(200),
    tim_horarioent time without time zone,
    fec_fechaent date NOT NULL,
    cod_creadopor integer NOT NULL,
    cod_modificadopor integer NOT NULL,
    fec_creacion date NOT NULL,
    fec_modificacion date NOT NULL,
    comentarios character varying(500) NOT NULL
);


ALTER TABLE sisat.tsisatentrevistas OWNER TO suite;

--
-- TOC entry 405 (class 1259 OID 47359)
-- Name: tsisatenviocorreos; Type: TABLE; Schema: sisat; Owner: suite
--

CREATE TABLE sisat.tsisatenviocorreos (
    cod_envio integer DEFAULT nextval('sisat.seq_envios'::regclass) NOT NULL,
    des_destinatario character varying(90) NOT NULL,
    des_asunto character varying(50) NOT NULL,
    des_mensaje character varying(200) NOT NULL,
    bin_adjunto bytea,
    cod_creadopor integer NOT NULL,
    cod_modificadopor integer NOT NULL,
    fec_creacion date NOT NULL,
    fec_modificacion date NOT NULL
);


ALTER TABLE sisat.tsisatenviocorreos OWNER TO suite;

--
-- TOC entry 406 (class 1259 OID 47366)
-- Name: tsisatescolaridad; Type: TABLE; Schema: sisat; Owner: suite
--

CREATE TABLE sisat.tsisatescolaridad (
    cod_escolaridad integer DEFAULT nextval('sisat.seq_escolaridad'::regclass) NOT NULL,
    cod_prospecto integer NOT NULL,
    des_escolaridad character varying(45) NOT NULL,
    des_escuela character varying(70) NOT NULL,
    fec_inicio date NOT NULL,
    fec_termino date NOT NULL,
    cod_estatus character varying(20)
);


ALTER TABLE sisat.tsisatescolaridad OWNER TO suite;

--
-- TOC entry 407 (class 1259 OID 47370)
-- Name: tsisatexperienciaslaborales; Type: TABLE; Schema: sisat; Owner: suite
--

CREATE TABLE sisat.tsisatexperienciaslaborales (
    cod_experiencia integer DEFAULT nextval('sisat.seq_experiencias'::regclass) NOT NULL,
    cod_prospecto integer NOT NULL,
    des_empresa character varying(50) NOT NULL,
    des_puesto character varying(40) NOT NULL,
    fec_inicio date,
    fec_termino date,
    des_ubicacion character varying(70),
    txt_funciones text,
    des_nbcliente character varying(70),
    des_proyecto character varying(70),
    txt_logros character varying(300),
    txt_tecnologiasemple text NOT NULL
);


ALTER TABLE sisat.tsisatexperienciaslaborales OWNER TO suite;

--
-- TOC entry 408 (class 1259 OID 47377)
-- Name: tsisatfirmas; Type: TABLE; Schema: sisat; Owner: suite
--

CREATE TABLE sisat.tsisatfirmas (
    cod_firma integer DEFAULT nextval('sisat.seq_firmas'::regclass) NOT NULL,
    cod_solicita integer,
    cod_puestosolicita integer,
    cod_autoriza integer,
    cod_puestoautoriza integer,
    cod_contratacion integer NOT NULL,
    cod_creadopor integer NOT NULL,
    cod_modificadopor integer NOT NULL,
    fec_creacion date NOT NULL,
    fec_modificacion date NOT NULL
);


ALTER TABLE sisat.tsisatfirmas OWNER TO suite;

--
-- TOC entry 409 (class 1259 OID 47381)
-- Name: tsisatframeworks; Type: TABLE; Schema: sisat; Owner: postgres
--

CREATE TABLE sisat.tsisatframeworks (
    cod_framework integer NOT NULL,
    des_framework character varying(30) NOT NULL
);


ALTER TABLE sisat.tsisatframeworks OWNER TO postgres;

--
-- TOC entry 410 (class 1259 OID 47384)
-- Name: tsisathabilidades; Type: TABLE; Schema: sisat; Owner: suite
--

CREATE TABLE sisat.tsisathabilidades (
    cod_habilidad integer DEFAULT nextval('sisat.seq_habilidades'::regclass) NOT NULL,
    cod_prospecto integer NOT NULL,
    des_habilidad character varying(50),
    des_dominio character varying(50)
);


ALTER TABLE sisat.tsisathabilidades OWNER TO suite;

--
-- TOC entry 411 (class 1259 OID 47388)
-- Name: tsisatherramientas; Type: TABLE; Schema: sisat; Owner: postgres
--

CREATE TABLE sisat.tsisatherramientas (
    cod_herramientas integer NOT NULL,
    json_tecnologia json NOT NULL,
    cod_prospecto integer NOT NULL,
    des_nivel character varying(30) NOT NULL,
    cnu_experiencia numeric(5,1) NOT NULL
);


ALTER TABLE sisat.tsisatherramientas OWNER TO postgres;

--
-- TOC entry 412 (class 1259 OID 47394)
-- Name: tsisatherramientas_cod_herramientas_seq; Type: SEQUENCE; Schema: sisat; Owner: postgres
--

CREATE SEQUENCE sisat.tsisatherramientas_cod_herramientas_seq
    AS integer
    START WITH 1
    INCREMENT BY 1
    NO MINVALUE
    NO MAXVALUE
    CACHE 1;


ALTER TABLE sisat.tsisatherramientas_cod_herramientas_seq OWNER TO postgres;

--
-- TOC entry 4861 (class 0 OID 0)
-- Dependencies: 412
-- Name: tsisatherramientas_cod_herramientas_seq; Type: SEQUENCE OWNED BY; Schema: sisat; Owner: postgres
--

ALTER SEQUENCE sisat.tsisatherramientas_cod_herramientas_seq OWNED BY sisat.tsisatherramientas.cod_herramientas;


--
-- TOC entry 413 (class 1259 OID 47396)
-- Name: tsisatides; Type: TABLE; Schema: sisat; Owner: postgres
--

CREATE TABLE sisat.tsisatides (
    cod_ide integer NOT NULL,
    des_ide character varying(30) NOT NULL
);


ALTER TABLE sisat.tsisatides OWNER TO postgres;

--
-- TOC entry 414 (class 1259 OID 47399)
-- Name: tsisatidiomas; Type: TABLE; Schema: sisat; Owner: suite
--

CREATE TABLE sisat.tsisatidiomas (
    cod_idioma integer DEFAULT nextval('sisat.seq_idiomas'::regclass) NOT NULL,
    cod_prospecto integer NOT NULL,
    cod_nbidioma character varying(20) NOT NULL,
    cod_nivel character varying(20) NOT NULL,
    des_certificado character varying(40)
);


ALTER TABLE sisat.tsisatidiomas OWNER TO suite;

--
-- TOC entry 415 (class 1259 OID 47403)
-- Name: tsisatlenguajes; Type: TABLE; Schema: sisat; Owner: postgres
--

CREATE TABLE sisat.tsisatlenguajes (
    cod_lenguaje integer NOT NULL,
    des_lenguaje character varying(30) NOT NULL
);


ALTER TABLE sisat.tsisatlenguajes OWNER TO postgres;

--
-- TOC entry 416 (class 1259 OID 47406)
-- Name: tsisatmaquetados; Type: TABLE; Schema: sisat; Owner: postgres
--

CREATE TABLE sisat.tsisatmaquetados (
    cod_maquetado integer NOT NULL,
    des_maquetado character varying(50) NOT NULL
);


ALTER TABLE sisat.tsisatmaquetados OWNER TO postgres;

--
-- TOC entry 417 (class 1259 OID 47409)
-- Name: tsisatmetodologias; Type: TABLE; Schema: sisat; Owner: postgres
--

CREATE TABLE sisat.tsisatmetodologias (
    cod_metodologia integer NOT NULL,
    des_metodologia character varying(30) NOT NULL
);


ALTER TABLE sisat.tsisatmetodologias OWNER TO postgres;

--
-- TOC entry 418 (class 1259 OID 47412)
-- Name: tsisatmodelados; Type: TABLE; Schema: sisat; Owner: postgres
--

CREATE TABLE sisat.tsisatmodelados (
    cod_modelado integer NOT NULL,
    des_modelado character varying(30) NOT NULL
);


ALTER TABLE sisat.tsisatmodelados OWNER TO postgres;

--
-- TOC entry 419 (class 1259 OID 47415)
-- Name: tsisatordenservicio; Type: TABLE; Schema: sisat; Owner: suite
--

CREATE TABLE sisat.tsisatordenservicio (
    cod_ordenservicio integer DEFAULT nextval('sisat.seq_ordenservicios'::regclass) NOT NULL,
    cod_estadorep integer NOT NULL,
    cod_ciudad integer NOT NULL,
    fec_fecha date NOT NULL,
    des_nbcontacto character varying(50),
    cod_puesto integer,
    des_nbcompania character varying(50),
    des_nbservicio character varying(60),
    cnu_cantidad smallint,
    txt_concepto text,
    imp_inversionhr numeric(6,2),
    txt_condicionescomer text,
    des_ubcnconsultor character varying(100),
    fec_finservicio date,
    cod_gpy integer NOT NULL,
    des_correogpy character varying(50) NOT NULL,
    cod_cliente integer NOT NULL,
    des_correoclte character varying(50) NOT NULL,
    des_empresaclte character varying(50),
    cod_creadopor integer NOT NULL,
    cod_modificadopor integer NOT NULL,
    fec_creacion date NOT NULL,
    fec_modificacion date NOT NULL
);


ALTER TABLE sisat.tsisatordenservicio OWNER TO suite;

--
-- TOC entry 420 (class 1259 OID 47422)
-- Name: tsisatpatrones; Type: TABLE; Schema: sisat; Owner: postgres
--

CREATE TABLE sisat.tsisatpatrones (
    cod_patron integer NOT NULL,
    des_patron character varying(30) NOT NULL
);


ALTER TABLE sisat.tsisatpatrones OWNER TO postgres;

--
-- TOC entry 421 (class 1259 OID 47425)
-- Name: tsisatprospectos; Type: TABLE; Schema: sisat; Owner: suite
--

CREATE TABLE sisat.tsisatprospectos (
    cod_prospecto integer DEFAULT nextval('sisat.seq_prospectos'::regclass) NOT NULL,
    des_nombre character varying(45) NOT NULL,
    des_nombres character varying(60),
    des_appaterno character varying(40) NOT NULL,
    des_apmaterno character varying(40),
    des_lugarnacimiento character varying(50) NOT NULL,
    fec_nacimiento date NOT NULL,
    cod_edad integer NOT NULL,
    cod_edocivil character varying(15) NOT NULL,
    des_nbpadre character varying(70),
    des_nbmadre character varying(70),
    cod_numhermanos integer,
    des_nbcalle character varying(60),
    cod_numcasa integer,
    des_colonia character varying(60),
    des_localidad character varying(60),
    des_municipio character varying(60),
    des_estado character varying(60),
    cod_cpostal integer,
    cod_tiposangre character varying(5),
    des_emailmbn character varying(40),
    des_emailpersonal character varying(40),
    des_pasatiempo character varying(200),
    cod_telefonocasa character varying(16) DEFAULT NULL::character varying,
    cod_telefonomovil character varying(16) DEFAULT NULL::character varying,
    cod_rfc character varying(13),
    cod_nss character varying(20),
    cod_curp character varying(18) NOT NULL,
    des_nacionalidad character varying(30),
    cod_administrador integer,
    fec_fechacoment date,
    txt_comentarios text,
    cod_creadopor integer NOT NULL,
    cod_modificadopor integer NOT NULL,
    fec_creacion date NOT NULL,
    fec_modificacion date NOT NULL,
    bin_foto bytea,
    cod_tipofoto character varying(30) NOT NULL,
    cod_extensionfoto character varying(5) NOT NULL,
    des_puestovacante character varying(50) NOT NULL,
    anio_experiencia integer,
    cod_entrevista integer
);


ALTER TABLE sisat.tsisatprospectos OWNER TO suite;

--
-- TOC entry 422 (class 1259 OID 47434)
-- Name: tsisatprotocolos; Type: TABLE; Schema: sisat; Owner: postgres
--

CREATE TABLE sisat.tsisatprotocolos (
    cod_protocolo integer NOT NULL,
    des_protocolo character varying(30) NOT NULL
);


ALTER TABLE sisat.tsisatprotocolos OWNER TO postgres;

--
-- TOC entry 423 (class 1259 OID 47437)
-- Name: tsisatproyectos; Type: TABLE; Schema: sisat; Owner: suite
--

CREATE TABLE sisat.tsisatproyectos (
    cod_proyecto integer DEFAULT nextval('sisat.seq_proyectos'::regclass) NOT NULL,
    cod_prospecto integer NOT NULL,
    cod_perfil integer NOT NULL,
    des_nbcliente character varying(50) NOT NULL,
    des_nbresponsable character varying(50) NOT NULL,
    des_correo character varying(50) NOT NULL,
    cod_telefono character varying(16) NOT NULL,
    des_direccion character varying(200) NOT NULL,
    cod_creadopor integer NOT NULL,
    cod_modificadopor integer NOT NULL,
    fec_creacion date NOT NULL,
    fec_modificacion date NOT NULL
);


ALTER TABLE sisat.tsisatproyectos OWNER TO suite;

--
-- TOC entry 424 (class 1259 OID 47441)
-- Name: tsisatqa; Type: TABLE; Schema: sisat; Owner: postgres
--

CREATE TABLE sisat.tsisatqa (
    cod_qa integer NOT NULL,
    des_qa character varying(30) NOT NULL
);


ALTER TABLE sisat.tsisatqa OWNER TO postgres;

--
-- TOC entry 425 (class 1259 OID 47444)
-- Name: tsisatrepositoriolibrerias; Type: TABLE; Schema: sisat; Owner: postgres
--

CREATE TABLE sisat.tsisatrepositoriolibrerias (
    cod_repositoriolibreria integer NOT NULL,
    des_repositoriolibreria character varying(30) NOT NULL
);


ALTER TABLE sisat.tsisatrepositoriolibrerias OWNER TO postgres;

--
-- TOC entry 426 (class 1259 OID 47447)
-- Name: tsisatrepositorios; Type: TABLE; Schema: sisat; Owner: postgres
--

CREATE TABLE sisat.tsisatrepositorios (
    cod_repositorio integer NOT NULL,
    des_repositorio character varying(30) NOT NULL
);


ALTER TABLE sisat.tsisatrepositorios OWNER TO postgres;

--
-- TOC entry 427 (class 1259 OID 47450)
-- Name: tsisatsgbd; Type: TABLE; Schema: sisat; Owner: postgres
--

CREATE TABLE sisat.tsisatsgbd (
    cod_sgbd integer NOT NULL,
    des_sgbd character varying(30) NOT NULL
);


ALTER TABLE sisat.tsisatsgbd OWNER TO postgres;

--
-- TOC entry 428 (class 1259 OID 47453)
-- Name: tsisatso; Type: TABLE; Schema: sisat; Owner: postgres
--

CREATE TABLE sisat.tsisatso (
    cod_so integer NOT NULL,
    des_so character varying(30) NOT NULL
);


ALTER TABLE sisat.tsisatso OWNER TO postgres;

--
-- TOC entry 429 (class 1259 OID 47456)
-- Name: tsisatvacantes; Type: TABLE; Schema: sisat; Owner: suite
--

CREATE TABLE sisat.tsisatvacantes (
    cod_vacante integer DEFAULT nextval('sisat.seq_vacantes'::regclass) NOT NULL,
    des_rqvacante character varying(200) NOT NULL,
    cnu_anexperiencia smallint,
    txt_experiencia text,
    des_escolaridad character varying(50),
    txt_herramientas text,
    txt_habilidades text,
    des_lugartrabajo character varying(100),
    imp_sueldo numeric(6,2),
    cod_creadopor integer NOT NULL,
    cod_modificadopor integer NOT NULL,
    fec_creacion date NOT NULL,
    fec_modificacion date NOT NULL,
    cod_idioma integer NOT NULL,
    sexo character varying(11) NOT NULL,
    fec_solicitud date,
    fec_entrega date,
    cod_cliente integer
);


ALTER TABLE sisat.tsisatvacantes OWNER TO suite;

--
-- TOC entry 3683 (class 2604 OID 47463)
-- Name: tsisatherramientas cod_herramientas; Type: DEFAULT; Schema: sisat; Owner: postgres
--

ALTER TABLE ONLY sisat.tsisatherramientas ALTER COLUMN cod_herramientas SET DEFAULT nextval('sisat.tsisatherramientas_cod_herramientas_seq'::regclass);


--
-- TOC entry 4443 (class 0 OID 46619)
-- Dependencies: 205
-- Data for Name: rtsueldobase; Type: TABLE DATA; Schema: public; Owner: postgres
--

INSERT INTO public.rtsueldobase (imp_honorarios) VALUES (213.00);


--
-- TOC entry 4447 (class 0 OID 46628)
-- Dependencies: 209
-- Data for Name: tsgcosistemas; Type: TABLE DATA; Schema: sgco; Owner: postgres
--

INSERT INTO sgco.tsgcosistemas (cod_sistema, des_nbsistema, des_descripcion) VALUES (1, 'Sistema de Recursos Humanos y Ambiente de Trabajo', 'SGRHAT');
INSERT INTO sgco.tsgcosistemas (cod_sistema, des_nbsistema, des_descripcion) VALUES (2, 'Sistema de Integración', 'SISAT');
INSERT INTO sgco.tsgcosistemas (cod_sistema, des_nbsistema, des_descripcion) VALUES (4, 'sistat', 'sistema admnistracion y seleccion de talentos');
INSERT INTO sgco.tsgcosistemas (cod_sistema, des_nbsistema, des_descripcion) VALUES (3, 'Sistema de nomina
', 'SGNOM');


--
-- TOC entry 4448 (class 0 OID 46631)
-- Dependencies: 210
-- Data for Name: tsgcotipousuario; Type: TABLE DATA; Schema: sgco; Owner: postgres
--

INSERT INTO sgco.tsgcotipousuario (cod_tipousuario, cod_usuario, cod_sistema, cod_rol) VALUES (1, 1, 3, '1');


--
-- TOC entry 4449 (class 0 OID 46634)
-- Dependencies: 211
-- Data for Name: tsgcousuarios; Type: TABLE DATA; Schema: sgco; Owner: postgres
--

INSERT INTO sgco.tsgcousuarios (cod_usuario, cod_empleado, des_correo, des_contrasenacorreo, cod_usuariosistema, des_contrasenasistema) VALUES (2, 11, 'adrian.suarez@gmail.com', '123456789', 'adrian_suarez', '123456789');
INSERT INTO sgco.tsgcousuarios (cod_usuario, cod_empleado, des_correo, des_contrasenacorreo, cod_usuariosistema, des_contrasenasistema) VALUES (3, 12, 'carlos.antonio@gmail.com', 'abcdefg', 'carlos_antonio', 'abcdefg');
INSERT INTO sgco.tsgcousuarios (cod_usuario, cod_empleado, des_correo, des_contrasenacorreo, cod_usuariosistema, des_contrasenasistema) VALUES (4, 13, 'angel.roano@gmail.com', '123456', 'angel_roano', '123456');
INSERT INTO sgco.tsgcousuarios (cod_usuario, cod_empleado, des_correo, des_contrasenacorreo, cod_usuariosistema, des_contrasenasistema) VALUES (1, 10, 'mateorj96@gmail.com', '143100365m@teorj96', 'mateorj96', 'root');
INSERT INTO sgco.tsgcousuarios (cod_usuario, cod_empleado, des_correo, des_contrasenacorreo, cod_usuariosistema, des_contrasenasistema) VALUES (5, 1, 'mnflambr@gmail.com', '1234', 'ambro', '1234');


--
-- TOC entry 4453 (class 0 OID 46643)
-- Dependencies: 215
-- Data for Name: tsgnomaguinaldo; Type: TABLE DATA; Schema: sgnom; Owner: suite
--



--
-- TOC entry 4454 (class 0 OID 46649)
-- Dependencies: 216
-- Data for Name: tsgnomargumento; Type: TABLE DATA; Schema: sgnom; Owner: suite
--

INSERT INTO sgnom.tsgnomargumento (cod_argumentoid, cod_nbargumento, cod_clavearg, imp_valorconst, des_funcionbd, cod_tipoargumento, bol_estatus, txt_descripcion, aud_codcreadopor, aud_codmodificadopor, aud_feccreacion, aud_fecmodificacion) VALUES (1, 'SUELDOBASE', 'SB', NULL, 'fn_sueldo_base', '0', true, 'obtiene sueldo base asd', 10, 13, '2019-07-01', '2019-08-26');
INSERT INTO sgnom.tsgnomargumento (cod_argumentoid, cod_nbargumento, cod_clavearg, imp_valorconst, des_funcionbd, cod_tipoargumento, bol_estatus, txt_descripcion, aud_codcreadopor, aud_codmodificadopor, aud_feccreacion, aud_fecmodificacion) VALUES (3, 'SueldoXHora', 'SH', NULL, 'fn_sueldo_hora', '0', true, 'consulta el sueldo por hora segun su sueldo base', 10, NULL, '2019-09-20', NULL);
INSERT INTO sgnom.tsgnomargumento (cod_argumentoid, cod_nbargumento, cod_clavearg, imp_valorconst, des_funcionbd, cod_tipoargumento, bol_estatus, txt_descripcion, aud_codcreadopor, aud_codmodificadopor, aud_feccreacion, aud_fecmodificacion) VALUES (5, 'SueldoXDia', 'SD', NULL, 'fn_sueldo_dia', '0', true, 'calcula el sueldo por dia segun su sueldo base', 10, NULL, '2019-09-20', NULL);
INSERT INTO sgnom.tsgnomargumento (cod_argumentoid, cod_nbargumento, cod_clavearg, imp_valorconst, des_funcionbd, cod_tipoargumento, bol_estatus, txt_descripcion, aud_codcreadopor, aud_codmodificadopor, aud_feccreacion, aud_fecmodificacion) VALUES (6, 'Horas trabajadas', 'HT', NULL, 'fn_horas_trabajadas', '0', true, 'consulta el numero de horas registradas en la incidencia', 10, NULL, '2019-09-20', NULL);
INSERT INTO sgnom.tsgnomargumento (cod_argumentoid, cod_nbargumento, cod_clavearg, imp_valorconst, des_funcionbd, cod_tipoargumento, bol_estatus, txt_descripcion, aud_codcreadopor, aud_codmodificadopor, aud_feccreacion, aud_fecmodificacion) VALUES (7, 'Dias trabajados', 'DT', NULL, 'fn_dias_trabajados', '0', true, 'consulta el numero de dias segun la incidencia', 10, NULL, '2019-09-20', NULL);
INSERT INTO sgnom.tsgnomargumento (cod_argumentoid, cod_nbargumento, cod_clavearg, imp_valorconst, des_funcionbd, cod_tipoargumento, bol_estatus, txt_descripcion, aud_codcreadopor, aud_codmodificadopor, aud_feccreacion, aud_fecmodificacion) VALUES (8, 'con proyecto', 'CP', 100.00, NULL, '1', true, 'sueldo con proyecto', 10, NULL, '2019-09-20', NULL);
INSERT INTO sgnom.tsgnomargumento (cod_argumentoid, cod_nbargumento, cod_clavearg, imp_valorconst, des_funcionbd, cod_tipoargumento, bol_estatus, txt_descripcion, aud_codcreadopor, aud_codmodificadopor, aud_feccreacion, aud_fecmodificacion) VALUES (9, 'sin proyecto', 'SP', 50.00, NULL, '1', true, 'sueldo sin proyecto', 10, NULL, '2019-09-20', NULL);
INSERT INTO sgnom.tsgnomargumento (cod_argumentoid, cod_nbargumento, cod_clavearg, imp_valorconst, des_funcionbd, cod_tipoargumento, bol_estatus, txt_descripcion, aud_codcreadopor, aud_codmodificadopor, aud_feccreacion, aud_fecmodificacion) VALUES (10, 'sin proyecto acuerdo', 'SPA', NULL, 'fn_sueldo_porcentaje', '0', true, 'calcula el sueldo segun el porcentaje acordado si no se cuenta con proyecto', 10, NULL, '2019-09-21', NULL);
INSERT INTO sgnom.tsgnomargumento (cod_argumentoid, cod_nbargumento, cod_clavearg, imp_valorconst, des_funcionbd, cod_tipoargumento, bol_estatus, txt_descripcion, aud_codcreadopor, aud_codmodificadopor, aud_feccreacion, aud_fecmodificacion) VALUES (4, 'DIASLABORADOS', 'DL', NULL, 'fn_dias_laborados', '0', true, 'dias laborados', 13, 13, '2019-07-15', '2019-09-09');
INSERT INTO sgnom.tsgnomargumento (cod_argumentoid, cod_nbargumento, cod_clavearg, imp_valorconst, des_funcionbd, cod_tipoargumento, bol_estatus, txt_descripcion, aud_codcreadopor, aud_codmodificadopor, aud_feccreacion, aud_fecmodificacion) VALUES (2, 'DIASDELMES', 'DM', 30.00, NULL, '1', true, 'dias del mes p', 10, 13, '2019-07-01', '2019-08-26');


--
-- TOC entry 4455 (class 0 OID 46655)
-- Dependencies: 217
-- Data for Name: tsgnombitacora; Type: TABLE DATA; Schema: sgnom; Owner: suite
--



--
-- TOC entry 4456 (class 0 OID 46661)
-- Dependencies: 218
-- Data for Name: tsgnomcabecera; Type: TABLE DATA; Schema: sgnom; Owner: suite
--

INSERT INTO sgnom.tsgnomcabecera (cod_cabeceraid, cod_nbnomina, fec_creacion, fec_ejecucion, fec_cierre, imp_totpercepcion, imp_totdeduccion, imp_totalemp, cod_quincenaid_fk, cod_tiponominaid_fk, cod_estatusnomid_fk, cnu_totalemp, aud_codcreadopor, aud_codmodificadopor, aud_feccreacion, aud_fecmodificacion) VALUES (1, 'General / 1era de septiembre / 2019', '2019-09-02', NULL, NULL, 2787.55, 0.00, 2787.55, 17, 1, 2, NULL, 13, NULL, '2019-09-02', NULL);


--
-- TOC entry 4457 (class 0 OID 46665)
-- Dependencies: 219
-- Data for Name: tsgnomcabeceraht; Type: TABLE DATA; Schema: sgnom; Owner: suite
--



--
-- TOC entry 4458 (class 0 OID 46668)
-- Dependencies: 220
-- Data for Name: tsgnomcalculo; Type: TABLE DATA; Schema: sgnom; Owner: suite
--

INSERT INTO sgnom.tsgnomcalculo (cod_calculoid, cod_tpcalculo, bol_estatus) VALUES (1, 'Importe', true);
INSERT INTO sgnom.tsgnomcalculo (cod_calculoid, cod_tpcalculo, bol_estatus) VALUES (2, 'Calculo', true);


--
-- TOC entry 4459 (class 0 OID 46671)
-- Dependencies: 221
-- Data for Name: tsgnomcatincidencia; Type: TABLE DATA; Schema: sgnom; Owner: suite
--

INSERT INTO sgnom.tsgnomcatincidencia (cod_catincidenciaid, cod_claveincidencia, cod_nbincidencia, cod_perfilincidencia, bol_estatus, cod_tipoincidencia, imp_monto) VALUES (10, 'P005', 'PRESENTAR PROYECTO', 'CONSULTOR', true, '3', NULL);
INSERT INTO sgnom.tsgnomcatincidencia (cod_catincidenciaid, cod_claveincidencia, cod_nbincidencia, cod_perfilincidencia, bol_estatus, cod_tipoincidencia, imp_monto) VALUES (11, 'P006', 'PROPUESTA CLIENTE', 'CONSULTOR', true, '3', NULL);
INSERT INTO sgnom.tsgnomcatincidencia (cod_catincidenciaid, cod_claveincidencia, cod_nbincidencia, cod_perfilincidencia, bol_estatus, cod_tipoincidencia, imp_monto) VALUES (13, 'PRUE', 'panda 21', 'ANALISTA', false, '2', 34.00);
INSERT INTO sgnom.tsgnomcatincidencia (cod_catincidenciaid, cod_claveincidencia, cod_nbincidencia, cod_perfilincidencia, bol_estatus, cod_tipoincidencia, imp_monto) VALUES (4, 'M', 'M', 'M', false, '1', 1.00);
INSERT INTO sgnom.tsgnomcatincidencia (cod_catincidenciaid, cod_claveincidencia, cod_nbincidencia, cod_perfilincidencia, bol_estatus, cod_tipoincidencia, imp_monto) VALUES (1, 'HE', 'horas extra 2', 'horas extra 2', true, '1', 1000.00);
INSERT INTO sgnom.tsgnomcatincidencia (cod_catincidenciaid, cod_claveincidencia, cod_nbincidencia, cod_perfilincidencia, bol_estatus, cod_tipoincidencia, imp_monto) VALUES (3, 'PAND', 'PANDA', 'PANDA', false, '1', 121.00);
INSERT INTO sgnom.tsgnomcatincidencia (cod_catincidenciaid, cod_claveincidencia, cod_nbincidencia, cod_perfilincidencia, bol_estatus, cod_tipoincidencia, imp_monto) VALUES (12, 'B001', 'BONIFICACION CLASE', 'ENCARGADO', true, '2', 789.00);
INSERT INTO sgnom.tsgnomcatincidencia (cod_catincidenciaid, cod_claveincidencia, cod_nbincidencia, cod_perfilincidencia, bol_estatus, cod_tipoincidencia, imp_monto) VALUES (2, 'JAJA', 'jajajajajaajajaj', 'fdv', false, '1', 3.00);
INSERT INTO sgnom.tsgnomcatincidencia (cod_catincidenciaid, cod_claveincidencia, cod_nbincidencia, cod_perfilincidencia, bol_estatus, cod_tipoincidencia, imp_monto) VALUES (5, 'FGGD', 'SDFW', 'Z', false, '1', 1.00);
INSERT INTO sgnom.tsgnomcatincidencia (cod_catincidenciaid, cod_claveincidencia, cod_nbincidencia, cod_perfilincidencia, bol_estatus, cod_tipoincidencia, imp_monto) VALUES (16, 'DNSF', 'assddd', 'qdq', false, '2', 12.00);
INSERT INTO sgnom.tsgnomcatincidencia (cod_catincidenciaid, cod_claveincidencia, cod_nbincidencia, cod_perfilincidencia, bol_estatus, cod_tipoincidencia, imp_monto) VALUES (17, 'DNSF', 'assddd', 'qdq', false, '2', 12.00);
INSERT INTO sgnom.tsgnomcatincidencia (cod_catincidenciaid, cod_claveincidencia, cod_nbincidencia, cod_perfilincidencia, bol_estatus, cod_tipoincidencia, imp_monto) VALUES (19, 'DNSF', 'assddd', 'qdq', false, '2', 12.00);
INSERT INTO sgnom.tsgnomcatincidencia (cod_catincidenciaid, cod_claveincidencia, cod_nbincidencia, cod_perfilincidencia, bol_estatus, cod_tipoincidencia, imp_monto) VALUES (21, 'DNSF', 'assddd', 'qdq', false, '2', 12.00);
INSERT INTO sgnom.tsgnomcatincidencia (cod_catincidenciaid, cod_claveincidencia, cod_nbincidencia, cod_perfilincidencia, bol_estatus, cod_tipoincidencia, imp_monto) VALUES (14, 'DNSF', 'assddd', 'qdq', false, '2', 12.00);
INSERT INTO sgnom.tsgnomcatincidencia (cod_catincidenciaid, cod_claveincidencia, cod_nbincidencia, cod_perfilincidencia, bol_estatus, cod_tipoincidencia, imp_monto) VALUES (20, 'DNSF', 'assddd', 'qdq', false, '2', 12.00);
INSERT INTO sgnom.tsgnomcatincidencia (cod_catincidenciaid, cod_claveincidencia, cod_nbincidencia, cod_perfilincidencia, bol_estatus, cod_tipoincidencia, imp_monto) VALUES (18, 'DNSF', 'assddd', 'qdq', false, '2', 12.00);
INSERT INTO sgnom.tsgnomcatincidencia (cod_catincidenciaid, cod_claveincidencia, cod_nbincidencia, cod_perfilincidencia, bol_estatus, cod_tipoincidencia, imp_monto) VALUES (15, 'DNSF', 'assddd', 'qdq', false, '2', 12.00);
INSERT INTO sgnom.tsgnomcatincidencia (cod_catincidenciaid, cod_claveincidencia, cod_nbincidencia, cod_perfilincidencia, bol_estatus, cod_tipoincidencia, imp_monto) VALUES (6, 'HE2', 'horas extra 2', 'horas extra 2', false, '1', 1000.00);
INSERT INTO sgnom.tsgnomcatincidencia (cod_catincidenciaid, cod_claveincidencia, cod_nbincidencia, cod_perfilincidencia, bol_estatus, cod_tipoincidencia, imp_monto) VALUES (8, 'C003', 'CELULA 3X3', 'ENCARGADO', false, '2', 45.00);
INSERT INTO sgnom.tsgnomcatincidencia (cod_catincidenciaid, cod_claveincidencia, cod_nbincidencia, cod_perfilincidencia, bol_estatus, cod_tipoincidencia, imp_monto) VALUES (9, 'H001', 'HORAS EXTRA', 'CONSULTOR', false, '1', 445.00);
INSERT INTO sgnom.tsgnomcatincidencia (cod_catincidenciaid, cod_claveincidencia, cod_nbincidencia, cod_perfilincidencia, bol_estatus, cod_tipoincidencia, imp_monto) VALUES (7, 'R002', 'REUNION CON CLIENTE', 'ANALISTA', false, '1', 12.00);


--
-- TOC entry 4460 (class 0 OID 46674)
-- Dependencies: 222
-- Data for Name: tsgnomclasificador; Type: TABLE DATA; Schema: sgnom; Owner: suite
--

INSERT INTO sgnom.tsgnomclasificador (cod_clasificadorid, cod_tpclasificador, bol_estatus) VALUES (1, 'clas1', true);
INSERT INTO sgnom.tsgnomclasificador (cod_clasificadorid, cod_tpclasificador, bol_estatus) VALUES (2, 'clas2', true);


--
-- TOC entry 4461 (class 0 OID 46677)
-- Dependencies: 223
-- Data for Name: tsgnomcncptoquinc; Type: TABLE DATA; Schema: sgnom; Owner: suite
--

INSERT INTO sgnom.tsgnomcncptoquinc (cod_cncptoquincid, cod_empquincenaid_fk, cod_conceptoid_fk, imp_concepto, imp_gravado, imp_exento, xml_desgloce) VALUES (1, 2, 1, 2500.00, 0.00, 0.00, '                
                <mx.org.ift.serp.conceptoBindingXml.DetallesConcepto>                  
                <claveConcepto>SQ</claveConcepto>                  
                <nombreConcepto>SUELDO QUINCENA</nombreConcepto><formula>:(:SUELDOBASE:/:DIASDELMES:):*:DIASLABORADOS</formula>                  
                <argumentos><mx.org.ift.serp.conceptoBindingXml.Argumento><nombre>SUELDOBASE</nombre>                            
                    <valor>5000.00</valor> <descripcion>SUELDOBASE</descripcion> </mx.org.ift.serp.conceptoBindingXml.Argumento><mx.org.ift.serp.conceptoBindingXml.Argumento><nombre>DIASDELMES</nombre>                            
                    <valor>30.00</valor> <descripcion>DIASDELMES</descripcion> </mx.org.ift.serp.conceptoBindingXml.Argumento><mx.org.ift.serp.conceptoBindingXml.Argumento><nombre>DIASLABORADOS</nombre>                            
                    <valor>15.00</valor> <descripcion>DIASLABORADOS</descripcion> </mx.org.ift.serp.conceptoBindingXml.Argumento></argumentos><importe>2500.00</importe> </mx.org.ift.serp.conceptoBindingXml.DetallesConcepto>  ');
INSERT INTO sgnom.tsgnomcncptoquinc (cod_cncptoquincid, cod_empquincenaid_fk, cod_conceptoid_fk, imp_concepto, imp_gravado, imp_exento, xml_desgloce) VALUES (2, 3, 1, 31.95, 0.00, 0.00, '                
                <mx.org.ift.serp.conceptoBindingXml.DetallesConcepto>                  
                <claveConcepto>SQ</claveConcepto>                  
                <nombreConcepto>SUELDO QUINCENA</nombreConcepto><formula>:(:SUELDOBASE:/:DIASDELMES:):*:DIASLABORADOS</formula>                  
                <argumentos><mx.org.ift.serp.conceptoBindingXml.Argumento><nombre>SUELDOBASE</nombre>                            
                    <valor>5000.00</valor> <descripcion>SUELDOBASE</descripcion> </mx.org.ift.serp.conceptoBindingXml.Argumento><mx.org.ift.serp.conceptoBindingXml.Argumento><nombre>DIASDELMES</nombre>                            
                    <valor>30.00</valor> <descripcion>DIASDELMES</descripcion> </mx.org.ift.serp.conceptoBindingXml.Argumento><mx.org.ift.serp.conceptoBindingXml.Argumento><nombre>DIASLABORADOS</nombre>                            
                    <valor>15.00</valor> <descripcion>DIASLABORADOS</descripcion> </mx.org.ift.serp.conceptoBindingXml.Argumento></argumentos><importe>2500.00</importe> </mx.org.ift.serp.conceptoBindingXml.DetallesConcepto>  ');
INSERT INTO sgnom.tsgnomcncptoquinc (cod_cncptoquincid, cod_empquincenaid_fk, cod_conceptoid_fk, imp_concepto, imp_gravado, imp_exento, xml_desgloce) VALUES (6, 3, 2, 31.95, 0.00, NULL, '                
                <mx.org.ift.serp.conceptoBindingXml.DetallesConcepto>                  
                <claveConcepto>QW</claveConcepto>                  
                <nombreConcepto>QW</nombreConcepto><formula>:(:SUELDOBASE:/:con proyecto:):*:DIASLABORADOS</formula>                  
                <argumentos><mx.org.ift.serp.conceptoBindingXml.Argumento><nombre>SUELDOBASE</nombre>                            
                    <valor>213.00</valor> <descripcion>SUELDOBASE</descripcion> </mx.org.ift.serp.conceptoBindingXml.Argumento><mx.org.ift.serp.conceptoBindingXml.Argumento><nombre>con proyecto</nombre>                            
                    <valor>100.00</valor> <descripcion>con proyecto</descripcion> </mx.org.ift.serp.conceptoBindingXml.Argumento><mx.org.ift.serp.conceptoBindingXml.Argumento><nombre>DIASLABORADOS</nombre>                            
                    <valor>15.00</valor> <descripcion>DIASLABORADOS</descripcion> </mx.org.ift.serp.conceptoBindingXml.Argumento></argumentos><importe>31.95</importe> </mx.org.ift.serp.conceptoBindingXml.DetallesConcepto>  ');
INSERT INTO sgnom.tsgnomcncptoquinc (cod_cncptoquincid, cod_empquincenaid_fk, cod_conceptoid_fk, imp_concepto, imp_gravado, imp_exento, xml_desgloce) VALUES (7, 3, 2, 31.95, 0.00, NULL, '                
                <mx.org.ift.serp.conceptoBindingXml.DetallesConcepto>                  
                <claveConcepto>QW</claveConcepto>                  
                <nombreConcepto>QW</nombreConcepto><formula>:(:SUELDOBASE:/:con proyecto:):*:DIASLABORADOS</formula>                  
                <argumentos><mx.org.ift.serp.conceptoBindingXml.Argumento><nombre>SUELDOBASE</nombre>                            
                    <valor>213.00</valor> <descripcion>SUELDOBASE</descripcion> </mx.org.ift.serp.conceptoBindingXml.Argumento><mx.org.ift.serp.conceptoBindingXml.Argumento><nombre>con proyecto</nombre>                            
                    <valor>100.00</valor> <descripcion>con proyecto</descripcion> </mx.org.ift.serp.conceptoBindingXml.Argumento><mx.org.ift.serp.conceptoBindingXml.Argumento><nombre>DIASLABORADOS</nombre>                            
                    <valor>15.00</valor> <descripcion>DIASLABORADOS</descripcion> </mx.org.ift.serp.conceptoBindingXml.Argumento></argumentos><importe>31.95</importe> </mx.org.ift.serp.conceptoBindingXml.DetallesConcepto>  ');
INSERT INTO sgnom.tsgnomcncptoquinc (cod_cncptoquincid, cod_empquincenaid_fk, cod_conceptoid_fk, imp_concepto, imp_gravado, imp_exento, xml_desgloce) VALUES (3, 4, 1, 31.95, 0.00, 0.00, '                
                <mx.org.ift.serp.conceptoBindingXml.DetallesConcepto>                  
                <claveConcepto>QW</claveConcepto>                  
                <nombreConcepto>QW</nombreConcepto><formula>:(:SUELDOBASE:/:con proyecto:):*:DIASLABORADOS</formula>                  
                <argumentos><mx.org.ift.serp.conceptoBindingXml.Argumento><nombre>SUELDOBASE</nombre>                            
                    <valor>213.00</valor> <descripcion>SUELDOBASE</descripcion> </mx.org.ift.serp.conceptoBindingXml.Argumento><mx.org.ift.serp.conceptoBindingXml.Argumento><nombre>con proyecto</nombre>                            
                    <valor>100.00</valor> <descripcion>con proyecto</descripcion> </mx.org.ift.serp.conceptoBindingXml.Argumento><mx.org.ift.serp.conceptoBindingXml.Argumento><nombre>DIASLABORADOS</nombre>                            
                    <valor>15.00</valor> <descripcion>DIASLABORADOS</descripcion> </mx.org.ift.serp.conceptoBindingXml.Argumento></argumentos><importe>31.95</importe> </mx.org.ift.serp.conceptoBindingXml.DetallesConcepto>  ');
INSERT INTO sgnom.tsgnomcncptoquinc (cod_cncptoquincid, cod_empquincenaid_fk, cod_conceptoid_fk, imp_concepto, imp_gravado, imp_exento, xml_desgloce) VALUES (8, 4, 2, 31.95, 0.00, NULL, '                
                <mx.org.ift.serp.conceptoBindingXml.DetallesConcepto>                  
                <claveConcepto>QW</claveConcepto>                  
                <nombreConcepto>QW</nombreConcepto><formula>:(:SUELDOBASE:/:con proyecto:):*:DIASLABORADOS</formula>                  
                <argumentos><mx.org.ift.serp.conceptoBindingXml.Argumento><nombre>SUELDOBASE</nombre>                            
                    <valor>213.00</valor> <descripcion>SUELDOBASE</descripcion> </mx.org.ift.serp.conceptoBindingXml.Argumento><mx.org.ift.serp.conceptoBindingXml.Argumento><nombre>con proyecto</nombre>                            
                    <valor>100.00</valor> <descripcion>con proyecto</descripcion> </mx.org.ift.serp.conceptoBindingXml.Argumento><mx.org.ift.serp.conceptoBindingXml.Argumento><nombre>DIASLABORADOS</nombre>                            
                    <valor>15.00</valor> <descripcion>DIASLABORADOS</descripcion> </mx.org.ift.serp.conceptoBindingXml.Argumento></argumentos><importe>31.95</importe> </mx.org.ift.serp.conceptoBindingXml.DetallesConcepto>  ');
INSERT INTO sgnom.tsgnomcncptoquinc (cod_cncptoquincid, cod_empquincenaid_fk, cod_conceptoid_fk, imp_concepto, imp_gravado, imp_exento, xml_desgloce) VALUES (4, 5, 1, 31.95, 0.00, 0.00, '                
                <mx.org.ift.serp.conceptoBindingXml.DetallesConcepto>                  
                <claveConcepto>QW</claveConcepto>                  
                <nombreConcepto>QW</nombreConcepto><formula>:(:SUELDOBASE:/:con proyecto:):*:DIASLABORADOS</formula>                  
                <argumentos><mx.org.ift.serp.conceptoBindingXml.Argumento><nombre>SUELDOBASE</nombre>                            
                    <valor>213.00</valor> <descripcion>SUELDOBASE</descripcion> </mx.org.ift.serp.conceptoBindingXml.Argumento><mx.org.ift.serp.conceptoBindingXml.Argumento><nombre>con proyecto</nombre>                            
                    <valor>100.00</valor> <descripcion>con proyecto</descripcion> </mx.org.ift.serp.conceptoBindingXml.Argumento><mx.org.ift.serp.conceptoBindingXml.Argumento><nombre>DIASLABORADOS</nombre>                            
                    <valor>15.00</valor> <descripcion>DIASLABORADOS</descripcion> </mx.org.ift.serp.conceptoBindingXml.Argumento></argumentos><importe>31.95</importe> </mx.org.ift.serp.conceptoBindingXml.DetallesConcepto>  ');
INSERT INTO sgnom.tsgnomcncptoquinc (cod_cncptoquincid, cod_empquincenaid_fk, cod_conceptoid_fk, imp_concepto, imp_gravado, imp_exento, xml_desgloce) VALUES (9, 5, 2, 31.95, 0.00, NULL, '                
                <mx.org.ift.serp.conceptoBindingXml.DetallesConcepto>                  
                <claveConcepto>QW</claveConcepto>                  
                <nombreConcepto>QW</nombreConcepto><formula>:(:SUELDOBASE:/:con proyecto:):*:DIASLABORADOS</formula>                  
                <argumentos><mx.org.ift.serp.conceptoBindingXml.Argumento><nombre>SUELDOBASE</nombre>                            
                    <valor>213.00</valor> <descripcion>SUELDOBASE</descripcion> </mx.org.ift.serp.conceptoBindingXml.Argumento><mx.org.ift.serp.conceptoBindingXml.Argumento><nombre>con proyecto</nombre>                            
                    <valor>100.00</valor> <descripcion>con proyecto</descripcion> </mx.org.ift.serp.conceptoBindingXml.Argumento><mx.org.ift.serp.conceptoBindingXml.Argumento><nombre>DIASLABORADOS</nombre>                            
                    <valor>15.00</valor> <descripcion>DIASLABORADOS</descripcion> </mx.org.ift.serp.conceptoBindingXml.Argumento></argumentos><importe>31.95</importe> </mx.org.ift.serp.conceptoBindingXml.DetallesConcepto>  ');
INSERT INTO sgnom.tsgnomcncptoquinc (cod_cncptoquincid, cod_empquincenaid_fk, cod_conceptoid_fk, imp_concepto, imp_gravado, imp_exento, xml_desgloce) VALUES (5, 6, 1, 31.95, 0.00, 0.00, '                
                <mx.org.ift.serp.conceptoBindingXml.DetallesConcepto>                  
                <claveConcepto>QW</claveConcepto>                  
                <nombreConcepto>QW</nombreConcepto><formula>:(:SUELDOBASE:/:con proyecto:):*:DIASLABORADOS</formula>                  
                <argumentos><mx.org.ift.serp.conceptoBindingXml.Argumento><nombre>SUELDOBASE</nombre>                            
                    <valor>213.00</valor> <descripcion>SUELDOBASE</descripcion> </mx.org.ift.serp.conceptoBindingXml.Argumento><mx.org.ift.serp.conceptoBindingXml.Argumento><nombre>con proyecto</nombre>                            
                    <valor>100.00</valor> <descripcion>con proyecto</descripcion> </mx.org.ift.serp.conceptoBindingXml.Argumento><mx.org.ift.serp.conceptoBindingXml.Argumento><nombre>DIASLABORADOS</nombre>                            
                    <valor>15.00</valor> <descripcion>DIASLABORADOS</descripcion> </mx.org.ift.serp.conceptoBindingXml.Argumento></argumentos><importe>31.95</importe> </mx.org.ift.serp.conceptoBindingXml.DetallesConcepto>  ');
INSERT INTO sgnom.tsgnomcncptoquinc (cod_cncptoquincid, cod_empquincenaid_fk, cod_conceptoid_fk, imp_concepto, imp_gravado, imp_exento, xml_desgloce) VALUES (10, 6, 2, 31.95, 0.00, NULL, '                
                <mx.org.ift.serp.conceptoBindingXml.DetallesConcepto>                  
                <claveConcepto>QW</claveConcepto>                  
                <nombreConcepto>QW</nombreConcepto><formula>:(:SUELDOBASE:/:con proyecto:):*:DIASLABORADOS</formula>                  
                <argumentos><mx.org.ift.serp.conceptoBindingXml.Argumento><nombre>SUELDOBASE</nombre>                            
                    <valor>213.00</valor> <descripcion>SUELDOBASE</descripcion> </mx.org.ift.serp.conceptoBindingXml.Argumento><mx.org.ift.serp.conceptoBindingXml.Argumento><nombre>con proyecto</nombre>                            
                    <valor>100.00</valor> <descripcion>con proyecto</descripcion> </mx.org.ift.serp.conceptoBindingXml.Argumento><mx.org.ift.serp.conceptoBindingXml.Argumento><nombre>DIASLABORADOS</nombre>                            
                    <valor>15.00</valor> <descripcion>DIASLABORADOS</descripcion> </mx.org.ift.serp.conceptoBindingXml.Argumento></argumentos><importe>31.95</importe> </mx.org.ift.serp.conceptoBindingXml.DetallesConcepto>  ');


--
-- TOC entry 4462 (class 0 OID 46683)
-- Dependencies: 224
-- Data for Name: tsgnomcncptoquincht; Type: TABLE DATA; Schema: sgnom; Owner: suite
--



--
-- TOC entry 4463 (class 0 OID 46689)
-- Dependencies: 225
-- Data for Name: tsgnomconcepto; Type: TABLE DATA; Schema: sgnom; Owner: suite
--

INSERT INTO sgnom.tsgnomconcepto (cod_conceptoid, cod_nbconcepto, cod_claveconcepto, cnu_prioricalculo, cnu_articulo, bol_estatus, cod_formulaid_fk, cod_tipoconceptoid_fk, cod_calculoid_fk, cod_conceptosatid_fk, cod_frecuenciapago, cod_partidaprep, cnu_cuentacontable, cod_gravado, cod_excento, bol_aplicaisn, bol_retroactividad, cnu_topeex, cod_clasificadorid_fk, cod_tiponominaid_fk, aud_codcreadopor, aud_codmodificadopor, aud_feccreacion, aud_fecmodificacion) VALUES (1, 'SUELDO QUINCENA', 'SQ', 1, 1, true, 9, 2, 2, 1, 'Q', 1, 1, '0', '0', false, false, NULL, 1, 1, 13, 13, '2019-07-08', '2019-08-19');
INSERT INTO sgnom.tsgnomconcepto (cod_conceptoid, cod_nbconcepto, cod_claveconcepto, cnu_prioricalculo, cnu_articulo, bol_estatus, cod_formulaid_fk, cod_tipoconceptoid_fk, cod_calculoid_fk, cod_conceptosatid_fk, cod_frecuenciapago, cod_partidaprep, cnu_cuentacontable, cod_gravado, cod_excento, bol_aplicaisn, bol_retroactividad, cnu_topeex, cod_clasificadorid_fk, cod_tiponominaid_fk, aud_codcreadopor, aud_codmodificadopor, aud_feccreacion, aud_fecmodificacion) VALUES (2, 'QW', 'QW', 2, 2, true, 10, 2, 2, 1, 'Q', 20, 2, NULL, NULL, false, false, NULL, 1, 1, 13, NULL, '2019-09-09', NULL);


--
-- TOC entry 4464 (class 0 OID 46692)
-- Dependencies: 226
-- Data for Name: tsgnomconceptosat; Type: TABLE DATA; Schema: sgnom; Owner: suite
--

INSERT INTO sgnom.tsgnomconceptosat (cod_conceptosatid, des_conceptosat, des_descconcepto, bol_estatus) VALUES (1, 'ss1', 'sat1', true);
INSERT INTO sgnom.tsgnomconceptosat (cod_conceptosatid, des_conceptosat, des_descconcepto, bol_estatus) VALUES (2, 'ss2', 'sat2', true);


--
-- TOC entry 4465 (class 0 OID 46695)
-- Dependencies: 227
-- Data for Name: tsgnomconfpago; Type: TABLE DATA; Schema: sgnom; Owner: suite
--



--
-- TOC entry 4466 (class 0 OID 46698)
-- Dependencies: 228
-- Data for Name: tsgnomejercicio; Type: TABLE DATA; Schema: sgnom; Owner: suite
--

INSERT INTO sgnom.tsgnomejercicio (cod_ejercicioid, cnu_valorejercicio, bol_estatus) VALUES (1, 2014, true);
INSERT INTO sgnom.tsgnomejercicio (cod_ejercicioid, cnu_valorejercicio, bol_estatus) VALUES (2, 2015, true);
INSERT INTO sgnom.tsgnomejercicio (cod_ejercicioid, cnu_valorejercicio, bol_estatus) VALUES (3, 2016, true);
INSERT INTO sgnom.tsgnomejercicio (cod_ejercicioid, cnu_valorejercicio, bol_estatus) VALUES (4, 2017, true);
INSERT INTO sgnom.tsgnomejercicio (cod_ejercicioid, cnu_valorejercicio, bol_estatus) VALUES (5, 2018, true);
INSERT INTO sgnom.tsgnomejercicio (cod_ejercicioid, cnu_valorejercicio, bol_estatus) VALUES (6, 2019, true);
INSERT INTO sgnom.tsgnomejercicio (cod_ejercicioid, cnu_valorejercicio, bol_estatus) VALUES (7, 2020, true);
INSERT INTO sgnom.tsgnomejercicio (cod_ejercicioid, cnu_valorejercicio, bol_estatus) VALUES (8, 2021, true);


--
-- TOC entry 4467 (class 0 OID 46701)
-- Dependencies: 229
-- Data for Name: tsgnomempleados; Type: TABLE DATA; Schema: sgnom; Owner: suite
--

INSERT INTO sgnom.tsgnomempleados (cod_empleadoid, fec_ingreso, fec_salida, bol_estatus, cod_empleado_fk, imp_sueldoimss, imp_honorarios, imp_finiquito, cod_tipoimss, cod_tipohonorarios, cod_banco, cod_sucursal, cod_cuenta, txt_descripcionbaja, aud_codcreadopor, aud_feccreacion, aud_codmodificadopor, aud_fecmodificacion, cod_clabe, des_validacion) VALUES (18, '2019-05-07', '2019-06-10', false, 18, 123.00, 213.00, 123.00, '1', 'o', '123', 321, '12345', 'baja', 1, '2190-12-21', 1, '1990-12-21', '12345', NULL);
INSERT INTO sgnom.tsgnomempleados (cod_empleadoid, fec_ingreso, fec_salida, bol_estatus, cod_empleado_fk, imp_sueldoimss, imp_honorarios, imp_finiquito, cod_tipoimss, cod_tipohonorarios, cod_banco, cod_sucursal, cod_cuenta, txt_descripcionbaja, aud_codcreadopor, aud_feccreacion, aud_codmodificadopor, aud_fecmodificacion, cod_clabe, des_validacion) VALUES (10, '2019-05-07', '2019-07-10', false, 10, 123.00, 20000.00, 123.00, '1', 'o', '123', 321, '12345', 'baja', 1, '2190-12-21', 1, '1990-12-21', '12345', NULL);
INSERT INTO sgnom.tsgnomempleados (cod_empleadoid, fec_ingreso, fec_salida, bol_estatus, cod_empleado_fk, imp_sueldoimss, imp_honorarios, imp_finiquito, cod_tipoimss, cod_tipohonorarios, cod_banco, cod_sucursal, cod_cuenta, txt_descripcionbaja, aud_codcreadopor, aud_feccreacion, aud_codmodificadopor, aud_fecmodificacion, cod_clabe, des_validacion) VALUES (1, '2019-05-07', NULL, true, 1, 12333.00, 5000.00, 123.00, '1', 'o', '123', 321, '12345', 'baja', 1, '2190-12-21', 1, '1990-12-21', '12345', false);
INSERT INTO sgnom.tsgnomempleados (cod_empleadoid, fec_ingreso, fec_salida, bol_estatus, cod_empleado_fk, imp_sueldoimss, imp_honorarios, imp_finiquito, cod_tipoimss, cod_tipohonorarios, cod_banco, cod_sucursal, cod_cuenta, txt_descripcionbaja, aud_codcreadopor, aud_feccreacion, aud_codmodificadopor, aud_fecmodificacion, cod_clabe, des_validacion) VALUES (11, '2019-05-07', '2019-08-10', true, 11, 123.00, 8200.00, 123.00, '1', 'o', '123', 321, '12345', 'baja', 1, '2190-12-21', 1, '1990-12-21', '12345', true);
INSERT INTO sgnom.tsgnomempleados (cod_empleadoid, fec_ingreso, fec_salida, bol_estatus, cod_empleado_fk, imp_sueldoimss, imp_honorarios, imp_finiquito, cod_tipoimss, cod_tipohonorarios, cod_banco, cod_sucursal, cod_cuenta, txt_descripcionbaja, aud_codcreadopor, aud_feccreacion, aud_codmodificadopor, aud_fecmodificacion, cod_clabe, des_validacion) VALUES (12, '2019-05-07', NULL, true, 12, 123.00, 213.00, 123.00, '1', 'o', '123', 321, '12345', 'baja', 1, '2190-12-21', 1, '1990-12-21', '12345', true);
INSERT INTO sgnom.tsgnomempleados (cod_empleadoid, fec_ingreso, fec_salida, bol_estatus, cod_empleado_fk, imp_sueldoimss, imp_honorarios, imp_finiquito, cod_tipoimss, cod_tipohonorarios, cod_banco, cod_sucursal, cod_cuenta, txt_descripcionbaja, aud_codcreadopor, aud_feccreacion, aud_codmodificadopor, aud_fecmodificacion, cod_clabe, des_validacion) VALUES (13, '2019-05-07', '2020-05-10', true, 13, 123.00, 213.00, 123.00, '1', 'o', '123', 321, '12345', 'baja', 1, '2190-12-21', 1, '1990-12-21', '12345', true);
INSERT INTO sgnom.tsgnomempleados (cod_empleadoid, fec_ingreso, fec_salida, bol_estatus, cod_empleado_fk, imp_sueldoimss, imp_honorarios, imp_finiquito, cod_tipoimss, cod_tipohonorarios, cod_banco, cod_sucursal, cod_cuenta, txt_descripcionbaja, aud_codcreadopor, aud_feccreacion, aud_codmodificadopor, aud_fecmodificacion, cod_clabe, des_validacion) VALUES (14, '2019-05-07', NULL, true, 14, 123.00, 213.00, 123.00, '1', 'o', '123', 321, '12345', 'baja', 1, '2190-12-21', 1, '1990-12-21', '12345', true);
INSERT INTO sgnom.tsgnomempleados (cod_empleadoid, fec_ingreso, fec_salida, bol_estatus, cod_empleado_fk, imp_sueldoimss, imp_honorarios, imp_finiquito, cod_tipoimss, cod_tipohonorarios, cod_banco, cod_sucursal, cod_cuenta, txt_descripcionbaja, aud_codcreadopor, aud_feccreacion, aud_codmodificadopor, aud_fecmodificacion, cod_clabe, des_validacion) VALUES (15, '2019-05-07', '2019-05-10', true, 15, 123.00, 1000.00, 123.00, '1', 'o', '123', 321, '12345', 'baja', 1, '2190-12-21', 1, '1990-12-21', '12345', true);
INSERT INTO sgnom.tsgnomempleados (cod_empleadoid, fec_ingreso, fec_salida, bol_estatus, cod_empleado_fk, imp_sueldoimss, imp_honorarios, imp_finiquito, cod_tipoimss, cod_tipohonorarios, cod_banco, cod_sucursal, cod_cuenta, txt_descripcionbaja, aud_codcreadopor, aud_feccreacion, aud_codmodificadopor, aud_fecmodificacion, cod_clabe, des_validacion) VALUES (16, '2019-05-07', NULL, true, 16, 123.00, 213.00, 123.00, '1', 'o', '123', 321, '12345', 'baja', 1, '2190-12-21', 1, '1990-12-21', '12345', true);
INSERT INTO sgnom.tsgnomempleados (cod_empleadoid, fec_ingreso, fec_salida, bol_estatus, cod_empleado_fk, imp_sueldoimss, imp_honorarios, imp_finiquito, cod_tipoimss, cod_tipohonorarios, cod_banco, cod_sucursal, cod_cuenta, txt_descripcionbaja, aud_codcreadopor, aud_feccreacion, aud_codmodificadopor, aud_fecmodificacion, cod_clabe, des_validacion) VALUES (17, '2019-05-07', '2019-05-10', true, 17, 123.00, 2213.00, 123.00, '1', 'o', '123', 321, '12345', 'baja', 1, '2190-12-21', 1, '1990-12-21', '12345', true);
INSERT INTO sgnom.tsgnomempleados (cod_empleadoid, fec_ingreso, fec_salida, bol_estatus, cod_empleado_fk, imp_sueldoimss, imp_honorarios, imp_finiquito, cod_tipoimss, cod_tipohonorarios, cod_banco, cod_sucursal, cod_cuenta, txt_descripcionbaja, aud_codcreadopor, aud_feccreacion, aud_codmodificadopor, aud_fecmodificacion, cod_clabe, des_validacion) VALUES (19, '2019-05-07', '2019-07-12', true, 19, 10000.00, 1000.00, 123.00, '1', 'o', '123', 321, '12345', 'baja', 1, '2190-12-21', 1, '1990-12-21', '12345', true);
INSERT INTO sgnom.tsgnomempleados (cod_empleadoid, fec_ingreso, fec_salida, bol_estatus, cod_empleado_fk, imp_sueldoimss, imp_honorarios, imp_finiquito, cod_tipoimss, cod_tipohonorarios, cod_banco, cod_sucursal, cod_cuenta, txt_descripcionbaja, aud_codcreadopor, aud_feccreacion, aud_codmodificadopor, aud_fecmodificacion, cod_clabe, des_validacion) VALUES (20, '2019-05-07', '2019-07-15', true, 20, 123.00, 2000.00, 123.00, '1', 'o', '123', 321, '12345', 'baja', 1, '2190-12-21', 1, '1990-12-21', '12345', true);
INSERT INTO sgnom.tsgnomempleados (cod_empleadoid, fec_ingreso, fec_salida, bol_estatus, cod_empleado_fk, imp_sueldoimss, imp_honorarios, imp_finiquito, cod_tipoimss, cod_tipohonorarios, cod_banco, cod_sucursal, cod_cuenta, txt_descripcionbaja, aud_codcreadopor, aud_feccreacion, aud_codmodificadopor, aud_fecmodificacion, cod_clabe, des_validacion) VALUES (21, '2019-05-07', '2019-05-10', true, 21, 123.00, 2000.00, 123.00, '1', 'o', '123', 321, '12345', 'baja', 1, '2190-12-21', 1, '1990-12-21', '12345', true);


--
-- TOC entry 4468 (class 0 OID 46707)
-- Dependencies: 230
-- Data for Name: tsgnomempquincena; Type: TABLE DATA; Schema: sgnom; Owner: suite
--

INSERT INTO sgnom.tsgnomempquincena (cod_empquincenaid, cod_empleadoid_fk, cod_cabeceraid_fk, imp_totpercepcion, imp_totdeduccion, imp_totalemp, bol_estatusemp) VALUES (2, 1, 1, 2500.00, 0.00, 2500.00, true);
INSERT INTO sgnom.tsgnomempquincena (cod_empquincenaid, cod_empleadoid_fk, cod_cabeceraid_fk, imp_totpercepcion, imp_totdeduccion, imp_totalemp, bol_estatusemp) VALUES (3, 12, 1, 95.85, 0.00, 95.85, true);
INSERT INTO sgnom.tsgnomempquincena (cod_empquincenaid, cod_empleadoid_fk, cod_cabeceraid_fk, imp_totpercepcion, imp_totdeduccion, imp_totalemp, bol_estatusemp) VALUES (4, 13, 1, 63.90, 0.00, 63.90, true);
INSERT INTO sgnom.tsgnomempquincena (cod_empquincenaid, cod_empleadoid_fk, cod_cabeceraid_fk, imp_totpercepcion, imp_totdeduccion, imp_totalemp, bol_estatusemp) VALUES (5, 14, 1, 63.90, 0.00, 63.90, true);
INSERT INTO sgnom.tsgnomempquincena (cod_empquincenaid, cod_empleadoid_fk, cod_cabeceraid_fk, imp_totpercepcion, imp_totdeduccion, imp_totalemp, bol_estatusemp) VALUES (6, 16, 1, 63.90, 0.00, 63.90, true);


--
-- TOC entry 4469 (class 0 OID 46711)
-- Dependencies: 231
-- Data for Name: tsgnomempquincenaht; Type: TABLE DATA; Schema: sgnom; Owner: suite
--



--
-- TOC entry 4470 (class 0 OID 46714)
-- Dependencies: 232
-- Data for Name: tsgnomestatusnom; Type: TABLE DATA; Schema: sgnom; Owner: suite
--

INSERT INTO sgnom.tsgnomestatusnom (cod_estatusnomid, cod_estatusnomina, bol_estatus) VALUES (2, 'calculada', true);
INSERT INTO sgnom.tsgnomestatusnom (cod_estatusnomid, cod_estatusnomina, bol_estatus) VALUES (1, 'abierta', true);


--
-- TOC entry 4471 (class 0 OID 46717)
-- Dependencies: 233
-- Data for Name: tsgnomformula; Type: TABLE DATA; Schema: sgnom; Owner: suite
--

INSERT INTO sgnom.tsgnomformula (cod_formulaid, des_nbformula, des_formula, bol_estatus) VALUES (9, 'SUELDO QUINCENA', ':(:SUELDOBASE:/:DIASDELMES:):*:DIASLABORADOS', true);
INSERT INTO sgnom.tsgnomformula (cod_formulaid, des_nbformula, des_formula, bol_estatus) VALUES (10, 'QW', ':(:SUELDOBASE:/:con proyecto:):*:DIASLABORADOS', true);


--
-- TOC entry 4472 (class 0 OID 46720)
-- Dependencies: 234
-- Data for Name: tsgnomfuncion; Type: TABLE DATA; Schema: sgnom; Owner: suite
--

INSERT INTO sgnom.tsgnomfuncion (cod_funcionid, cod_nbfuncion, bol_estatus) VALUES (1, 'fn_sueldo_base', true);
INSERT INTO sgnom.tsgnomfuncion (cod_funcionid, cod_nbfuncion, bol_estatus) VALUES (2, 'fn_dias_laborad', true);


--
-- TOC entry 4473 (class 0 OID 46723)
-- Dependencies: 235
-- Data for Name: tsgnomhisttabla; Type: TABLE DATA; Schema: sgnom; Owner: suite
--



--
-- TOC entry 4474 (class 0 OID 46726)
-- Dependencies: 236
-- Data for Name: tsgnomincidencia; Type: TABLE DATA; Schema: sgnom; Owner: suite
--

INSERT INTO sgnom.tsgnomincidencia (cod_incidenciaid, cod_catincidenciaid_fk, cnu_cantidad, des_actividad, txt_comentarios, cod_empreporta_fk, cod_empautoriza_fk, imp_monto, xml_detcantidad, bol_estatus, cod_quincenaid_fk, bol_validacion, fec_validacion, aud_codcreadopor, aud_feccreacion, aud_codmodificadopor, aud_fecmodificacion) VALUES (2, 7, 1, NULL, 'CURSO ALUMNOS', 10, NULL, NULL, NULL, false, 16, NULL, NULL, 16, '2019-05-25', 16, '2019-07-16');
INSERT INTO sgnom.tsgnomincidencia (cod_incidenciaid, cod_catincidenciaid_fk, cnu_cantidad, des_actividad, txt_comentarios, cod_empreporta_fk, cod_empautoriza_fk, imp_monto, xml_detcantidad, bol_estatus, cod_quincenaid_fk, bol_validacion, fec_validacion, aud_codcreadopor, aud_feccreacion, aud_codmodificadopor, aud_fecmodificacion) VALUES (4, 6, 0, '', '', 10, NULL, NULL, NULL, false, 16, NULL, NULL, 16, '2019-07-17', NULL, NULL);
INSERT INTO sgnom.tsgnomincidencia (cod_incidenciaid, cod_catincidenciaid_fk, cnu_cantidad, des_actividad, txt_comentarios, cod_empreporta_fk, cod_empautoriza_fk, imp_monto, xml_detcantidad, bol_estatus, cod_quincenaid_fk, bol_validacion, fec_validacion, aud_codcreadopor, aud_feccreacion, aud_codmodificadopor, aud_fecmodificacion) VALUES (3, 9, 0, '', '', 10, NULL, NULL, NULL, false, 16, NULL, NULL, 16, '2019-07-17', NULL, NULL);
INSERT INTO sgnom.tsgnomincidencia (cod_incidenciaid, cod_catincidenciaid_fk, cnu_cantidad, des_actividad, txt_comentarios, cod_empreporta_fk, cod_empautoriza_fk, imp_monto, xml_detcantidad, bol_estatus, cod_quincenaid_fk, bol_validacion, fec_validacion, aud_codcreadopor, aud_feccreacion, aud_codmodificadopor, aud_fecmodificacion) VALUES (6, 6, 0, '', '', 10, NULL, NULL, NULL, false, 16, false, NULL, 16, '2019-07-17', 16, '2019-08-22');
INSERT INTO sgnom.tsgnomincidencia (cod_incidenciaid, cod_catincidenciaid_fk, cnu_cantidad, des_actividad, txt_comentarios, cod_empreporta_fk, cod_empautoriza_fk, imp_monto, xml_detcantidad, bol_estatus, cod_quincenaid_fk, bol_validacion, fec_validacion, aud_codcreadopor, aud_feccreacion, aud_codmodificadopor, aud_fecmodificacion) VALUES (1, 7, 1, NULL, 'CURSO ALUMNOS', 10, NULL, NULL, NULL, false, 16, NULL, NULL, 16, '2019-05-25', 16, '2019-07-16');
INSERT INTO sgnom.tsgnomincidencia (cod_incidenciaid, cod_catincidenciaid_fk, cnu_cantidad, des_actividad, txt_comentarios, cod_empreporta_fk, cod_empautoriza_fk, imp_monto, xml_detcantidad, bol_estatus, cod_quincenaid_fk, bol_validacion, fec_validacion, aud_codcreadopor, aud_feccreacion, aud_codmodificadopor, aud_fecmodificacion) VALUES (5, 9, 0, '', '', 10, NULL, NULL, NULL, false, 16, NULL, NULL, 16, '2019-07-17', NULL, NULL);
INSERT INTO sgnom.tsgnomincidencia (cod_incidenciaid, cod_catincidenciaid_fk, cnu_cantidad, des_actividad, txt_comentarios, cod_empreporta_fk, cod_empautoriza_fk, imp_monto, xml_detcantidad, bol_estatus, cod_quincenaid_fk, bol_validacion, fec_validacion, aud_codcreadopor, aud_feccreacion, aud_codmodificadopor, aud_fecmodificacion) VALUES (7, 9, NULL, 'VENTA PROYECTO', NULL, 10, NULL, NULL, NULL, true, 16, false, NULL, 16, '2019-05-25', NULL, NULL);
INSERT INTO sgnom.tsgnomincidencia (cod_incidenciaid, cod_catincidenciaid_fk, cnu_cantidad, des_actividad, txt_comentarios, cod_empreporta_fk, cod_empautoriza_fk, imp_monto, xml_detcantidad, bol_estatus, cod_quincenaid_fk, bol_validacion, fec_validacion, aud_codcreadopor, aud_feccreacion, aud_codmodificadopor, aud_fecmodificacion) VALUES (8, 6, 2, NULL, 'EXTRAS', 10, NULL, NULL, NULL, true, 16, false, NULL, 16, '2019-05-25', NULL, NULL);
INSERT INTO sgnom.tsgnomincidencia (cod_incidenciaid, cod_catincidenciaid_fk, cnu_cantidad, des_actividad, txt_comentarios, cod_empreporta_fk, cod_empautoriza_fk, imp_monto, xml_detcantidad, bol_estatus, cod_quincenaid_fk, bol_validacion, fec_validacion, aud_codcreadopor, aud_feccreacion, aud_codmodificadopor, aud_fecmodificacion) VALUES (9, 6, 1, NULL, 'extras', 10, NULL, NULL, NULL, true, 16, false, NULL, 16, '2019-05-25', NULL, NULL);
INSERT INTO sgnom.tsgnomincidencia (cod_incidenciaid, cod_catincidenciaid_fk, cnu_cantidad, des_actividad, txt_comentarios, cod_empreporta_fk, cod_empautoriza_fk, imp_monto, xml_detcantidad, bol_estatus, cod_quincenaid_fk, bol_validacion, fec_validacion, aud_codcreadopor, aud_feccreacion, aud_codmodificadopor, aud_fecmodificacion) VALUES (10, 7, 1, NULL, 'curso 5 alumnos', 11, NULL, NULL, NULL, true, 16, false, NULL, 17, '2019-05-25', NULL, NULL);
INSERT INTO sgnom.tsgnomincidencia (cod_incidenciaid, cod_catincidenciaid_fk, cnu_cantidad, des_actividad, txt_comentarios, cod_empreporta_fk, cod_empautoriza_fk, imp_monto, xml_detcantidad, bol_estatus, cod_quincenaid_fk, bol_validacion, fec_validacion, aud_codcreadopor, aud_feccreacion, aud_codmodificadopor, aud_fecmodificacion) VALUES (11, 7, 1, NULL, 'curso 12 alumnos', 11, NULL, NULL, NULL, true, 16, false, NULL, 17, '2019-05-25', NULL, NULL);
INSERT INTO sgnom.tsgnomincidencia (cod_incidenciaid, cod_catincidenciaid_fk, cnu_cantidad, des_actividad, txt_comentarios, cod_empreporta_fk, cod_empautoriza_fk, imp_monto, xml_detcantidad, bol_estatus, cod_quincenaid_fk, bol_validacion, fec_validacion, aud_codcreadopor, aud_feccreacion, aud_codmodificadopor, aud_fecmodificacion) VALUES (12, 7, 1, NULL, 'CURSO ALUMNOS', 11, NULL, NULL, NULL, true, 16, false, NULL, 16, '2019-05-25', NULL, NULL);
INSERT INTO sgnom.tsgnomincidencia (cod_incidenciaid, cod_catincidenciaid_fk, cnu_cantidad, des_actividad, txt_comentarios, cod_empreporta_fk, cod_empautoriza_fk, imp_monto, xml_detcantidad, bol_estatus, cod_quincenaid_fk, bol_validacion, fec_validacion, aud_codcreadopor, aud_feccreacion, aud_codmodificadopor, aud_fecmodificacion) VALUES (13, 7, 2, 'varchar2', 'text2', 11, NULL, NULL, NULL, true, 16, false, NULL, 16, '2019-06-06', NULL, NULL);
INSERT INTO sgnom.tsgnomincidencia (cod_incidenciaid, cod_catincidenciaid_fk, cnu_cantidad, des_actividad, txt_comentarios, cod_empreporta_fk, cod_empautoriza_fk, imp_monto, xml_detcantidad, bol_estatus, cod_quincenaid_fk, bol_validacion, fec_validacion, aud_codcreadopor, aud_feccreacion, aud_codmodificadopor, aud_fecmodificacion) VALUES (14, 7, 2, '', '', 11, NULL, NULL, NULL, true, 16, false, NULL, 16, '2019-06-06', NULL, NULL);


--
-- TOC entry 4475 (class 0 OID 46732)
-- Dependencies: 237
-- Data for Name: tsgnommanterceros; Type: TABLE DATA; Schema: sgnom; Owner: suite
--



--
-- TOC entry 4476 (class 0 OID 46735)
-- Dependencies: 238
-- Data for Name: tsgnomquincena; Type: TABLE DATA; Schema: sgnom; Owner: suite
--

INSERT INTO sgnom.tsgnomquincena (cod_quincenaid, des_quincena, fec_inicio, fec_fin, fec_pago, fec_dispersion, cnu_numquincena, cod_ejercicioid_fk, bol_estatus) VALUES (1, '1era de enero', '2019-01-01', '2019-01-15', '2019-01-01', '2019-01-15', 1, 6, true);
INSERT INTO sgnom.tsgnomquincena (cod_quincenaid, des_quincena, fec_inicio, fec_fin, fec_pago, fec_dispersion, cnu_numquincena, cod_ejercicioid_fk, bol_estatus) VALUES (2, '2da de enero', '2019-01-16', '2019-01-31', '2019-01-16', '2019-01-31', 2, 6, true);
INSERT INTO sgnom.tsgnomquincena (cod_quincenaid, des_quincena, fec_inicio, fec_fin, fec_pago, fec_dispersion, cnu_numquincena, cod_ejercicioid_fk, bol_estatus) VALUES (3, '1era de febrero', '2019-02-01', '2019-02-15', '2019-02-01', '2019-02-15', 3, 6, true);
INSERT INTO sgnom.tsgnomquincena (cod_quincenaid, des_quincena, fec_inicio, fec_fin, fec_pago, fec_dispersion, cnu_numquincena, cod_ejercicioid_fk, bol_estatus) VALUES (4, '2da de febrero', '2019-02-16', '2019-02-28', '2019-02-16', '2019-02-28', 4, 6, true);
INSERT INTO sgnom.tsgnomquincena (cod_quincenaid, des_quincena, fec_inicio, fec_fin, fec_pago, fec_dispersion, cnu_numquincena, cod_ejercicioid_fk, bol_estatus) VALUES (5, '1era de marzo', '2019-03-01', '2019-03-15', '2019-03-01', '2019-03-15', 5, 6, true);
INSERT INTO sgnom.tsgnomquincena (cod_quincenaid, des_quincena, fec_inicio, fec_fin, fec_pago, fec_dispersion, cnu_numquincena, cod_ejercicioid_fk, bol_estatus) VALUES (6, '2da de marzo', '2019-03-16', '2019-03-31', '2019-03-16', '2019-03-31', 6, 6, true);
INSERT INTO sgnom.tsgnomquincena (cod_quincenaid, des_quincena, fec_inicio, fec_fin, fec_pago, fec_dispersion, cnu_numquincena, cod_ejercicioid_fk, bol_estatus) VALUES (7, '1era de abril', '2019-04-01', '2019-04-15', '2019-04-01', '2019-04-15', 7, 6, true);
INSERT INTO sgnom.tsgnomquincena (cod_quincenaid, des_quincena, fec_inicio, fec_fin, fec_pago, fec_dispersion, cnu_numquincena, cod_ejercicioid_fk, bol_estatus) VALUES (8, '2da de abril', '2019-04-16', '2019-04-30', '2019-04-16', '2019-04-30', 8, 6, true);
INSERT INTO sgnom.tsgnomquincena (cod_quincenaid, des_quincena, fec_inicio, fec_fin, fec_pago, fec_dispersion, cnu_numquincena, cod_ejercicioid_fk, bol_estatus) VALUES (9, '1era de mayo', '2019-05-01', '2019-05-15', '2019-05-01', '2019-05-15', 9, 6, true);
INSERT INTO sgnom.tsgnomquincena (cod_quincenaid, des_quincena, fec_inicio, fec_fin, fec_pago, fec_dispersion, cnu_numquincena, cod_ejercicioid_fk, bol_estatus) VALUES (10, '2da de mayo', '2019-05-16', '2019-05-31', '2019-05-16', '2019-05-31', 10, 6, true);
INSERT INTO sgnom.tsgnomquincena (cod_quincenaid, des_quincena, fec_inicio, fec_fin, fec_pago, fec_dispersion, cnu_numquincena, cod_ejercicioid_fk, bol_estatus) VALUES (11, '1era de junio', '2019-06-01', '2019-06-15', '2019-06-01', '2019-06-15', 11, 6, true);
INSERT INTO sgnom.tsgnomquincena (cod_quincenaid, des_quincena, fec_inicio, fec_fin, fec_pago, fec_dispersion, cnu_numquincena, cod_ejercicioid_fk, bol_estatus) VALUES (12, '2da de junio', '2019-06-16', '2019-06-30', '2019-06-16', '2019-06-30', 12, 6, true);
INSERT INTO sgnom.tsgnomquincena (cod_quincenaid, des_quincena, fec_inicio, fec_fin, fec_pago, fec_dispersion, cnu_numquincena, cod_ejercicioid_fk, bol_estatus) VALUES (13, '1era de julio', '2019-07-01', '2019-07-15', '2019-07-01', '2019-07-15', 13, 6, true);
INSERT INTO sgnom.tsgnomquincena (cod_quincenaid, des_quincena, fec_inicio, fec_fin, fec_pago, fec_dispersion, cnu_numquincena, cod_ejercicioid_fk, bol_estatus) VALUES (14, '2da de julio', '2019-07-16', '2019-07-31', '2019-07-16', '2019-07-31', 14, 6, true);
INSERT INTO sgnom.tsgnomquincena (cod_quincenaid, des_quincena, fec_inicio, fec_fin, fec_pago, fec_dispersion, cnu_numquincena, cod_ejercicioid_fk, bol_estatus) VALUES (15, '1era de agosto', '2019-08-01', '2019-08-15', '2019-08-01', '2019-08-15', 15, 6, true);
INSERT INTO sgnom.tsgnomquincena (cod_quincenaid, des_quincena, fec_inicio, fec_fin, fec_pago, fec_dispersion, cnu_numquincena, cod_ejercicioid_fk, bol_estatus) VALUES (16, '2da de agosto', '2019-08-16', '2019-08-31', '2019-08-16', '2019-08-31', 16, 6, true);
INSERT INTO sgnom.tsgnomquincena (cod_quincenaid, des_quincena, fec_inicio, fec_fin, fec_pago, fec_dispersion, cnu_numquincena, cod_ejercicioid_fk, bol_estatus) VALUES (17, '1era de septiembre', '2019-09-01', '2019-09-15', '2019-09-01', '2019-09-15', 17, 6, true);
INSERT INTO sgnom.tsgnomquincena (cod_quincenaid, des_quincena, fec_inicio, fec_fin, fec_pago, fec_dispersion, cnu_numquincena, cod_ejercicioid_fk, bol_estatus) VALUES (18, '2da de septiembre', '2019-09-16', '2019-09-30', '2019-09-16', '2019-09-30', 18, 6, true);
INSERT INTO sgnom.tsgnomquincena (cod_quincenaid, des_quincena, fec_inicio, fec_fin, fec_pago, fec_dispersion, cnu_numquincena, cod_ejercicioid_fk, bol_estatus) VALUES (19, '1era de octubre', '2019-10-01', '2019-10-15', '2019-10-01', '2019-10-15', 19, 6, true);
INSERT INTO sgnom.tsgnomquincena (cod_quincenaid, des_quincena, fec_inicio, fec_fin, fec_pago, fec_dispersion, cnu_numquincena, cod_ejercicioid_fk, bol_estatus) VALUES (20, '2da de octubre', '2019-10-16', '2019-10-31', '2019-10-16', '2019-10-31', 20, 6, true);
INSERT INTO sgnom.tsgnomquincena (cod_quincenaid, des_quincena, fec_inicio, fec_fin, fec_pago, fec_dispersion, cnu_numquincena, cod_ejercicioid_fk, bol_estatus) VALUES (21, '1era de noviembre', '2019-11-01', '2019-11-15', '2019-11-01', '2019-11-15', 21, 6, true);
INSERT INTO sgnom.tsgnomquincena (cod_quincenaid, des_quincena, fec_inicio, fec_fin, fec_pago, fec_dispersion, cnu_numquincena, cod_ejercicioid_fk, bol_estatus) VALUES (22, '2da de noviembre', '2019-11-16', '2019-11-30', '2019-11-16', '2019-11-30', 22, 6, true);
INSERT INTO sgnom.tsgnomquincena (cod_quincenaid, des_quincena, fec_inicio, fec_fin, fec_pago, fec_dispersion, cnu_numquincena, cod_ejercicioid_fk, bol_estatus) VALUES (23, '1era de diciembre', '2019-12-01', '2019-12-15', '2019-12-01', '2019-12-15', 23, 6, true);
INSERT INTO sgnom.tsgnomquincena (cod_quincenaid, des_quincena, fec_inicio, fec_fin, fec_pago, fec_dispersion, cnu_numquincena, cod_ejercicioid_fk, bol_estatus) VALUES (24, '2da de diciembre', '2019-12-16', '2019-12-31', '2019-12-16', '2019-12-31', 24, 6, true);


--
-- TOC entry 4477 (class 0 OID 46738)
-- Dependencies: 239
-- Data for Name: tsgnomtipoconcepto; Type: TABLE DATA; Schema: sgnom; Owner: suite
--

INSERT INTO sgnom.tsgnomtipoconcepto (cod_tipoconceptoid, cod_tipoconcepto, bol_estatus) VALUES (1, 'Deducción', true);
INSERT INTO sgnom.tsgnomtipoconcepto (cod_tipoconceptoid, cod_tipoconcepto, bol_estatus) VALUES (2, 'Percepción', true);


--
-- TOC entry 4478 (class 0 OID 46741)
-- Dependencies: 240
-- Data for Name: tsgnomtiponomina; Type: TABLE DATA; Schema: sgnom; Owner: suite
--

INSERT INTO sgnom.tsgnomtiponomina (cod_tiponominaid, cod_nomina, bol_estatus) VALUES (2, 'Aguinaldo', true);
INSERT INTO sgnom.tsgnomtiponomina (cod_tiponominaid, cod_nomina, bol_estatus) VALUES (1, 'General', true);
INSERT INTO sgnom.tsgnomtiponomina (cod_tiponominaid, cod_nomina, bol_estatus) VALUES (3, 'test', true);
INSERT INTO sgnom.tsgnomtiponomina (cod_tiponominaid, cod_nomina, bol_estatus) VALUES (4, 'mp', true);


--
-- TOC entry 4515 (class 0 OID 46816)
-- Dependencies: 277
-- Data for Name: tsgrhareas; Type: TABLE DATA; Schema: sgrh; Owner: postgres
--

INSERT INTO sgrh.tsgrhareas (cod_area, des_nbarea, cod_acronimo, cnu_activo, cod_sistemasuite, cod_creadopor, cod_modificadopor, fec_creacion, fec_modificacion) VALUES (3, 'DISEÑO', 'DS', true, 1, 10, NULL, '2019-01-01', NULL);
INSERT INTO sgrh.tsgrhareas (cod_area, des_nbarea, cod_acronimo, cnu_activo, cod_sistemasuite, cod_creadopor, cod_modificadopor, fec_creacion, fec_modificacion) VALUES (1, 'BASE DE DATOS', 'DB', true, 2, 10, NULL, '2019-01-01', NULL);
INSERT INTO sgrh.tsgrhareas (cod_area, des_nbarea, cod_acronimo, cnu_activo, cod_sistemasuite, cod_creadopor, cod_modificadopor, fec_creacion, fec_modificacion) VALUES (4, 'SOPORTE TECNICO', 'ST', true, 1, 10, NULL, '2019-01-01', NULL);
INSERT INTO sgrh.tsgrhareas (cod_area, des_nbarea, cod_acronimo, cnu_activo, cod_sistemasuite, cod_creadopor, cod_modificadopor, fec_creacion, fec_modificacion) VALUES (2, 'FABRICA DE SOFTWARE', 'FS', true, 1, 10, NULL, '2019-01-01', NULL);
INSERT INTO sgrh.tsgrhareas (cod_area, des_nbarea, cod_acronimo, cnu_activo, cod_sistemasuite, cod_creadopor, cod_modificadopor, fec_creacion, fec_modificacion) VALUES (6, 'Marketing', 'mrg', true, 2, 10, NULL, '2019-01-01', NULL);
INSERT INTO sgrh.tsgrhareas (cod_area, des_nbarea, cod_acronimo, cnu_activo, cod_sistemasuite, cod_creadopor, cod_modificadopor, fec_creacion, fec_modificacion) VALUES (5, 'RECURSOS HUMANOS', 'RH', true, 1, 10, NULL, '2019-01-01', NULL);


--
-- TOC entry 4516 (class 0 OID 46820)
-- Dependencies: 278
-- Data for Name: tsgrhasignacionesemp; Type: TABLE DATA; Schema: sgrh; Owner: postgres
--



--
-- TOC entry 4517 (class 0 OID 46823)
-- Dependencies: 279
-- Data for Name: tsgrhcapacitaciones; Type: TABLE DATA; Schema: sgrh; Owner: postgres
--



--
-- TOC entry 4518 (class 0 OID 46830)
-- Dependencies: 280
-- Data for Name: tsgrhcartaasignacion; Type: TABLE DATA; Schema: sgrh; Owner: postgres
--



--
-- TOC entry 4519 (class 0 OID 46839)
-- Dependencies: 281
-- Data for Name: tsgrhcatrespuestas; Type: TABLE DATA; Schema: sgrh; Owner: postgres
--

INSERT INTO sgrh.tsgrhcatrespuestas (cod_catrespuesta, des_respuesta, cod_ponderacion) VALUES (1, 'Nunca', 1);
INSERT INTO sgrh.tsgrhcatrespuestas (cod_catrespuesta, des_respuesta, cod_ponderacion) VALUES (2, 'Algunas veces', 2);
INSERT INTO sgrh.tsgrhcatrespuestas (cod_catrespuesta, des_respuesta, cod_ponderacion) VALUES (3, 'Regular', 3);
INSERT INTO sgrh.tsgrhcatrespuestas (cod_catrespuesta, des_respuesta, cod_ponderacion) VALUES (4, 'Con frecuencia', 4);
INSERT INTO sgrh.tsgrhcatrespuestas (cod_catrespuesta, des_respuesta, cod_ponderacion) VALUES (5, 'Siempre', 5);
INSERT INTO sgrh.tsgrhcatrespuestas (cod_catrespuesta, des_respuesta, cod_ponderacion) VALUES (6, 'Muy malo', 1);
INSERT INTO sgrh.tsgrhcatrespuestas (cod_catrespuesta, des_respuesta, cod_ponderacion) VALUES (7, 'Malo', 2);
INSERT INTO sgrh.tsgrhcatrespuestas (cod_catrespuesta, des_respuesta, cod_ponderacion) VALUES (8, 'Bueno', 4);
INSERT INTO sgrh.tsgrhcatrespuestas (cod_catrespuesta, des_respuesta, cod_ponderacion) VALUES (9, 'Muy bueno', 5);
INSERT INTO sgrh.tsgrhcatrespuestas (cod_catrespuesta, des_respuesta, cod_ponderacion) VALUES (10, 'Muy bajo', 1);
INSERT INTO sgrh.tsgrhcatrespuestas (cod_catrespuesta, des_respuesta, cod_ponderacion) VALUES (11, 'Bajo', 2);
INSERT INTO sgrh.tsgrhcatrespuestas (cod_catrespuesta, des_respuesta, cod_ponderacion) VALUES (12, 'Alto', 3);
INSERT INTO sgrh.tsgrhcatrespuestas (cod_catrespuesta, des_respuesta, cod_ponderacion) VALUES (13, 'Muy alto', 4);
INSERT INTO sgrh.tsgrhcatrespuestas (cod_catrespuesta, des_respuesta, cod_ponderacion) VALUES (14, 'Muy incómodo', 1);
INSERT INTO sgrh.tsgrhcatrespuestas (cod_catrespuesta, des_respuesta, cod_ponderacion) VALUES (15, 'Incómodo', 2);
INSERT INTO sgrh.tsgrhcatrespuestas (cod_catrespuesta, des_respuesta, cod_ponderacion) VALUES (16, 'Soportable', 3);
INSERT INTO sgrh.tsgrhcatrespuestas (cod_catrespuesta, des_respuesta, cod_ponderacion) VALUES (17, 'Confortable', 4);
INSERT INTO sgrh.tsgrhcatrespuestas (cod_catrespuesta, des_respuesta, cod_ponderacion) VALUES (18, 'Muy confortable', 5);


--
-- TOC entry 4520 (class 0 OID 46843)
-- Dependencies: 282
-- Data for Name: tsgrhclientes; Type: TABLE DATA; Schema: sgrh; Owner: postgres
--

INSERT INTO sgrh.tsgrhclientes (cod_cliente, des_nbcliente, des_direccioncte, des_nbcontactocte, des_correocte, cod_telefonocte) VALUES (1, 'Pemex', 'Tamaulipas', 'Samuel Velzaco', 'samuel-@hotmail.com', '5578457687');
INSERT INTO sgrh.tsgrhclientes (cod_cliente, des_nbcliente, des_direccioncte, des_nbcontactocte, des_correocte, cod_telefonocte) VALUES (2, 'Cable vision', 'Mexico', 'Alfredo Gomez', 'alfgom-@hotmail.com', '5578457687');
INSERT INTO sgrh.tsgrhclientes (cod_cliente, des_nbcliente, des_direccioncte, des_nbcontactocte, des_correocte, cod_telefonocte) VALUES (3, 'Telecom', 'Mexico', 'Miguel Romero', 'romero@gmail.com', '55344344334');
INSERT INTO sgrh.tsgrhclientes (cod_cliente, des_nbcliente, des_direccioncte, des_nbcontactocte, des_correocte, cod_telefonocte) VALUES (4, 'Bancomer', 'Mexico', 'Jose Mauro', 'jose@bbva.com', '55344344334');
INSERT INTO sgrh.tsgrhclientes (cod_cliente, des_nbcliente, des_direccioncte, des_nbcontactocte, des_correocte, cod_telefonocte) VALUES (5, 'Nuevo', 'conocido', 'josue', 'dfd2@nuevo.com', '556322');


--
-- TOC entry 4521 (class 0 OID 46848)
-- Dependencies: 283
-- Data for Name: tsgrhcontrataciones; Type: TABLE DATA; Schema: sgrh; Owner: postgres
--



--
-- TOC entry 4522 (class 0 OID 46854)
-- Dependencies: 284
-- Data for Name: tsgrhcontratos; Type: TABLE DATA; Schema: sgrh; Owner: postgres
--



--
-- TOC entry 4523 (class 0 OID 46860)
-- Dependencies: 285
-- Data for Name: tsgrhempleados; Type: TABLE DATA; Schema: sgrh; Owner: postgres
--

INSERT INTO sgrh.tsgrhempleados (cod_empleado, des_nombre, des_nombres, des_apepaterno, des_apematerno, des_direccion, fec_nacimiento, des_lugarnacimiento, cod_edad, des_correo, cod_tiposangre, cod_telefonocasa, cod_telefonocelular, cod_telemergencia, bin_identificacion, bin_pasaporte, bin_visa, cod_licenciamanejo, fec_ingreso, cod_rfc, cod_nss, cod_curp, bin_foto, cod_tipofoto, cod_extensionfoto, cod_empleadoactivo, cod_estatusempleado, cod_estadocivil, cod_rol, cod_puesto, cod_diasvacaciones, cod_sistemasuite, fec_creacion, fec_modificacion, cod_creadopor, cod_modificadopor, cod_area) VALUES (10, 'MATEO', NULL, 'RODRIGUEZ', 'JUAREZ', 'DOMICILIO CONOCIDO', '1996-04-09', 'MECATLAN, VER.', 23, 'mateorj96@gmail.com', 'O+', NULL, NULL, NULL, NULL, NULL, NULL, NULL, '2018-02-14', NULL, NULL, 'ROJM960409HPZDAT22', NULL, NULL, NULL, true, 1, 0, NULL, 1, NULL, NULL, '2018-12-01', '2018-12-01', NULL, NULL, 1);
INSERT INTO sgrh.tsgrhempleados (cod_empleado, des_nombre, des_nombres, des_apepaterno, des_apematerno, des_direccion, fec_nacimiento, des_lugarnacimiento, cod_edad, des_correo, cod_tiposangre, cod_telefonocasa, cod_telefonocelular, cod_telemergencia, bin_identificacion, bin_pasaporte, bin_visa, cod_licenciamanejo, fec_ingreso, cod_rfc, cod_nss, cod_curp, bin_foto, cod_tipofoto, cod_extensionfoto, cod_empleadoactivo, cod_estatusempleado, cod_estadocivil, cod_rol, cod_puesto, cod_diasvacaciones, cod_sistemasuite, fec_creacion, fec_modificacion, cod_creadopor, cod_modificadopor, cod_area) VALUES (11, 'ADRIAN', NULL, 'SUAREZ', 'DE LA CRUZ', 'DOMICILIO CONOCIDO', '1996-06-14', 'AHUACATLAN, PUE.', 23, 'adrian.suarezc@gmail.com', 'O+', NULL, NULL, NULL, NULL, NULL, NULL, NULL, '2018-02-14', NULL, NULL, 'SDCA960614HPZDBT23', NULL, NULL, NULL, true, 1, 0, NULL, 1, NULL, NULL, '2018-12-01', '2018-12-01', 10, NULL, 1);
INSERT INTO sgrh.tsgrhempleados (cod_empleado, des_nombre, des_nombres, des_apepaterno, des_apematerno, des_direccion, fec_nacimiento, des_lugarnacimiento, cod_edad, des_correo, cod_tiposangre, cod_telefonocasa, cod_telefonocelular, cod_telemergencia, bin_identificacion, bin_pasaporte, bin_visa, cod_licenciamanejo, fec_ingreso, cod_rfc, cod_nss, cod_curp, bin_foto, cod_tipofoto, cod_extensionfoto, cod_empleadoactivo, cod_estatusempleado, cod_estadocivil, cod_rol, cod_puesto, cod_diasvacaciones, cod_sistemasuite, fec_creacion, fec_modificacion, cod_creadopor, cod_modificadopor, cod_area) VALUES (12, 'CARLOS', NULL, 'ANTONIO', 'TRINIDAD', 'DOMICILIO CONOCIDO', '1996-03-12', 'AHUACATLAN, PUE.', 23, 'trinidad.carlos@gmail.com', 'O+', NULL, NULL, NULL, NULL, NULL, NULL, NULL, '2018-02-14', NULL, NULL, 'ANTC960312HPZDCT24', NULL, NULL, NULL, true, 1, 0, NULL, 1, NULL, NULL, '2018-12-01', '2018-12-01', 10, NULL, 1);
INSERT INTO sgrh.tsgrhempleados (cod_empleado, des_nombre, des_nombres, des_apepaterno, des_apematerno, des_direccion, fec_nacimiento, des_lugarnacimiento, cod_edad, des_correo, cod_tiposangre, cod_telefonocasa, cod_telefonocelular, cod_telemergencia, bin_identificacion, bin_pasaporte, bin_visa, cod_licenciamanejo, fec_ingreso, cod_rfc, cod_nss, cod_curp, bin_foto, cod_tipofoto, cod_extensionfoto, cod_empleadoactivo, cod_estatusempleado, cod_estadocivil, cod_rol, cod_puesto, cod_diasvacaciones, cod_sistemasuite, fec_creacion, fec_modificacion, cod_creadopor, cod_modificadopor, cod_area) VALUES (13, 'ANGEL', 'ANTONIO', 'ROANO', 'ALVARADO', 'DOMICILIO CONOCIDO', '1995-02-19', 'TETELA, PUE.', 23, 'angel.antonio.roa@gmail.com', 'O+', NULL, NULL, NULL, NULL, NULL, NULL, NULL, '2018-02-14', NULL, NULL, 'ROAA950219HPZDDT25', NULL, NULL, NULL, true, 1, 0, NULL, 1, NULL, NULL, '2018-12-01', '2018-12-01', 10, NULL, 1);
INSERT INTO sgrh.tsgrhempleados (cod_empleado, des_nombre, des_nombres, des_apepaterno, des_apematerno, des_direccion, fec_nacimiento, des_lugarnacimiento, cod_edad, des_correo, cod_tiposangre, cod_telefonocasa, cod_telefonocelular, cod_telemergencia, bin_identificacion, bin_pasaporte, bin_visa, cod_licenciamanejo, fec_ingreso, cod_rfc, cod_nss, cod_curp, bin_foto, cod_tipofoto, cod_extensionfoto, cod_empleadoactivo, cod_estatusempleado, cod_estadocivil, cod_rol, cod_puesto, cod_diasvacaciones, cod_sistemasuite, fec_creacion, fec_modificacion, cod_creadopor, cod_modificadopor, cod_area) VALUES (14, 'JUAN', '', 'MARQUEZ', 'SAVEDO', 'DOMICILIO CONOCIDO', '1995-02-12', 'APIZACO, TLAX', 23, 'maito1.example@gmail.com', 'O-', '', '', '', NULL, NULL, NULL, '', '2019-02-14', '', '', 'MASJ950212HPZDET26', NULL, '', '', true, 1, 0, NULL, 1, NULL, NULL, '2019-02-14', '2019-02-14', 10, NULL, 1);
INSERT INTO sgrh.tsgrhempleados (cod_empleado, des_nombre, des_nombres, des_apepaterno, des_apematerno, des_direccion, fec_nacimiento, des_lugarnacimiento, cod_edad, des_correo, cod_tiposangre, cod_telefonocasa, cod_telefonocelular, cod_telemergencia, bin_identificacion, bin_pasaporte, bin_visa, cod_licenciamanejo, fec_ingreso, cod_rfc, cod_nss, cod_curp, bin_foto, cod_tipofoto, cod_extensionfoto, cod_empleadoactivo, cod_estatusempleado, cod_estadocivil, cod_rol, cod_puesto, cod_diasvacaciones, cod_sistemasuite, fec_creacion, fec_modificacion, cod_creadopor, cod_modificadopor, cod_area) VALUES (15, 'ANTONIO', '', 'HERRERA', 'CHAVEZ', 'DOMICILIO CONOCIDO', '1995-02-20', 'TLAXCALA, TLAX', 23, 'maito2.example@gmail.com', 'O-', '', '', '', NULL, NULL, NULL, '', '2019-02-14', '', '', 'HECA950220HPZDFT27', NULL, '', '', true, 1, 0, NULL, 2, NULL, NULL, '2019-02-14', '2019-02-14', 10, NULL, 2);
INSERT INTO sgrh.tsgrhempleados (cod_empleado, des_nombre, des_nombres, des_apepaterno, des_apematerno, des_direccion, fec_nacimiento, des_lugarnacimiento, cod_edad, des_correo, cod_tiposangre, cod_telefonocasa, cod_telefonocelular, cod_telemergencia, bin_identificacion, bin_pasaporte, bin_visa, cod_licenciamanejo, fec_ingreso, cod_rfc, cod_nss, cod_curp, bin_foto, cod_tipofoto, cod_extensionfoto, cod_empleadoactivo, cod_estatusempleado, cod_estadocivil, cod_rol, cod_puesto, cod_diasvacaciones, cod_sistemasuite, fec_creacion, fec_modificacion, cod_creadopor, cod_modificadopor, cod_area) VALUES (16, 'JAVIER', '', 'CHICHARITO', 'HERNANDEZ', 'DOMICILIO CONOCIDO', '1995-02-21', 'AHUCATLAN, PUE.', 23, 'maito3.example@gmail.com', 'O-', '', '', '', NULL, NULL, NULL, '', '2019-02-14', '', '', 'CHHJ950221HPZDGT28', NULL, '', '', true, 1, 0, NULL, 2, NULL, NULL, '2019-02-14', '2019-02-14', 10, NULL, 2);
INSERT INTO sgrh.tsgrhempleados (cod_empleado, des_nombre, des_nombres, des_apepaterno, des_apematerno, des_direccion, fec_nacimiento, des_lugarnacimiento, cod_edad, des_correo, cod_tiposangre, cod_telefonocasa, cod_telefonocelular, cod_telemergencia, bin_identificacion, bin_pasaporte, bin_visa, cod_licenciamanejo, fec_ingreso, cod_rfc, cod_nss, cod_curp, bin_foto, cod_tipofoto, cod_extensionfoto, cod_empleadoactivo, cod_estatusempleado, cod_estadocivil, cod_rol, cod_puesto, cod_diasvacaciones, cod_sistemasuite, fec_creacion, fec_modificacion, cod_creadopor, cod_modificadopor, cod_area) VALUES (17, 'MANUEL', '', 'GONZALEZ', 'PEREZ', 'DOMICILIO CONOCIDO', '1995-02-22', 'TEPANGO PUE.', 23, 'maito4.example@gmail.com', 'O-', '', '', '', NULL, NULL, NULL, '', '2019-02-14', '', '', 'GOPM950222HPZDHT29', NULL, '', '', true, 1, 0, NULL, 2, NULL, NULL, '2019-02-14', '2019-02-14', 10, NULL, 2);
INSERT INTO sgrh.tsgrhempleados (cod_empleado, des_nombre, des_nombres, des_apepaterno, des_apematerno, des_direccion, fec_nacimiento, des_lugarnacimiento, cod_edad, des_correo, cod_tiposangre, cod_telefonocasa, cod_telefonocelular, cod_telemergencia, bin_identificacion, bin_pasaporte, bin_visa, cod_licenciamanejo, fec_ingreso, cod_rfc, cod_nss, cod_curp, bin_foto, cod_tipofoto, cod_extensionfoto, cod_empleadoactivo, cod_estatusempleado, cod_estadocivil, cod_rol, cod_puesto, cod_diasvacaciones, cod_sistemasuite, fec_creacion, fec_modificacion, cod_creadopor, cod_modificadopor, cod_area) VALUES (18, 'SERGIO', '', 'RAMOS', 'FLORES', 'DOMICILIO CONOCIDO', '1995-03-01', 'ZAPOTITLAN, PUE.', 23, 'maito5.example@gmail.com', 'B+', '', '', '', NULL, NULL, NULL, '', '2019-02-14', '', '', 'RAFS950301HPZDIT30', NULL, '', '', true, 1, 0, NULL, 2, NULL, NULL, '2019-02-14', '2019-02-14', 10, NULL, 2);
INSERT INTO sgrh.tsgrhempleados (cod_empleado, des_nombre, des_nombres, des_apepaterno, des_apematerno, des_direccion, fec_nacimiento, des_lugarnacimiento, cod_edad, des_correo, cod_tiposangre, cod_telefonocasa, cod_telefonocelular, cod_telemergencia, bin_identificacion, bin_pasaporte, bin_visa, cod_licenciamanejo, fec_ingreso, cod_rfc, cod_nss, cod_curp, bin_foto, cod_tipofoto, cod_extensionfoto, cod_empleadoactivo, cod_estatusempleado, cod_estadocivil, cod_rol, cod_puesto, cod_diasvacaciones, cod_sistemasuite, fec_creacion, fec_modificacion, cod_creadopor, cod_modificadopor, cod_area) VALUES (19, 'CARINE', '', 'BENZEMA', 'ALVAREZ', 'DOMICILIO CONOCIDO', '1995-03-02', 'AQUIXTLA, PUE.', 23, 'maito6.example@gmail.com', 'B+', '', '', '', NULL, NULL, NULL, '', '2019-02-14', '', '', 'BEAC950302HPZDJT31', NULL, '', '', true, 1, 0, NULL, 2, NULL, NULL, '2019-02-14', '2019-02-14', 10, NULL, 2);
INSERT INTO sgrh.tsgrhempleados (cod_empleado, des_nombre, des_nombres, des_apepaterno, des_apematerno, des_direccion, fec_nacimiento, des_lugarnacimiento, cod_edad, des_correo, cod_tiposangre, cod_telefonocasa, cod_telefonocelular, cod_telemergencia, bin_identificacion, bin_pasaporte, bin_visa, cod_licenciamanejo, fec_ingreso, cod_rfc, cod_nss, cod_curp, bin_foto, cod_tipofoto, cod_extensionfoto, cod_empleadoactivo, cod_estatusempleado, cod_estadocivil, cod_rol, cod_puesto, cod_diasvacaciones, cod_sistemasuite, fec_creacion, fec_modificacion, cod_creadopor, cod_modificadopor, cod_area) VALUES (20, 'CAROLINA', '', 'JIMENEZ', 'VAZQUEZ', 'DOMICILIO CONOCIDO', '1995-03-03', 'ZACATLAN, PUE.', 23, 'maito7.example@gmail.com', 'B+', '', '', '', NULL, NULL, NULL, '', '2019-02-14', '', '', 'JIVC950303HPZDKT32', NULL, '', '', true, 1, 0, NULL, 3, NULL, NULL, '2019-02-14', '2019-02-14', 10, NULL, 3);
INSERT INTO sgrh.tsgrhempleados (cod_empleado, des_nombre, des_nombres, des_apepaterno, des_apematerno, des_direccion, fec_nacimiento, des_lugarnacimiento, cod_edad, des_correo, cod_tiposangre, cod_telefonocasa, cod_telefonocelular, cod_telemergencia, bin_identificacion, bin_pasaporte, bin_visa, cod_licenciamanejo, fec_ingreso, cod_rfc, cod_nss, cod_curp, bin_foto, cod_tipofoto, cod_extensionfoto, cod_empleadoactivo, cod_estatusempleado, cod_estadocivil, cod_rol, cod_puesto, cod_diasvacaciones, cod_sistemasuite, fec_creacion, fec_modificacion, cod_creadopor, cod_modificadopor, cod_area) VALUES (21, 'VERONICA', '', 'SANCHEZ', 'TRINIDAD', 'DOMICILIO CONOCIDO', '1995-03-04', 'CHIGNAHUAPAN, PUE.', 23, 'maito8.example@gmail.com', 'B+', '', '', '', NULL, NULL, NULL, '', '2019-02-14', '', '', 'SATV950304HPZDLT33', NULL, '', '', true, 1, 0, NULL, 3, NULL, NULL, '2019-02-14', '2019-02-14', 10, NULL, 3);
INSERT INTO sgrh.tsgrhempleados (cod_empleado, des_nombre, des_nombres, des_apepaterno, des_apematerno, des_direccion, fec_nacimiento, des_lugarnacimiento, cod_edad, des_correo, cod_tiposangre, cod_telefonocasa, cod_telefonocelular, cod_telemergencia, bin_identificacion, bin_pasaporte, bin_visa, cod_licenciamanejo, fec_ingreso, cod_rfc, cod_nss, cod_curp, bin_foto, cod_tipofoto, cod_extensionfoto, cod_empleadoactivo, cod_estatusempleado, cod_estadocivil, cod_rol, cod_puesto, cod_diasvacaciones, cod_sistemasuite, fec_creacion, fec_modificacion, cod_creadopor, cod_modificadopor, cod_area) VALUES (22, 'HEIDY', '', 'TRINIDAD', 'MORELOS', 'DOMICILIO CONOCIDO', '1995-03-05', 'TLAXCO, TLAX.', 23, 'maito9.example@gmail.com', 'A+', '', '', '', NULL, NULL, NULL, '', '2019-02-14', '', '', 'TRMH950305HPZDMT34', NULL, '', '', true, 1, 0, NULL, 3, NULL, NULL, '2019-02-14', '2019-02-14', 10, NULL, 3);
INSERT INTO sgrh.tsgrhempleados (cod_empleado, des_nombre, des_nombres, des_apepaterno, des_apematerno, des_direccion, fec_nacimiento, des_lugarnacimiento, cod_edad, des_correo, cod_tiposangre, cod_telefonocasa, cod_telefonocelular, cod_telemergencia, bin_identificacion, bin_pasaporte, bin_visa, cod_licenciamanejo, fec_ingreso, cod_rfc, cod_nss, cod_curp, bin_foto, cod_tipofoto, cod_extensionfoto, cod_empleadoactivo, cod_estatusempleado, cod_estadocivil, cod_rol, cod_puesto, cod_diasvacaciones, cod_sistemasuite, fec_creacion, fec_modificacion, cod_creadopor, cod_modificadopor, cod_area) VALUES (23, 'JESUS', 'MIGUEL', 'VELAZCO', 'MARQUEZ', 'DOMICILIO CONOCIDO', '1995-03-06', 'POZA RICA, VER.', 23, 'maito10.example@gmail.com', 'A+', '', '', '', NULL, NULL, NULL, '', '2019-02-14', '', '', 'MVMJ950306HPZDNT35', NULL, '', '', true, 1, 0, NULL, 3, NULL, NULL, '2019-02-14', '2019-02-14', 10, NULL, 3);
INSERT INTO sgrh.tsgrhempleados (cod_empleado, des_nombre, des_nombres, des_apepaterno, des_apematerno, des_direccion, fec_nacimiento, des_lugarnacimiento, cod_edad, des_correo, cod_tiposangre, cod_telefonocasa, cod_telefonocelular, cod_telemergencia, bin_identificacion, bin_pasaporte, bin_visa, cod_licenciamanejo, fec_ingreso, cod_rfc, cod_nss, cod_curp, bin_foto, cod_tipofoto, cod_extensionfoto, cod_empleadoactivo, cod_estatusempleado, cod_estadocivil, cod_rol, cod_puesto, cod_diasvacaciones, cod_sistemasuite, fec_creacion, fec_modificacion, cod_creadopor, cod_modificadopor, cod_area) VALUES (24, 'RAUL', '', 'ESPINOZA', 'MARTINEZ', 'DOMICILIO CONOCIDO', '1995-03-07', 'XALAPA, VER.', 23, 'maito11.example@gmail.com', 'A+', '', '', '', NULL, NULL, NULL, '', '2019-02-14', '', '', 'ESMR950307HPZDOT36', NULL, '', '', true, 1, 0, NULL, 3, NULL, NULL, '2019-02-14', '2019-02-14', 10, NULL, 3);
INSERT INTO sgrh.tsgrhempleados (cod_empleado, des_nombre, des_nombres, des_apepaterno, des_apematerno, des_direccion, fec_nacimiento, des_lugarnacimiento, cod_edad, des_correo, cod_tiposangre, cod_telefonocasa, cod_telefonocelular, cod_telemergencia, bin_identificacion, bin_pasaporte, bin_visa, cod_licenciamanejo, fec_ingreso, cod_rfc, cod_nss, cod_curp, bin_foto, cod_tipofoto, cod_extensionfoto, cod_empleadoactivo, cod_estatusempleado, cod_estadocivil, cod_rol, cod_puesto, cod_diasvacaciones, cod_sistemasuite, fec_creacion, fec_modificacion, cod_creadopor, cod_modificadopor, cod_area) VALUES (25, 'JOSE', 'EDUARDO', 'TRINIDAD', 'MORELOS', 'DOMICILIO CONOCIDO', '1995-03-08', 'COAHUILA, COAH.', 23, 'maito12.example@gmail.com', 'A+', '', '', '', NULL, NULL, NULL, '', '2019-02-14', '', '', 'ETMJ950308HPZDPT37', NULL, '', '', true, 1, 0, NULL, 4, NULL, NULL, '2019-02-14', '2019-02-14', 10, NULL, 4);
INSERT INTO sgrh.tsgrhempleados (cod_empleado, des_nombre, des_nombres, des_apepaterno, des_apematerno, des_direccion, fec_nacimiento, des_lugarnacimiento, cod_edad, des_correo, cod_tiposangre, cod_telefonocasa, cod_telefonocelular, cod_telemergencia, bin_identificacion, bin_pasaporte, bin_visa, cod_licenciamanejo, fec_ingreso, cod_rfc, cod_nss, cod_curp, bin_foto, cod_tipofoto, cod_extensionfoto, cod_empleadoactivo, cod_estatusempleado, cod_estadocivil, cod_rol, cod_puesto, cod_diasvacaciones, cod_sistemasuite, fec_creacion, fec_modificacion, cod_creadopor, cod_modificadopor, cod_area) VALUES (26, 'SARAHI', '', 'GONZALEZ', 'SUAREZ', 'DOMICILIO CONOCIDO', '1995-03-09', 'HUACHINANGO, PUE.', 23, 'maito13.example@gmail.com', 'A+', '', '', '', NULL, NULL, NULL, '', '2019-02-14', '', '', 'GOSS950309HPZDQT38', NULL, '', '', true, 1, 0, NULL, 4, NULL, NULL, '2019-02-14', '2019-02-14', 10, NULL, 4);
INSERT INTO sgrh.tsgrhempleados (cod_empleado, des_nombre, des_nombres, des_apepaterno, des_apematerno, des_direccion, fec_nacimiento, des_lugarnacimiento, cod_edad, des_correo, cod_tiposangre, cod_telefonocasa, cod_telefonocelular, cod_telemergencia, bin_identificacion, bin_pasaporte, bin_visa, cod_licenciamanejo, fec_ingreso, cod_rfc, cod_nss, cod_curp, bin_foto, cod_tipofoto, cod_extensionfoto, cod_empleadoactivo, cod_estatusempleado, cod_estadocivil, cod_rol, cod_puesto, cod_diasvacaciones, cod_sistemasuite, fec_creacion, fec_modificacion, cod_creadopor, cod_modificadopor, cod_area) VALUES (27, 'FEDERICO', '', 'GUZMAN', 'TRINIDAD', 'DOMICILIO CONOCIDO', '1995-03-10', 'TULANCINGO, HID.', 23, 'maito14.example@gmail.com', 'A+', '', '', '', NULL, NULL, NULL, '', '2019-02-14', '', '', 'GUTF950310HPZDRT39', NULL, '', '', true, 1, 0, NULL, 4, NULL, NULL, '2019-02-14', '2019-02-14', 10, NULL, 4);
INSERT INTO sgrh.tsgrhempleados (cod_empleado, des_nombre, des_nombres, des_apepaterno, des_apematerno, des_direccion, fec_nacimiento, des_lugarnacimiento, cod_edad, des_correo, cod_tiposangre, cod_telefonocasa, cod_telefonocelular, cod_telemergencia, bin_identificacion, bin_pasaporte, bin_visa, cod_licenciamanejo, fec_ingreso, cod_rfc, cod_nss, cod_curp, bin_foto, cod_tipofoto, cod_extensionfoto, cod_empleadoactivo, cod_estatusempleado, cod_estadocivil, cod_rol, cod_puesto, cod_diasvacaciones, cod_sistemasuite, fec_creacion, fec_modificacion, cod_creadopor, cod_modificadopor, cod_area) VALUES (28, 'JOSE', 'IVAN', 'VACILIO', 'SANCHEZ', 'DOMICILIO CONOCIDO', '1995-03-11', 'XOXONANCATLA, PUE.', 23, 'maito15.example@gmail.com', 'B-', '', '', '', NULL, NULL, NULL, '', '2019-02-14', '', '', 'IVSJ950311HPZDTT40', NULL, '', '', true, 1, 0, NULL, 4, NULL, NULL, '2019-02-14', '2019-02-14', 10, NULL, 4);
INSERT INTO sgrh.tsgrhempleados (cod_empleado, des_nombre, des_nombres, des_apepaterno, des_apematerno, des_direccion, fec_nacimiento, des_lugarnacimiento, cod_edad, des_correo, cod_tiposangre, cod_telefonocasa, cod_telefonocelular, cod_telemergencia, bin_identificacion, bin_pasaporte, bin_visa, cod_licenciamanejo, fec_ingreso, cod_rfc, cod_nss, cod_curp, bin_foto, cod_tipofoto, cod_extensionfoto, cod_empleadoactivo, cod_estatusempleado, cod_estadocivil, cod_rol, cod_puesto, cod_diasvacaciones, cod_sistemasuite, fec_creacion, fec_modificacion, cod_creadopor, cod_modificadopor, cod_area) VALUES (29, 'ERICA', '', 'ESPINOZA', 'CANDELARIA', 'DOMICILIO CONOCIDO', '1995-03-12', 'XICOTEPEC, PUE.', 23, 'maito16.example@gmail.com', 'B-', '', '', '', NULL, NULL, NULL, '', '2019-02-14', '', '', 'ESCE950312HPZDUT41', NULL, '', '', true, 1, 0, NULL, 5, NULL, NULL, '2019-02-14', '2019-02-14', 10, NULL, 5);
INSERT INTO sgrh.tsgrhempleados (cod_empleado, des_nombre, des_nombres, des_apepaterno, des_apematerno, des_direccion, fec_nacimiento, des_lugarnacimiento, cod_edad, des_correo, cod_tiposangre, cod_telefonocasa, cod_telefonocelular, cod_telemergencia, bin_identificacion, bin_pasaporte, bin_visa, cod_licenciamanejo, fec_ingreso, cod_rfc, cod_nss, cod_curp, bin_foto, cod_tipofoto, cod_extensionfoto, cod_empleadoactivo, cod_estatusempleado, cod_estadocivil, cod_rol, cod_puesto, cod_diasvacaciones, cod_sistemasuite, fec_creacion, fec_modificacion, cod_creadopor, cod_modificadopor, cod_area) VALUES (30, 'ROBERTO', '', 'ORTEGA', 'ALVAREZ', 'DOMICILIO CONOCIDO', '1995-03-13', 'JICOLAPA, PUE.', 23, 'maito17.example@gmail.com', 'A-', '', '', '', NULL, NULL, NULL, '', '2019-02-14', '', '', 'ORAR950313HPZDVT42', NULL, '', '', true, 1, 0, NULL, 5, NULL, NULL, '2019-02-14', '2019-02-14', 10, NULL, 5);
INSERT INTO sgrh.tsgrhempleados (cod_empleado, des_nombre, des_nombres, des_apepaterno, des_apematerno, des_direccion, fec_nacimiento, des_lugarnacimiento, cod_edad, des_correo, cod_tiposangre, cod_telefonocasa, cod_telefonocelular, cod_telemergencia, bin_identificacion, bin_pasaporte, bin_visa, cod_licenciamanejo, fec_ingreso, cod_rfc, cod_nss, cod_curp, bin_foto, cod_tipofoto, cod_extensionfoto, cod_empleadoactivo, cod_estatusempleado, cod_estadocivil, cod_rol, cod_puesto, cod_diasvacaciones, cod_sistemasuite, fec_creacion, fec_modificacion, cod_creadopor, cod_modificadopor, cod_area) VALUES (31, 'CESARIO', '', 'TELLEZ', 'REYES', 'DOMICILIO CONOCIDO', '1995-03-14', 'SANTA INES, PUE.', 23, 'maito18.example@gmail.com', 'A-', '', '', '', NULL, NULL, NULL, '', '2019-02-14', '', '', 'TERC950314HPZDWT43', NULL, '', '', true, 1, 0, NULL, 5, NULL, NULL, '2019-02-14', '2019-02-14', 10, NULL, 5);
INSERT INTO sgrh.tsgrhempleados (cod_empleado, des_nombre, des_nombres, des_apepaterno, des_apematerno, des_direccion, fec_nacimiento, des_lugarnacimiento, cod_edad, des_correo, cod_tiposangre, cod_telefonocasa, cod_telefonocelular, cod_telemergencia, bin_identificacion, bin_pasaporte, bin_visa, cod_licenciamanejo, fec_ingreso, cod_rfc, cod_nss, cod_curp, bin_foto, cod_tipofoto, cod_extensionfoto, cod_empleadoactivo, cod_estatusempleado, cod_estadocivil, cod_rol, cod_puesto, cod_diasvacaciones, cod_sistemasuite, fec_creacion, fec_modificacion, cod_creadopor, cod_modificadopor, cod_area) VALUES (32, 'CARLOS', 'EFREN', 'SANCHEZ', 'JUAN', 'DOMICILIO CONOCIDO', '1995-03-15', 'CHOLULA, PUE.', 23, 'maito19.example@gmail.com', 'A-', '', '', '', NULL, NULL, NULL, '', '2019-02-14', '', '', 'ESJC950315HPZDXT44', NULL, '', '', true, 1, 0, NULL, 5, NULL, NULL, '2019-02-14', '2019-02-14', 10, NULL, 5);
INSERT INTO sgrh.tsgrhempleados (cod_empleado, des_nombre, des_nombres, des_apepaterno, des_apematerno, des_direccion, fec_nacimiento, des_lugarnacimiento, cod_edad, des_correo, cod_tiposangre, cod_telefonocasa, cod_telefonocelular, cod_telemergencia, bin_identificacion, bin_pasaporte, bin_visa, cod_licenciamanejo, fec_ingreso, cod_rfc, cod_nss, cod_curp, bin_foto, cod_tipofoto, cod_extensionfoto, cod_empleadoactivo, cod_estatusempleado, cod_estadocivil, cod_rol, cod_puesto, cod_diasvacaciones, cod_sistemasuite, fec_creacion, fec_modificacion, cod_creadopor, cod_modificadopor, cod_area) VALUES (33, 'JOSE', '', 'DE LOS SANTOS', 'TRINIDAD', 'DOMICILIO CONOCIDO', '1995-03-16', 'DF, DF.', 23, 'maito20.example@gmail.com', 'A-', '', '', '', NULL, NULL, NULL, '', '2019-02-14', '', '', 'DETJ950316HPZDYT45', NULL, '', '', true, 1, 0, NULL, 5, NULL, NULL, '2019-02-14', '2019-02-14', 10, NULL, 5);
INSERT INTO sgrh.tsgrhempleados (cod_empleado, des_nombre, des_nombres, des_apepaterno, des_apematerno, des_direccion, fec_nacimiento, des_lugarnacimiento, cod_edad, des_correo, cod_tiposangre, cod_telefonocasa, cod_telefonocelular, cod_telemergencia, bin_identificacion, bin_pasaporte, bin_visa, cod_licenciamanejo, fec_ingreso, cod_rfc, cod_nss, cod_curp, bin_foto, cod_tipofoto, cod_extensionfoto, cod_empleadoactivo, cod_estatusempleado, cod_estadocivil, cod_rol, cod_puesto, cod_diasvacaciones, cod_sistemasuite, fec_creacion, fec_modificacion, cod_creadopor, cod_modificadopor, cod_area) VALUES (34, 'FIDEL', '', 'SANCHEZ', 'VAZQUEZ', 'DOMICILIO CONOCIDO', '0022-01-17', 'ZACATELCO, TLAX.', 0, 'maito21.example@gmail.com', 'A-', '', '757581', '', NULL, NULL, NULL, '', '0012-08-19', 'dfgt45', '', 'SAVF950317HPZDZT46', NULL, '', '', true, 1, 1, 2, 5, NULL, NULL, '0012-08-19', '2019-04-11', 10, 11, 5);
INSERT INTO sgrh.tsgrhempleados (cod_empleado, des_nombre, des_nombres, des_apepaterno, des_apematerno, des_direccion, fec_nacimiento, des_lugarnacimiento, cod_edad, des_correo, cod_tiposangre, cod_telefonocasa, cod_telefonocelular, cod_telemergencia, bin_identificacion, bin_pasaporte, bin_visa, cod_licenciamanejo, fec_ingreso, cod_rfc, cod_nss, cod_curp, bin_foto, cod_tipofoto, cod_extensionfoto, cod_empleadoactivo, cod_estatusempleado, cod_estadocivil, cod_rol, cod_puesto, cod_diasvacaciones, cod_sistemasuite, fec_creacion, fec_modificacion, cod_creadopor, cod_modificadopor, cod_area) VALUES (1, 'AMBRO', NULL, 'MN', 'FL', 'Domicilio', '1994-11-04', 'tlax', 24, 'mnflambr@gmail.com', 'o', NULL, '3242', NULL, NULL, NULL, NULL, NULL, '2019-01-01', NULL, NULL, 'coiejcoijcoic', NULL, NULL, NULL, true, 1, 1, 1, 1, NULL, NULL, '2019-01-01', '2019-06-08', 10, NULL, 1);


--
-- TOC entry 4524 (class 0 OID 46869)
-- Dependencies: 286
-- Data for Name: tsgrhencuesta; Type: TABLE DATA; Schema: sgrh; Owner: postgres
--

INSERT INTO sgrh.tsgrhencuesta (cod_encuesta, des_nbencuesta, cod_edoencuesta, fec_fechaencuesta, cod_lugar, tim_duracion, des_elementosvalidar, des_defectos, des_introduccion, cod_aceptado, cod_edoeliminar, cod_creadopor, cod_modificadopor, fec_creacion, fec_modificacion, cod_area) VALUES (5, 'ENCUESTA 00000001', 'Aceptado', '2018-12-10', 2, '00:15:00', NULL, NULL, NULL, true, false, 10, 10, '2018-12-10', '2018-12-10', 5);
INSERT INTO sgrh.tsgrhencuesta (cod_encuesta, des_nbencuesta, cod_edoencuesta, fec_fechaencuesta, cod_lugar, tim_duracion, des_elementosvalidar, des_defectos, des_introduccion, cod_aceptado, cod_edoeliminar, cod_creadopor, cod_modificadopor, fec_creacion, fec_modificacion, cod_area) VALUES (6, 'ENCUESTA 00000002', 'Aceptado', '2018-12-10', 2, '00:15:00', NULL, NULL, NULL, true, false, 10, 10, '2018-12-10', '2018-12-10', 5);
INSERT INTO sgrh.tsgrhencuesta (cod_encuesta, des_nbencuesta, cod_edoencuesta, fec_fechaencuesta, cod_lugar, tim_duracion, des_elementosvalidar, des_defectos, des_introduccion, cod_aceptado, cod_edoeliminar, cod_creadopor, cod_modificadopor, fec_creacion, fec_modificacion, cod_area) VALUES (8, 'ENCUESTA 00000004', 'Aceptado', '2019-02-10', 2, '00:10:00', NULL, NULL, NULL, true, false, 10, 10, '2019-02-10', '2019-02-10', 1);
INSERT INTO sgrh.tsgrhencuesta (cod_encuesta, des_nbencuesta, cod_edoencuesta, fec_fechaencuesta, cod_lugar, tim_duracion, des_elementosvalidar, des_defectos, des_introduccion, cod_aceptado, cod_edoeliminar, cod_creadopor, cod_modificadopor, fec_creacion, fec_modificacion, cod_area) VALUES (9, 'ENCUESTA 00000005', 'Aceptado', '2019-02-10', 2, '00:10:00', NULL, NULL, NULL, true, false, 10, 10, '2019-02-10', '2019-02-10', 1);
INSERT INTO sgrh.tsgrhencuesta (cod_encuesta, des_nbencuesta, cod_edoencuesta, fec_fechaencuesta, cod_lugar, tim_duracion, des_elementosvalidar, des_defectos, des_introduccion, cod_aceptado, cod_edoeliminar, cod_creadopor, cod_modificadopor, fec_creacion, fec_modificacion, cod_area) VALUES (10, 'ENCUESTA 00000006', 'Aceptado', '2019-02-10', 2, '00:10:00', NULL, NULL, NULL, true, false, 10, 10, '2019-02-10', '2019-02-10', 1);
INSERT INTO sgrh.tsgrhencuesta (cod_encuesta, des_nbencuesta, cod_edoencuesta, fec_fechaencuesta, cod_lugar, tim_duracion, des_elementosvalidar, des_defectos, des_introduccion, cod_aceptado, cod_edoeliminar, cod_creadopor, cod_modificadopor, fec_creacion, fec_modificacion, cod_area) VALUES (11, 'ENCUESTA 00000007', 'Aceptado', '2019-02-10', 2, '00:10:00', NULL, NULL, NULL, true, false, 10, 10, '2019-02-10', '2019-02-10', 1);
INSERT INTO sgrh.tsgrhencuesta (cod_encuesta, des_nbencuesta, cod_edoencuesta, fec_fechaencuesta, cod_lugar, tim_duracion, des_elementosvalidar, des_defectos, des_introduccion, cod_aceptado, cod_edoeliminar, cod_creadopor, cod_modificadopor, fec_creacion, fec_modificacion, cod_area) VALUES (12, 'ENCUESTA 00000008', 'Aceptado', '2019-02-10', 2, '00:10:00', NULL, NULL, NULL, true, false, 10, 10, '2019-02-10', '2019-02-10', 1);
INSERT INTO sgrh.tsgrhencuesta (cod_encuesta, des_nbencuesta, cod_edoencuesta, fec_fechaencuesta, cod_lugar, tim_duracion, des_elementosvalidar, des_defectos, des_introduccion, cod_aceptado, cod_edoeliminar, cod_creadopor, cod_modificadopor, fec_creacion, fec_modificacion, cod_area) VALUES (13, 'ENCUESTA 00000009', 'Aceptado', '2019-02-10', 2, '00:10:00', NULL, NULL, NULL, true, false, 10, 10, '2019-02-10', '2019-02-10', 2);
INSERT INTO sgrh.tsgrhencuesta (cod_encuesta, des_nbencuesta, cod_edoencuesta, fec_fechaencuesta, cod_lugar, tim_duracion, des_elementosvalidar, des_defectos, des_introduccion, cod_aceptado, cod_edoeliminar, cod_creadopor, cod_modificadopor, fec_creacion, fec_modificacion, cod_area) VALUES (14, 'ENCUESTA 00000010', 'Aceptado', '2019-02-10', 2, '00:10:00', NULL, NULL, NULL, true, false, 10, 10, '2019-02-10', '2019-02-10', 2);
INSERT INTO sgrh.tsgrhencuesta (cod_encuesta, des_nbencuesta, cod_edoencuesta, fec_fechaencuesta, cod_lugar, tim_duracion, des_elementosvalidar, des_defectos, des_introduccion, cod_aceptado, cod_edoeliminar, cod_creadopor, cod_modificadopor, fec_creacion, fec_modificacion, cod_area) VALUES (15, 'ENCUESTA 00000011', 'Aceptado', '2019-02-10', 2, '00:10:00', NULL, NULL, NULL, true, false, 10, 10, '2019-02-10', '2019-02-10', 2);
INSERT INTO sgrh.tsgrhencuesta (cod_encuesta, des_nbencuesta, cod_edoencuesta, fec_fechaencuesta, cod_lugar, tim_duracion, des_elementosvalidar, des_defectos, des_introduccion, cod_aceptado, cod_edoeliminar, cod_creadopor, cod_modificadopor, fec_creacion, fec_modificacion, cod_area) VALUES (16, 'ENCUESTA 00000012', 'Aceptado', '2019-02-10', 2, '00:10:00', NULL, NULL, NULL, true, false, 10, 10, '2019-02-10', '2019-02-10', 2);
INSERT INTO sgrh.tsgrhencuesta (cod_encuesta, des_nbencuesta, cod_edoencuesta, fec_fechaencuesta, cod_lugar, tim_duracion, des_elementosvalidar, des_defectos, des_introduccion, cod_aceptado, cod_edoeliminar, cod_creadopor, cod_modificadopor, fec_creacion, fec_modificacion, cod_area) VALUES (7, 'ENCUESTA 00000003', 'Aceptado', '2018-12-08', 2, '00:15:00', NULL, NULL, NULL, true, false, 10, 10, '2018-12-10', '2019-02-15', 1);


--
-- TOC entry 4525 (class 0 OID 46879)
-- Dependencies: 287
-- Data for Name: tsgrhencuesta_participantes; Type: TABLE DATA; Schema: sgrh; Owner: postgres
--

INSERT INTO sgrh.tsgrhencuesta_participantes (cod_participantenc, cod_empleado, cod_encuesta, cod_pregunta, cod_respuesta, respuesta_abierta) VALUES (1, 29, 5, 82, 477, NULL);
INSERT INTO sgrh.tsgrhencuesta_participantes (cod_participantenc, cod_empleado, cod_encuesta, cod_pregunta, cod_respuesta, respuesta_abierta) VALUES (2, 29, 5, 83, 482, NULL);
INSERT INTO sgrh.tsgrhencuesta_participantes (cod_participantenc, cod_empleado, cod_encuesta, cod_pregunta, cod_respuesta, respuesta_abierta) VALUES (3, 29, 5, 84, 488, NULL);
INSERT INTO sgrh.tsgrhencuesta_participantes (cod_participantenc, cod_empleado, cod_encuesta, cod_pregunta, cod_respuesta, respuesta_abierta) VALUES (4, 29, 5, 85, 493, NULL);
INSERT INTO sgrh.tsgrhencuesta_participantes (cod_participantenc, cod_empleado, cod_encuesta, cod_pregunta, cod_respuesta, respuesta_abierta) VALUES (5, 29, 5, 86, 498, NULL);
INSERT INTO sgrh.tsgrhencuesta_participantes (cod_participantenc, cod_empleado, cod_encuesta, cod_pregunta, cod_respuesta, respuesta_abierta) VALUES (6, 29, 5, 87, 502, NULL);
INSERT INTO sgrh.tsgrhencuesta_participantes (cod_participantenc, cod_empleado, cod_encuesta, cod_pregunta, cod_respuesta, respuesta_abierta) VALUES (7, 29, 5, 88, 507, NULL);
INSERT INTO sgrh.tsgrhencuesta_participantes (cod_participantenc, cod_empleado, cod_encuesta, cod_pregunta, cod_respuesta, respuesta_abierta) VALUES (8, 29, 5, 89, 512, NULL);
INSERT INTO sgrh.tsgrhencuesta_participantes (cod_participantenc, cod_empleado, cod_encuesta, cod_pregunta, cod_respuesta, respuesta_abierta) VALUES (9, 29, 5, 90, 516, NULL);
INSERT INTO sgrh.tsgrhencuesta_participantes (cod_participantenc, cod_empleado, cod_encuesta, cod_pregunta, cod_respuesta, respuesta_abierta) VALUES (10, 29, 5, 91, NULL, '');
INSERT INTO sgrh.tsgrhencuesta_participantes (cod_participantenc, cod_empleado, cod_encuesta, cod_pregunta, cod_respuesta, respuesta_abierta) VALUES (11, 29, 5, 92, NULL, '');
INSERT INTO sgrh.tsgrhencuesta_participantes (cod_participantenc, cod_empleado, cod_encuesta, cod_pregunta, cod_respuesta, respuesta_abierta) VALUES (12, 29, 5, 93, 523, NULL);
INSERT INTO sgrh.tsgrhencuesta_participantes (cod_participantenc, cod_empleado, cod_encuesta, cod_pregunta, cod_respuesta, respuesta_abierta) VALUES (13, 29, 5, 94, 528, NULL);
INSERT INTO sgrh.tsgrhencuesta_participantes (cod_participantenc, cod_empleado, cod_encuesta, cod_pregunta, cod_respuesta, respuesta_abierta) VALUES (14, 29, 5, 95, 533, NULL);
INSERT INTO sgrh.tsgrhencuesta_participantes (cod_participantenc, cod_empleado, cod_encuesta, cod_pregunta, cod_respuesta, respuesta_abierta) VALUES (15, 29, 5, 97, NULL, '');
INSERT INTO sgrh.tsgrhencuesta_participantes (cod_participantenc, cod_empleado, cod_encuesta, cod_pregunta, cod_respuesta, respuesta_abierta) VALUES (16, 29, 5, 98, 539, NULL);
INSERT INTO sgrh.tsgrhencuesta_participantes (cod_participantenc, cod_empleado, cod_encuesta, cod_pregunta, cod_respuesta, respuesta_abierta) VALUES (17, 29, 5, 99, 543, NULL);
INSERT INTO sgrh.tsgrhencuesta_participantes (cod_participantenc, cod_empleado, cod_encuesta, cod_pregunta, cod_respuesta, respuesta_abierta) VALUES (18, 29, 5, 100, 548, NULL);
INSERT INTO sgrh.tsgrhencuesta_participantes (cod_participantenc, cod_empleado, cod_encuesta, cod_pregunta, cod_respuesta, respuesta_abierta) VALUES (19, 29, 5, 101, 553, NULL);
INSERT INTO sgrh.tsgrhencuesta_participantes (cod_participantenc, cod_empleado, cod_encuesta, cod_pregunta, cod_respuesta, respuesta_abierta) VALUES (20, 29, 5, 102, 557, NULL);
INSERT INTO sgrh.tsgrhencuesta_participantes (cod_participantenc, cod_empleado, cod_encuesta, cod_pregunta, cod_respuesta, respuesta_abierta) VALUES (21, 29, 5, 104, 564, NULL);
INSERT INTO sgrh.tsgrhencuesta_participantes (cod_participantenc, cod_empleado, cod_encuesta, cod_pregunta, cod_respuesta, respuesta_abierta) VALUES (22, 29, 5, 105, 568, NULL);
INSERT INTO sgrh.tsgrhencuesta_participantes (cod_participantenc, cod_empleado, cod_encuesta, cod_pregunta, cod_respuesta, respuesta_abierta) VALUES (23, 29, 5, 106, 574, NULL);
INSERT INTO sgrh.tsgrhencuesta_participantes (cod_participantenc, cod_empleado, cod_encuesta, cod_pregunta, cod_respuesta, respuesta_abierta) VALUES (24, 30, 5, 82, 477, NULL);
INSERT INTO sgrh.tsgrhencuesta_participantes (cod_participantenc, cod_empleado, cod_encuesta, cod_pregunta, cod_respuesta, respuesta_abierta) VALUES (25, 30, 5, 83, 482, NULL);
INSERT INTO sgrh.tsgrhencuesta_participantes (cod_participantenc, cod_empleado, cod_encuesta, cod_pregunta, cod_respuesta, respuesta_abierta) VALUES (26, 30, 5, 84, 489, NULL);
INSERT INTO sgrh.tsgrhencuesta_participantes (cod_participantenc, cod_empleado, cod_encuesta, cod_pregunta, cod_respuesta, respuesta_abierta) VALUES (27, 30, 5, 85, 494, NULL);
INSERT INTO sgrh.tsgrhencuesta_participantes (cod_participantenc, cod_empleado, cod_encuesta, cod_pregunta, cod_respuesta, respuesta_abierta) VALUES (28, 30, 5, 86, 498, NULL);
INSERT INTO sgrh.tsgrhencuesta_participantes (cod_participantenc, cod_empleado, cod_encuesta, cod_pregunta, cod_respuesta, respuesta_abierta) VALUES (29, 30, 5, 87, 502, NULL);
INSERT INTO sgrh.tsgrhencuesta_participantes (cod_participantenc, cod_empleado, cod_encuesta, cod_pregunta, cod_respuesta, respuesta_abierta) VALUES (30, 30, 5, 88, 507, NULL);
INSERT INTO sgrh.tsgrhencuesta_participantes (cod_participantenc, cod_empleado, cod_encuesta, cod_pregunta, cod_respuesta, respuesta_abierta) VALUES (31, 30, 5, 89, 512, NULL);
INSERT INTO sgrh.tsgrhencuesta_participantes (cod_participantenc, cod_empleado, cod_encuesta, cod_pregunta, cod_respuesta, respuesta_abierta) VALUES (32, 30, 5, 90, 515, NULL);
INSERT INTO sgrh.tsgrhencuesta_participantes (cod_participantenc, cod_empleado, cod_encuesta, cod_pregunta, cod_respuesta, respuesta_abierta) VALUES (33, 30, 5, 91, NULL, '');
INSERT INTO sgrh.tsgrhencuesta_participantes (cod_participantenc, cod_empleado, cod_encuesta, cod_pregunta, cod_respuesta, respuesta_abierta) VALUES (34, 30, 5, 92, NULL, '');
INSERT INTO sgrh.tsgrhencuesta_participantes (cod_participantenc, cod_empleado, cod_encuesta, cod_pregunta, cod_respuesta, respuesta_abierta) VALUES (35, 30, 5, 93, 522, NULL);
INSERT INTO sgrh.tsgrhencuesta_participantes (cod_participantenc, cod_empleado, cod_encuesta, cod_pregunta, cod_respuesta, respuesta_abierta) VALUES (36, 30, 5, 94, 529, NULL);
INSERT INTO sgrh.tsgrhencuesta_participantes (cod_participantenc, cod_empleado, cod_encuesta, cod_pregunta, cod_respuesta, respuesta_abierta) VALUES (37, 30, 5, 95, 533, NULL);
INSERT INTO sgrh.tsgrhencuesta_participantes (cod_participantenc, cod_empleado, cod_encuesta, cod_pregunta, cod_respuesta, respuesta_abierta) VALUES (38, 30, 5, 97, NULL, '');
INSERT INTO sgrh.tsgrhencuesta_participantes (cod_participantenc, cod_empleado, cod_encuesta, cod_pregunta, cod_respuesta, respuesta_abierta) VALUES (39, 30, 5, 98, 539, NULL);
INSERT INTO sgrh.tsgrhencuesta_participantes (cod_participantenc, cod_empleado, cod_encuesta, cod_pregunta, cod_respuesta, respuesta_abierta) VALUES (40, 30, 5, 99, 543, NULL);
INSERT INTO sgrh.tsgrhencuesta_participantes (cod_participantenc, cod_empleado, cod_encuesta, cod_pregunta, cod_respuesta, respuesta_abierta) VALUES (41, 30, 5, 100, 548, NULL);
INSERT INTO sgrh.tsgrhencuesta_participantes (cod_participantenc, cod_empleado, cod_encuesta, cod_pregunta, cod_respuesta, respuesta_abierta) VALUES (42, 30, 5, 101, 553, NULL);
INSERT INTO sgrh.tsgrhencuesta_participantes (cod_participantenc, cod_empleado, cod_encuesta, cod_pregunta, cod_respuesta, respuesta_abierta) VALUES (43, 30, 5, 102, 557, NULL);
INSERT INTO sgrh.tsgrhencuesta_participantes (cod_participantenc, cod_empleado, cod_encuesta, cod_pregunta, cod_respuesta, respuesta_abierta) VALUES (44, 30, 5, 104, 563, NULL);
INSERT INTO sgrh.tsgrhencuesta_participantes (cod_participantenc, cod_empleado, cod_encuesta, cod_pregunta, cod_respuesta, respuesta_abierta) VALUES (45, 30, 5, 105, 568, NULL);
INSERT INTO sgrh.tsgrhencuesta_participantes (cod_participantenc, cod_empleado, cod_encuesta, cod_pregunta, cod_respuesta, respuesta_abierta) VALUES (46, 30, 5, 106, 573, NULL);
INSERT INTO sgrh.tsgrhencuesta_participantes (cod_participantenc, cod_empleado, cod_encuesta, cod_pregunta, cod_respuesta, respuesta_abierta) VALUES (47, 31, 5, 82, 479, NULL);
INSERT INTO sgrh.tsgrhencuesta_participantes (cod_participantenc, cod_empleado, cod_encuesta, cod_pregunta, cod_respuesta, respuesta_abierta) VALUES (48, 31, 5, 83, 484, NULL);
INSERT INTO sgrh.tsgrhencuesta_participantes (cod_participantenc, cod_empleado, cod_encuesta, cod_pregunta, cod_respuesta, respuesta_abierta) VALUES (49, 31, 5, 84, 487, NULL);
INSERT INTO sgrh.tsgrhencuesta_participantes (cod_participantenc, cod_empleado, cod_encuesta, cod_pregunta, cod_respuesta, respuesta_abierta) VALUES (50, 31, 5, 85, 492, NULL);
INSERT INTO sgrh.tsgrhencuesta_participantes (cod_participantenc, cod_empleado, cod_encuesta, cod_pregunta, cod_respuesta, respuesta_abierta) VALUES (51, 31, 5, 86, 499, NULL);
INSERT INTO sgrh.tsgrhencuesta_participantes (cod_participantenc, cod_empleado, cod_encuesta, cod_pregunta, cod_respuesta, respuesta_abierta) VALUES (52, 31, 5, 87, 502, NULL);
INSERT INTO sgrh.tsgrhencuesta_participantes (cod_participantenc, cod_empleado, cod_encuesta, cod_pregunta, cod_respuesta, respuesta_abierta) VALUES (53, 31, 5, 88, 507, NULL);
INSERT INTO sgrh.tsgrhencuesta_participantes (cod_participantenc, cod_empleado, cod_encuesta, cod_pregunta, cod_respuesta, respuesta_abierta) VALUES (54, 31, 5, 89, 512, NULL);
INSERT INTO sgrh.tsgrhencuesta_participantes (cod_participantenc, cod_empleado, cod_encuesta, cod_pregunta, cod_respuesta, respuesta_abierta) VALUES (55, 31, 5, 90, 517, NULL);
INSERT INTO sgrh.tsgrhencuesta_participantes (cod_participantenc, cod_empleado, cod_encuesta, cod_pregunta, cod_respuesta, respuesta_abierta) VALUES (56, 31, 5, 91, NULL, '');
INSERT INTO sgrh.tsgrhencuesta_participantes (cod_participantenc, cod_empleado, cod_encuesta, cod_pregunta, cod_respuesta, respuesta_abierta) VALUES (57, 31, 5, 92, NULL, '');
INSERT INTO sgrh.tsgrhencuesta_participantes (cod_participantenc, cod_empleado, cod_encuesta, cod_pregunta, cod_respuesta, respuesta_abierta) VALUES (58, 31, 5, 93, 524, NULL);
INSERT INTO sgrh.tsgrhencuesta_participantes (cod_participantenc, cod_empleado, cod_encuesta, cod_pregunta, cod_respuesta, respuesta_abierta) VALUES (59, 31, 5, 94, 529, NULL);
INSERT INTO sgrh.tsgrhencuesta_participantes (cod_participantenc, cod_empleado, cod_encuesta, cod_pregunta, cod_respuesta, respuesta_abierta) VALUES (60, 31, 5, 95, 533, NULL);
INSERT INTO sgrh.tsgrhencuesta_participantes (cod_participantenc, cod_empleado, cod_encuesta, cod_pregunta, cod_respuesta, respuesta_abierta) VALUES (61, 31, 5, 97, NULL, '');
INSERT INTO sgrh.tsgrhencuesta_participantes (cod_participantenc, cod_empleado, cod_encuesta, cod_pregunta, cod_respuesta, respuesta_abierta) VALUES (62, 31, 5, 98, 537, NULL);
INSERT INTO sgrh.tsgrhencuesta_participantes (cod_participantenc, cod_empleado, cod_encuesta, cod_pregunta, cod_respuesta, respuesta_abierta) VALUES (63, 31, 5, 99, 544, NULL);
INSERT INTO sgrh.tsgrhencuesta_participantes (cod_participantenc, cod_empleado, cod_encuesta, cod_pregunta, cod_respuesta, respuesta_abierta) VALUES (64, 31, 5, 100, 548, NULL);
INSERT INTO sgrh.tsgrhencuesta_participantes (cod_participantenc, cod_empleado, cod_encuesta, cod_pregunta, cod_respuesta, respuesta_abierta) VALUES (65, 31, 5, 101, 553, NULL);
INSERT INTO sgrh.tsgrhencuesta_participantes (cod_participantenc, cod_empleado, cod_encuesta, cod_pregunta, cod_respuesta, respuesta_abierta) VALUES (66, 31, 5, 102, 558, NULL);
INSERT INTO sgrh.tsgrhencuesta_participantes (cod_participantenc, cod_empleado, cod_encuesta, cod_pregunta, cod_respuesta, respuesta_abierta) VALUES (67, 31, 5, 104, 564, NULL);
INSERT INTO sgrh.tsgrhencuesta_participantes (cod_participantenc, cod_empleado, cod_encuesta, cod_pregunta, cod_respuesta, respuesta_abierta) VALUES (68, 31, 5, 105, 570, NULL);
INSERT INTO sgrh.tsgrhencuesta_participantes (cod_participantenc, cod_empleado, cod_encuesta, cod_pregunta, cod_respuesta, respuesta_abierta) VALUES (69, 31, 5, 106, 574, NULL);
INSERT INTO sgrh.tsgrhencuesta_participantes (cod_participantenc, cod_empleado, cod_encuesta, cod_pregunta, cod_respuesta, respuesta_abierta) VALUES (70, 32, 5, 82, 478, NULL);
INSERT INTO sgrh.tsgrhencuesta_participantes (cod_participantenc, cod_empleado, cod_encuesta, cod_pregunta, cod_respuesta, respuesta_abierta) VALUES (71, 32, 5, 83, 483, NULL);
INSERT INTO sgrh.tsgrhencuesta_participantes (cod_participantenc, cod_empleado, cod_encuesta, cod_pregunta, cod_respuesta, respuesta_abierta) VALUES (72, 32, 5, 84, 488, NULL);
INSERT INTO sgrh.tsgrhencuesta_participantes (cod_participantenc, cod_empleado, cod_encuesta, cod_pregunta, cod_respuesta, respuesta_abierta) VALUES (73, 32, 5, 85, 492, NULL);
INSERT INTO sgrh.tsgrhencuesta_participantes (cod_participantenc, cod_empleado, cod_encuesta, cod_pregunta, cod_respuesta, respuesta_abierta) VALUES (74, 32, 5, 86, 498, NULL);
INSERT INTO sgrh.tsgrhencuesta_participantes (cod_participantenc, cod_empleado, cod_encuesta, cod_pregunta, cod_respuesta, respuesta_abierta) VALUES (75, 32, 5, 87, 502, NULL);
INSERT INTO sgrh.tsgrhencuesta_participantes (cod_participantenc, cod_empleado, cod_encuesta, cod_pregunta, cod_respuesta, respuesta_abierta) VALUES (76, 32, 5, 88, 508, NULL);
INSERT INTO sgrh.tsgrhencuesta_participantes (cod_participantenc, cod_empleado, cod_encuesta, cod_pregunta, cod_respuesta, respuesta_abierta) VALUES (77, 32, 5, 89, 512, NULL);
INSERT INTO sgrh.tsgrhencuesta_participantes (cod_participantenc, cod_empleado, cod_encuesta, cod_pregunta, cod_respuesta, respuesta_abierta) VALUES (78, 32, 5, 90, 517, NULL);
INSERT INTO sgrh.tsgrhencuesta_participantes (cod_participantenc, cod_empleado, cod_encuesta, cod_pregunta, cod_respuesta, respuesta_abierta) VALUES (79, 32, 5, 91, NULL, '');
INSERT INTO sgrh.tsgrhencuesta_participantes (cod_participantenc, cod_empleado, cod_encuesta, cod_pregunta, cod_respuesta, respuesta_abierta) VALUES (80, 32, 5, 92, NULL, '');
INSERT INTO sgrh.tsgrhencuesta_participantes (cod_participantenc, cod_empleado, cod_encuesta, cod_pregunta, cod_respuesta, respuesta_abierta) VALUES (81, 32, 5, 93, 523, NULL);
INSERT INTO sgrh.tsgrhencuesta_participantes (cod_participantenc, cod_empleado, cod_encuesta, cod_pregunta, cod_respuesta, respuesta_abierta) VALUES (82, 32, 5, 94, 529, NULL);
INSERT INTO sgrh.tsgrhencuesta_participantes (cod_participantenc, cod_empleado, cod_encuesta, cod_pregunta, cod_respuesta, respuesta_abierta) VALUES (83, 32, 5, 95, 533, NULL);
INSERT INTO sgrh.tsgrhencuesta_participantes (cod_participantenc, cod_empleado, cod_encuesta, cod_pregunta, cod_respuesta, respuesta_abierta) VALUES (84, 32, 5, 97, NULL, '');
INSERT INTO sgrh.tsgrhencuesta_participantes (cod_participantenc, cod_empleado, cod_encuesta, cod_pregunta, cod_respuesta, respuesta_abierta) VALUES (85, 32, 5, 98, 539, NULL);
INSERT INTO sgrh.tsgrhencuesta_participantes (cod_participantenc, cod_empleado, cod_encuesta, cod_pregunta, cod_respuesta, respuesta_abierta) VALUES (86, 32, 5, 99, 543, NULL);
INSERT INTO sgrh.tsgrhencuesta_participantes (cod_participantenc, cod_empleado, cod_encuesta, cod_pregunta, cod_respuesta, respuesta_abierta) VALUES (87, 32, 5, 100, 548, NULL);
INSERT INTO sgrh.tsgrhencuesta_participantes (cod_participantenc, cod_empleado, cod_encuesta, cod_pregunta, cod_respuesta, respuesta_abierta) VALUES (88, 32, 5, 101, 553, NULL);
INSERT INTO sgrh.tsgrhencuesta_participantes (cod_participantenc, cod_empleado, cod_encuesta, cod_pregunta, cod_respuesta, respuesta_abierta) VALUES (89, 32, 5, 102, 557, NULL);
INSERT INTO sgrh.tsgrhencuesta_participantes (cod_participantenc, cod_empleado, cod_encuesta, cod_pregunta, cod_respuesta, respuesta_abierta) VALUES (90, 32, 5, 104, 565, NULL);
INSERT INTO sgrh.tsgrhencuesta_participantes (cod_participantenc, cod_empleado, cod_encuesta, cod_pregunta, cod_respuesta, respuesta_abierta) VALUES (91, 32, 5, 105, 569, NULL);
INSERT INTO sgrh.tsgrhencuesta_participantes (cod_participantenc, cod_empleado, cod_encuesta, cod_pregunta, cod_respuesta, respuesta_abierta) VALUES (92, 32, 5, 106, 575, NULL);
INSERT INTO sgrh.tsgrhencuesta_participantes (cod_participantenc, cod_empleado, cod_encuesta, cod_pregunta, cod_respuesta, respuesta_abierta) VALUES (93, 33, 5, 82, 477, NULL);
INSERT INTO sgrh.tsgrhencuesta_participantes (cod_participantenc, cod_empleado, cod_encuesta, cod_pregunta, cod_respuesta, respuesta_abierta) VALUES (94, 33, 5, 83, 482, NULL);
INSERT INTO sgrh.tsgrhencuesta_participantes (cod_participantenc, cod_empleado, cod_encuesta, cod_pregunta, cod_respuesta, respuesta_abierta) VALUES (95, 33, 5, 84, 488, NULL);
INSERT INTO sgrh.tsgrhencuesta_participantes (cod_participantenc, cod_empleado, cod_encuesta, cod_pregunta, cod_respuesta, respuesta_abierta) VALUES (96, 33, 5, 85, 493, NULL);
INSERT INTO sgrh.tsgrhencuesta_participantes (cod_participantenc, cod_empleado, cod_encuesta, cod_pregunta, cod_respuesta, respuesta_abierta) VALUES (97, 33, 5, 86, 499, NULL);
INSERT INTO sgrh.tsgrhencuesta_participantes (cod_participantenc, cod_empleado, cod_encuesta, cod_pregunta, cod_respuesta, respuesta_abierta) VALUES (98, 33, 5, 87, 502, NULL);
INSERT INTO sgrh.tsgrhencuesta_participantes (cod_participantenc, cod_empleado, cod_encuesta, cod_pregunta, cod_respuesta, respuesta_abierta) VALUES (99, 33, 5, 88, 507, NULL);
INSERT INTO sgrh.tsgrhencuesta_participantes (cod_participantenc, cod_empleado, cod_encuesta, cod_pregunta, cod_respuesta, respuesta_abierta) VALUES (100, 33, 5, 89, 512, NULL);
INSERT INTO sgrh.tsgrhencuesta_participantes (cod_participantenc, cod_empleado, cod_encuesta, cod_pregunta, cod_respuesta, respuesta_abierta) VALUES (101, 33, 5, 90, 518, NULL);
INSERT INTO sgrh.tsgrhencuesta_participantes (cod_participantenc, cod_empleado, cod_encuesta, cod_pregunta, cod_respuesta, respuesta_abierta) VALUES (102, 33, 5, 91, NULL, '');
INSERT INTO sgrh.tsgrhencuesta_participantes (cod_participantenc, cod_empleado, cod_encuesta, cod_pregunta, cod_respuesta, respuesta_abierta) VALUES (103, 33, 5, 92, NULL, '');
INSERT INTO sgrh.tsgrhencuesta_participantes (cod_participantenc, cod_empleado, cod_encuesta, cod_pregunta, cod_respuesta, respuesta_abierta) VALUES (104, 33, 5, 93, 523, NULL);
INSERT INTO sgrh.tsgrhencuesta_participantes (cod_participantenc, cod_empleado, cod_encuesta, cod_pregunta, cod_respuesta, respuesta_abierta) VALUES (105, 33, 5, 94, 529, NULL);
INSERT INTO sgrh.tsgrhencuesta_participantes (cod_participantenc, cod_empleado, cod_encuesta, cod_pregunta, cod_respuesta, respuesta_abierta) VALUES (106, 33, 5, 95, 532, NULL);
INSERT INTO sgrh.tsgrhencuesta_participantes (cod_participantenc, cod_empleado, cod_encuesta, cod_pregunta, cod_respuesta, respuesta_abierta) VALUES (107, 33, 5, 97, NULL, '');
INSERT INTO sgrh.tsgrhencuesta_participantes (cod_participantenc, cod_empleado, cod_encuesta, cod_pregunta, cod_respuesta, respuesta_abierta) VALUES (108, 33, 5, 98, 538, NULL);
INSERT INTO sgrh.tsgrhencuesta_participantes (cod_participantenc, cod_empleado, cod_encuesta, cod_pregunta, cod_respuesta, respuesta_abierta) VALUES (109, 33, 5, 99, 543, NULL);
INSERT INTO sgrh.tsgrhencuesta_participantes (cod_participantenc, cod_empleado, cod_encuesta, cod_pregunta, cod_respuesta, respuesta_abierta) VALUES (110, 33, 5, 100, 548, NULL);
INSERT INTO sgrh.tsgrhencuesta_participantes (cod_participantenc, cod_empleado, cod_encuesta, cod_pregunta, cod_respuesta, respuesta_abierta) VALUES (111, 33, 5, 101, 553, NULL);
INSERT INTO sgrh.tsgrhencuesta_participantes (cod_participantenc, cod_empleado, cod_encuesta, cod_pregunta, cod_respuesta, respuesta_abierta) VALUES (112, 33, 5, 102, 558, NULL);
INSERT INTO sgrh.tsgrhencuesta_participantes (cod_participantenc, cod_empleado, cod_encuesta, cod_pregunta, cod_respuesta, respuesta_abierta) VALUES (113, 33, 5, 104, 565, NULL);
INSERT INTO sgrh.tsgrhencuesta_participantes (cod_participantenc, cod_empleado, cod_encuesta, cod_pregunta, cod_respuesta, respuesta_abierta) VALUES (114, 33, 5, 105, 570, NULL);
INSERT INTO sgrh.tsgrhencuesta_participantes (cod_participantenc, cod_empleado, cod_encuesta, cod_pregunta, cod_respuesta, respuesta_abierta) VALUES (115, 33, 5, 106, 575, NULL);
INSERT INTO sgrh.tsgrhencuesta_participantes (cod_participantenc, cod_empleado, cod_encuesta, cod_pregunta, cod_respuesta, respuesta_abierta) VALUES (116, 34, 5, 82, 477, NULL);
INSERT INTO sgrh.tsgrhencuesta_participantes (cod_participantenc, cod_empleado, cod_encuesta, cod_pregunta, cod_respuesta, respuesta_abierta) VALUES (117, 34, 5, 83, 482, NULL);
INSERT INTO sgrh.tsgrhencuesta_participantes (cod_participantenc, cod_empleado, cod_encuesta, cod_pregunta, cod_respuesta, respuesta_abierta) VALUES (118, 34, 5, 84, 488, NULL);
INSERT INTO sgrh.tsgrhencuesta_participantes (cod_participantenc, cod_empleado, cod_encuesta, cod_pregunta, cod_respuesta, respuesta_abierta) VALUES (119, 34, 5, 85, 492, NULL);
INSERT INTO sgrh.tsgrhencuesta_participantes (cod_participantenc, cod_empleado, cod_encuesta, cod_pregunta, cod_respuesta, respuesta_abierta) VALUES (120, 34, 5, 86, 499, NULL);
INSERT INTO sgrh.tsgrhencuesta_participantes (cod_participantenc, cod_empleado, cod_encuesta, cod_pregunta, cod_respuesta, respuesta_abierta) VALUES (121, 34, 5, 87, 502, NULL);
INSERT INTO sgrh.tsgrhencuesta_participantes (cod_participantenc, cod_empleado, cod_encuesta, cod_pregunta, cod_respuesta, respuesta_abierta) VALUES (122, 34, 5, 88, 508, NULL);
INSERT INTO sgrh.tsgrhencuesta_participantes (cod_participantenc, cod_empleado, cod_encuesta, cod_pregunta, cod_respuesta, respuesta_abierta) VALUES (123, 34, 5, 89, 512, NULL);
INSERT INTO sgrh.tsgrhencuesta_participantes (cod_participantenc, cod_empleado, cod_encuesta, cod_pregunta, cod_respuesta, respuesta_abierta) VALUES (124, 34, 5, 90, 518, NULL);
INSERT INTO sgrh.tsgrhencuesta_participantes (cod_participantenc, cod_empleado, cod_encuesta, cod_pregunta, cod_respuesta, respuesta_abierta) VALUES (125, 34, 5, 91, NULL, '');
INSERT INTO sgrh.tsgrhencuesta_participantes (cod_participantenc, cod_empleado, cod_encuesta, cod_pregunta, cod_respuesta, respuesta_abierta) VALUES (126, 34, 5, 92, NULL, '');
INSERT INTO sgrh.tsgrhencuesta_participantes (cod_participantenc, cod_empleado, cod_encuesta, cod_pregunta, cod_respuesta, respuesta_abierta) VALUES (127, 34, 5, 93, 523, NULL);
INSERT INTO sgrh.tsgrhencuesta_participantes (cod_participantenc, cod_empleado, cod_encuesta, cod_pregunta, cod_respuesta, respuesta_abierta) VALUES (128, 34, 5, 94, 527, NULL);
INSERT INTO sgrh.tsgrhencuesta_participantes (cod_participantenc, cod_empleado, cod_encuesta, cod_pregunta, cod_respuesta, respuesta_abierta) VALUES (129, 34, 5, 95, 532, NULL);
INSERT INTO sgrh.tsgrhencuesta_participantes (cod_participantenc, cod_empleado, cod_encuesta, cod_pregunta, cod_respuesta, respuesta_abierta) VALUES (130, 34, 5, 97, NULL, '');
INSERT INTO sgrh.tsgrhencuesta_participantes (cod_participantenc, cod_empleado, cod_encuesta, cod_pregunta, cod_respuesta, respuesta_abierta) VALUES (131, 34, 5, 98, 538, NULL);
INSERT INTO sgrh.tsgrhencuesta_participantes (cod_participantenc, cod_empleado, cod_encuesta, cod_pregunta, cod_respuesta, respuesta_abierta) VALUES (132, 34, 5, 99, 543, NULL);
INSERT INTO sgrh.tsgrhencuesta_participantes (cod_participantenc, cod_empleado, cod_encuesta, cod_pregunta, cod_respuesta, respuesta_abierta) VALUES (133, 34, 5, 100, 549, NULL);
INSERT INTO sgrh.tsgrhencuesta_participantes (cod_participantenc, cod_empleado, cod_encuesta, cod_pregunta, cod_respuesta, respuesta_abierta) VALUES (134, 34, 5, 101, 553, NULL);
INSERT INTO sgrh.tsgrhencuesta_participantes (cod_participantenc, cod_empleado, cod_encuesta, cod_pregunta, cod_respuesta, respuesta_abierta) VALUES (135, 34, 5, 102, 559, NULL);
INSERT INTO sgrh.tsgrhencuesta_participantes (cod_participantenc, cod_empleado, cod_encuesta, cod_pregunta, cod_respuesta, respuesta_abierta) VALUES (136, 34, 5, 104, 563, NULL);
INSERT INTO sgrh.tsgrhencuesta_participantes (cod_participantenc, cod_empleado, cod_encuesta, cod_pregunta, cod_respuesta, respuesta_abierta) VALUES (137, 34, 5, 105, 569, NULL);
INSERT INTO sgrh.tsgrhencuesta_participantes (cod_participantenc, cod_empleado, cod_encuesta, cod_pregunta, cod_respuesta, respuesta_abierta) VALUES (138, 34, 5, 106, 575, NULL);


--
-- TOC entry 4526 (class 0 OID 46886)
-- Dependencies: 288
-- Data for Name: tsgrhescolaridad; Type: TABLE DATA; Schema: sgrh; Owner: postgres
--



--
-- TOC entry 4527 (class 0 OID 46893)
-- Dependencies: 289
-- Data for Name: tsgrhestatuscapacitacion; Type: TABLE DATA; Schema: sgrh; Owner: postgres
--

INSERT INTO sgrh.tsgrhestatuscapacitacion (cod_estatus, des_estatus, aud_feccreacion, aud_fecmodificacion, aud_creadopor, aud_modificadopor) VALUES (1, 'No aprobado', '2019-04-23', '2019-04-23', 10, 10);
INSERT INTO sgrh.tsgrhestatuscapacitacion (cod_estatus, des_estatus, aud_feccreacion, aud_fecmodificacion, aud_creadopor, aud_modificadopor) VALUES (2, 'En revisión', '2019-04-23', '2019-04-23', 10, 10);
INSERT INTO sgrh.tsgrhestatuscapacitacion (cod_estatus, des_estatus, aud_feccreacion, aud_fecmodificacion, aud_creadopor, aud_modificadopor) VALUES (3, 'Pendiente', '2019-04-23', '2019-04-23', 10, 10);
INSERT INTO sgrh.tsgrhestatuscapacitacion (cod_estatus, des_estatus, aud_feccreacion, aud_fecmodificacion, aud_creadopor, aud_modificadopor) VALUES (4, 'Detenido', '2019-04-23', '2019-04-23', 10, 10);
INSERT INTO sgrh.tsgrhestatuscapacitacion (cod_estatus, des_estatus, aud_feccreacion, aud_fecmodificacion, aud_creadopor, aud_modificadopor) VALUES (5, 'Aprobado', '2019-04-23', '2019-04-23', 10, 10);


--
-- TOC entry 4528 (class 0 OID 46897)
-- Dependencies: 290
-- Data for Name: tsgrhevacapacitacion; Type: TABLE DATA; Schema: sgrh; Owner: postgres
--



--
-- TOC entry 4529 (class 0 OID 46901)
-- Dependencies: 291
-- Data for Name: tsgrhevacontestadas; Type: TABLE DATA; Schema: sgrh; Owner: postgres
--



--
-- TOC entry 4530 (class 0 OID 46908)
-- Dependencies: 292
-- Data for Name: tsgrhevaluaciones; Type: TABLE DATA; Schema: sgrh; Owner: postgres
--



--
-- TOC entry 4531 (class 0 OID 46916)
-- Dependencies: 293
-- Data for Name: tsgrhexperienciaslaborales; Type: TABLE DATA; Schema: sgrh; Owner: postgres
--



--
-- TOC entry 4532 (class 0 OID 46923)
-- Dependencies: 294
-- Data for Name: tsgrhfactoreseva; Type: TABLE DATA; Schema: sgrh; Owner: postgres
--



--
-- TOC entry 4533 (class 0 OID 46927)
-- Dependencies: 295
-- Data for Name: tsgrhidiomas; Type: TABLE DATA; Schema: sgrh; Owner: postgres
--

INSERT INTO sgrh.tsgrhidiomas (cod_idioma, des_nbidioma, por_dominiooral, por_dominioescrito, cod_empleado) VALUES (1, 'Ingles', 30, 30, NULL);
INSERT INTO sgrh.tsgrhidiomas (cod_idioma, des_nbidioma, por_dominiooral, por_dominioescrito, cod_empleado) VALUES (2, 'Ingles', 30, 30, NULL);
INSERT INTO sgrh.tsgrhidiomas (cod_idioma, des_nbidioma, por_dominiooral, por_dominioescrito, cod_empleado) VALUES (3, 'Ingles', 30, 30, NULL);
INSERT INTO sgrh.tsgrhidiomas (cod_idioma, des_nbidioma, por_dominiooral, por_dominioescrito, cod_empleado) VALUES (4, 'ingles', 30, 30, NULL);
INSERT INTO sgrh.tsgrhidiomas (cod_idioma, des_nbidioma, por_dominiooral, por_dominioescrito, cod_empleado) VALUES (5, 'ingles', 30, 30, NULL);
INSERT INTO sgrh.tsgrhidiomas (cod_idioma, des_nbidioma, por_dominiooral, por_dominioescrito, cod_empleado) VALUES (6, 'ingles', 30, 30, NULL);
INSERT INTO sgrh.tsgrhidiomas (cod_idioma, des_nbidioma, por_dominiooral, por_dominioescrito, cod_empleado) VALUES (7, 'ingles', 30, 30, NULL);
INSERT INTO sgrh.tsgrhidiomas (cod_idioma, des_nbidioma, por_dominiooral, por_dominioescrito, cod_empleado) VALUES (8, 'ingles', 20, 20, NULL);
INSERT INTO sgrh.tsgrhidiomas (cod_idioma, des_nbidioma, por_dominiooral, por_dominioescrito, cod_empleado) VALUES (9, 'Ingles', 20, 20, 34);
INSERT INTO sgrh.tsgrhidiomas (cod_idioma, des_nbidioma, por_dominiooral, por_dominioescrito, cod_empleado) VALUES (10, 'Frances', 20, 20, 34);
INSERT INTO sgrh.tsgrhidiomas (cod_idioma, des_nbidioma, por_dominiooral, por_dominioescrito, cod_empleado) VALUES (11, 'Fran', 20, 20, NULL);
INSERT INTO sgrh.tsgrhidiomas (cod_idioma, des_nbidioma, por_dominiooral, por_dominioescrito, cod_empleado) VALUES (12, 'Fran', 20, 20, NULL);


--
-- TOC entry 4534 (class 0 OID 46931)
-- Dependencies: 296
-- Data for Name: tsgrhlogistica; Type: TABLE DATA; Schema: sgrh; Owner: postgres
--



--
-- TOC entry 4535 (class 0 OID 46935)
-- Dependencies: 297
-- Data for Name: tsgrhlugares; Type: TABLE DATA; Schema: sgrh; Owner: postgres
--



--
-- TOC entry 4536 (class 0 OID 46939)
-- Dependencies: 298
-- Data for Name: tsgrhmodo; Type: TABLE DATA; Schema: sgrh; Owner: postgres
--

INSERT INTO sgrh.tsgrhmodo (cod_modo, des_nbmodo, aud_feccreacion, aud_fecmodificacion, aud_creadopor, aud_modificadopor) VALUES (1, 'Interno', '2019-04-23', '2019-04-23', 10, 10);
INSERT INTO sgrh.tsgrhmodo (cod_modo, des_nbmodo, aud_feccreacion, aud_fecmodificacion, aud_creadopor, aud_modificadopor) VALUES (2, 'Externo', '2019-04-23', '2019-04-23', 10, 10);


--
-- TOC entry 4537 (class 0 OID 46943)
-- Dependencies: 299
-- Data for Name: tsgrhperfiles; Type: TABLE DATA; Schema: sgrh; Owner: postgres
--

INSERT INTO sgrh.tsgrhperfiles (cod_perfil, des_perfil) VALUES (1, 'Administrador');
INSERT INTO sgrh.tsgrhperfiles (cod_perfil, des_perfil) VALUES (2, 'Nuevo');
INSERT INTO sgrh.tsgrhperfiles (cod_perfil, des_perfil) VALUES (3, 'Prueba');
INSERT INTO sgrh.tsgrhperfiles (cod_perfil, des_perfil) VALUES (4, '.NET, java scrip');
INSERT INTO sgrh.tsgrhperfiles (cod_perfil, des_perfil) VALUES (5, 'Nuevo');
INSERT INTO sgrh.tsgrhperfiles (cod_perfil, des_perfil) VALUES (6, 'Nuevo');
INSERT INTO sgrh.tsgrhperfiles (cod_perfil, des_perfil) VALUES (7, 'luness');
INSERT INTO sgrh.tsgrhperfiles (cod_perfil, des_perfil) VALUES (8, 'nuevo');


--
-- TOC entry 4538 (class 0 OID 46947)
-- Dependencies: 300
-- Data for Name: tsgrhplancapacitacion; Type: TABLE DATA; Schema: sgrh; Owner: postgres
--



--
-- TOC entry 4539 (class 0 OID 46954)
-- Dependencies: 301
-- Data for Name: tsgrhplanoperativo; Type: TABLE DATA; Schema: sgrh; Owner: postgres
--



--
-- TOC entry 4540 (class 0 OID 46963)
-- Dependencies: 302
-- Data for Name: tsgrhpreguntasenc; Type: TABLE DATA; Schema: sgrh; Owner: postgres
--

INSERT INTO sgrh.tsgrhpreguntasenc (cod_pregunta, des_pregunta, cod_tipopregunta, cod_edoeliminar, cod_encuesta) VALUES (107, 'En su centro de trabajo las oportunidades de desarrollo laboral solo las reciben unas cuantas personas privilegiadas', false, false, 6);
INSERT INTO sgrh.tsgrhpreguntasenc (cod_pregunta, des_pregunta, cod_tipopregunta, cod_edoeliminar, cod_encuesta) VALUES (109, 'En  su centro de trabajo se cuenta con programas de capacitación en materia de igualdad laboral y no discriminación.', false, false, 6);
INSERT INTO sgrh.tsgrhpreguntasenc (cod_pregunta, des_pregunta, cod_tipopregunta, cod_edoeliminar, cod_encuesta) VALUES (111, 'En su centro de trabajo para lograr la contratación, una promoción o un ascenso cuentan más las recomendaciones que los conocimientos y capacidades de la persona.', false, false, 6);
INSERT INTO sgrh.tsgrhpreguntasenc (cod_pregunta, des_pregunta, cod_tipopregunta, cod_edoeliminar, cod_encuesta) VALUES (113, 'En su centro de trabajo la competencia por mejores puestos, condiciones laborales o salariales es justa y equitativa.', false, false, 6);
INSERT INTO sgrh.tsgrhpreguntasenc (cod_pregunta, des_pregunta, cod_tipopregunta, cod_edoeliminar, cod_encuesta) VALUES (115, 'En su centro de trabajo se cuenta con un sistema de evaluación de desempeño del personal.', false, false, 6);
INSERT INTO sgrh.tsgrhpreguntasenc (cod_pregunta, des_pregunta, cod_tipopregunta, cod_edoeliminar, cod_encuesta) VALUES (117, 'Usted siente que se le trata con respeto en su trabajo actual.', false, false, 7);
INSERT INTO sgrh.tsgrhpreguntasenc (cod_pregunta, des_pregunta, cod_tipopregunta, cod_edoeliminar, cod_encuesta) VALUES (119, 'En su centro de trabajo todas las personas que laboran obtienen un trato digno y decente.', false, false, 7);
INSERT INTO sgrh.tsgrhpreguntasenc (cod_pregunta, des_pregunta, cod_tipopregunta, cod_edoeliminar, cod_encuesta) VALUES (126, 'En su centro de trabajo existen campañas de difusión internas de promoción de la igualdad laboral y no discriminación.', false, false, 7);
INSERT INTO sgrh.tsgrhpreguntasenc (cod_pregunta, des_pregunta, cod_tipopregunta, cod_edoeliminar, cod_encuesta) VALUES (137, 'La organización cuenta con planes y acciones específicos destinados a mejorar mi trabajo.', false, false, 8);
INSERT INTO sgrh.tsgrhpreguntasenc (cod_pregunta, des_pregunta, cod_tipopregunta, cod_edoeliminar, cod_encuesta) VALUES (141, 'El nivel de compromiso por apoyar el trabajo de los demás en la organización es', false, false, 8);
INSERT INTO sgrh.tsgrhpreguntasenc (cod_pregunta, des_pregunta, cod_tipopregunta, cod_edoeliminar, cod_encuesta) VALUES (143, 'Mi jefe me respalda frente a sus superiores', false, false, 8);
INSERT INTO sgrh.tsgrhpreguntasenc (cod_pregunta, des_pregunta, cod_tipopregunta, cod_edoeliminar, cod_encuesta) VALUES (145, 'Participo de las actividades culturales y recreacionales que la organización realiza.', false, false, 8);
INSERT INTO sgrh.tsgrhpreguntasenc (cod_pregunta, des_pregunta, cod_tipopregunta, cod_edoeliminar, cod_encuesta) VALUES (147, 'Mi jefe me brinda la retroalimentación necesaria para reforzar mis puntos débiles según la evaluación de desempeño.', false, false, 8);
INSERT INTO sgrh.tsgrhpreguntasenc (cod_pregunta, des_pregunta, cod_tipopregunta, cod_edoeliminar, cod_encuesta) VALUES (149, 'Los jefes reconocen y valoran mi trabajo', false, false, 8);
INSERT INTO sgrh.tsgrhpreguntasenc (cod_pregunta, des_pregunta, cod_tipopregunta, cod_edoeliminar, cod_encuesta) VALUES (151, 'La distribución de la carga de trabajo que tiene mi área es', false, false, 8);
INSERT INTO sgrh.tsgrhpreguntasenc (cod_pregunta, des_pregunta, cod_tipopregunta, cod_edoeliminar, cod_encuesta) VALUES (153, '¿Cómo calificaría su nivel de satisfacción con el trabajo que realiza en la organización?', false, false, 8);
INSERT INTO sgrh.tsgrhpreguntasenc (cod_pregunta, des_pregunta, cod_tipopregunta, cod_edoeliminar, cod_encuesta) VALUES (155, 'Te agradeceremos nos hagas llegar algunos comentarios acerca de aspectos que ayudarían a mejorar nuestro ambiente de trabajo.', true, false, 8);
INSERT INTO sgrh.tsgrhpreguntasenc (cod_pregunta, des_pregunta, cod_tipopregunta, cod_edoeliminar, cod_encuesta) VALUES (157, 'Usted tiene el suficiente tiempo para realizar su trabajo habitual:', false, false, 9);
INSERT INTO sgrh.tsgrhpreguntasenc (cod_pregunta, des_pregunta, cod_tipopregunta, cod_edoeliminar, cod_encuesta) VALUES (159, '¿Considera que recibe una justa retribución económica por las labores desempeñadas?', false, false, 9);
INSERT INTO sgrh.tsgrhpreguntasenc (cod_pregunta, des_pregunta, cod_tipopregunta, cod_edoeliminar, cod_encuesta) VALUES (161, '¿Cómo calificaría su nivel de satisfacción por trabajar en la organización?', false, false, 9);
INSERT INTO sgrh.tsgrhpreguntasenc (cod_pregunta, des_pregunta, cod_tipopregunta, cod_edoeliminar, cod_encuesta) VALUES (121, 'En su centro de trabajo, en general hay personas que discriminan, tratan mal o le faltan el respeto a sus compañeras/os, colegas o subordinadas/os.', false, false, 7);
INSERT INTO sgrh.tsgrhpreguntasenc (cod_pregunta, des_pregunta, cod_tipopregunta, cod_edoeliminar, cod_encuesta) VALUES (124, 'En su centro de trabajo  las y los superiores reciben un trato mucho más respetuoso que subordinados(as) y personal administrativo.', false, false, 7);
INSERT INTO sgrh.tsgrhpreguntasenc (cod_pregunta, des_pregunta, cod_tipopregunta, cod_edoeliminar, cod_encuesta) VALUES (128, 'En su centro de trabajo las cargas de trabajo se distribuyen de acuerdo a la responsabilidad del cargo.', false, false, 7);
INSERT INTO sgrh.tsgrhpreguntasenc (cod_pregunta, des_pregunta, cod_tipopregunta, cod_edoeliminar, cod_encuesta) VALUES (130, 'En mi oficina se fomenta y desarrolla el trabajo en equipo', false, false, 8);
INSERT INTO sgrh.tsgrhpreguntasenc (cod_pregunta, des_pregunta, cod_tipopregunta, cod_edoeliminar, cod_encuesta) VALUES (132, 'Existe comunicación dentro de mi grupo de trabajo', false, false, 8);
INSERT INTO sgrh.tsgrhpreguntasenc (cod_pregunta, des_pregunta, cod_tipopregunta, cod_edoeliminar, cod_encuesta) VALUES (134, 'Siento que no me alcanza el tiempo para completar mi trabajo', false, false, 8);
INSERT INTO sgrh.tsgrhpreguntasenc (cod_pregunta, des_pregunta, cod_tipopregunta, cod_edoeliminar, cod_encuesta) VALUES (136, 'La relación entre compañeros de trabajo en la organización es', false, false, 8);
INSERT INTO sgrh.tsgrhpreguntasenc (cod_pregunta, des_pregunta, cod_tipopregunta, cod_edoeliminar, cod_encuesta) VALUES (138, 'La organización otorga buenos y equitativos beneficios a los trabajadores', false, false, 8);
INSERT INTO sgrh.tsgrhpreguntasenc (cod_pregunta, des_pregunta, cod_tipopregunta, cod_edoeliminar, cod_encuesta) VALUES (140, 'Las remuneraciones están al nivel de los sueldos de mis colegas en el mercado', false, false, 8);
INSERT INTO sgrh.tsgrhpreguntasenc (cod_pregunta, des_pregunta, cod_tipopregunta, cod_edoeliminar, cod_encuesta) VALUES (95, 'Soy responsable del trabajo que realizo', false, false, 5);
INSERT INTO sgrh.tsgrhpreguntasenc (cod_pregunta, des_pregunta, cod_tipopregunta, cod_edoeliminar, cod_encuesta) VALUES (94, 'Mi superior me motiva a cumplir con mi trabajo de la manera que yo considere mejor.', false, false, 5);
INSERT INTO sgrh.tsgrhpreguntasenc (cod_pregunta, des_pregunta, cod_tipopregunta, cod_edoeliminar, cod_encuesta) VALUES (93, 'Considero que necesito capacitación en alguna área de mi interés y que forma parte importante de mi desarrollo.', false, false, 5);
INSERT INTO sgrh.tsgrhpreguntasenc (cod_pregunta, des_pregunta, cod_tipopregunta, cod_edoeliminar, cod_encuesta) VALUES (142, 'Siento apoyo en mi jefe cuando me encuentro en dificultades', false, false, 8);
INSERT INTO sgrh.tsgrhpreguntasenc (cod_pregunta, des_pregunta, cod_tipopregunta, cod_edoeliminar, cod_encuesta) VALUES (91, '¿Cree que su trabajo es compatible con los objetivos de la empresa?', true, false, 5);
INSERT INTO sgrh.tsgrhpreguntasenc (cod_pregunta, des_pregunta, cod_tipopregunta, cod_edoeliminar, cod_encuesta) VALUES (90, 'Cuento con los materiales y equipos necesarios para realizar mi trabajo.', false, false, 5);
INSERT INTO sgrh.tsgrhpreguntasenc (cod_pregunta, des_pregunta, cod_tipopregunta, cod_edoeliminar, cod_encuesta) VALUES (89, 'Está conforme con la limpieza, higiene y salubridad en su lugar de trabajo.', false, false, 5);
INSERT INTO sgrh.tsgrhpreguntasenc (cod_pregunta, des_pregunta, cod_tipopregunta, cod_edoeliminar, cod_encuesta) VALUES (88, 'Si  hay  un  nuevo Plan  Estratégico, estoy dispuesto a servir de voluntario para iniciar los cambios.', false, false, 5);
INSERT INTO sgrh.tsgrhpreguntasenc (cod_pregunta, des_pregunta, cod_tipopregunta, cod_edoeliminar, cod_encuesta) VALUES (87, 'En esta Institución, la gente planifica cuidadosamente antes de tomar acción.', false, false, 5);
INSERT INTO sgrh.tsgrhpreguntasenc (cod_pregunta, des_pregunta, cod_tipopregunta, cod_edoeliminar, cod_encuesta) VALUES (144, 'Mi jefe me da autonomía para tomar las decisiones necesarias para el cumplimiento de mis responsabilidades.', false, false, 8);
INSERT INTO sgrh.tsgrhpreguntasenc (cod_pregunta, des_pregunta, cod_tipopregunta, cod_edoeliminar, cod_encuesta) VALUES (86, 'Yo aporto al proceso de planificación en mi área de trabajo.', false, false, 5);
INSERT INTO sgrh.tsgrhpreguntasenc (cod_pregunta, des_pregunta, cod_tipopregunta, cod_edoeliminar, cod_encuesta) VALUES (83, 'En mi organización está claramente definida su Misión y Visión.', false, false, 5);
INSERT INTO sgrh.tsgrhpreguntasenc (cod_pregunta, des_pregunta, cod_tipopregunta, cod_edoeliminar, cod_encuesta) VALUES (146, 'Mi jefe me proporciona información suficiente, adecuada para realizar bien mi trabajo', false, false, 8);
INSERT INTO sgrh.tsgrhpreguntasenc (cod_pregunta, des_pregunta, cod_tipopregunta, cod_edoeliminar, cod_encuesta) VALUES (148, 'El nivel de recursos (materiales, equipos e infraestructura) con los que cuento para realizar bien mi trabajo es', false, false, 8);
INSERT INTO sgrh.tsgrhpreguntasenc (cod_pregunta, des_pregunta, cod_tipopregunta, cod_edoeliminar, cod_encuesta) VALUES (150, 'Mi remuneración, comparada con lo que otros ganan y hacen en la organización, está acorde con las responsabilidades de mi cargo', false, false, 8);
INSERT INTO sgrh.tsgrhpreguntasenc (cod_pregunta, des_pregunta, cod_tipopregunta, cod_edoeliminar, cod_encuesta) VALUES (152, '¿Cómo calificaría su nivel de satisfacción por pertenecer a la organización?', false, false, 8);
INSERT INTO sgrh.tsgrhpreguntasenc (cod_pregunta, des_pregunta, cod_tipopregunta, cod_edoeliminar, cod_encuesta) VALUES (154, '¿Cómo calificaría su nivel de identificación con la organización?', false, false, 8);
INSERT INTO sgrh.tsgrhpreguntasenc (cod_pregunta, des_pregunta, cod_tipopregunta, cod_edoeliminar, cod_encuesta) VALUES (102, 'Siento que formo parte de un equipo que trabaja hacia una meta común', false, true, 5);
INSERT INTO sgrh.tsgrhpreguntasenc (cod_pregunta, des_pregunta, cod_tipopregunta, cod_edoeliminar, cod_encuesta) VALUES (101, 'En mi grupo de trabajo, solucionar el problema es más importante que encontrar algún culpable.', false, true, 5);
INSERT INTO sgrh.tsgrhpreguntasenc (cod_pregunta, des_pregunta, cod_tipopregunta, cod_edoeliminar, cod_encuesta) VALUES (100, 'Mis compañeros y yo trabajamos juntos de manera efectiva', false, true, 5);
INSERT INTO sgrh.tsgrhpreguntasenc (cod_pregunta, des_pregunta, cod_tipopregunta, cod_edoeliminar, cod_encuesta) VALUES (99, 'El horario de trabajo me permite atender mis necesidades personales', false, true, 5);
INSERT INTO sgrh.tsgrhpreguntasenc (cod_pregunta, des_pregunta, cod_tipopregunta, cod_edoeliminar, cod_encuesta) VALUES (98, 'Me siento comprometido para alcanzar las metas establecidas.', false, true, 5);
INSERT INTO sgrh.tsgrhpreguntasenc (cod_pregunta, des_pregunta, cod_tipopregunta, cod_edoeliminar, cod_encuesta) VALUES (156, 'En relación a las condiciones físicas de su puesto de trabajo (iluminación, temperatura, etc.)  usted considera que éste es:', false, false, 9);
INSERT INTO sgrh.tsgrhpreguntasenc (cod_pregunta, des_pregunta, cod_tipopregunta, cod_edoeliminar, cod_encuesta) VALUES (158, '¿Está usted de acuerdo en cómo está gestionado el departamento en el que trabaja respecto a las metas que éste tiene encomendadas?', false, false, 9);
INSERT INTO sgrh.tsgrhpreguntasenc (cod_pregunta, des_pregunta, cod_tipopregunta, cod_edoeliminar, cod_encuesta) VALUES (82, 'Me siento muy satisfecho con mi ambiente de trabajo.', false, false, 5);
INSERT INTO sgrh.tsgrhpreguntasenc (cod_pregunta, des_pregunta, cod_tipopregunta, cod_edoeliminar, cod_encuesta) VALUES (160, 'Considera que su remuneración está por encima de la media en su entorno social, fuera de la empresa?', false, false, 9);
INSERT INTO sgrh.tsgrhpreguntasenc (cod_pregunta, des_pregunta, cod_tipopregunta, cod_edoeliminar, cod_encuesta) VALUES (92, 'Considero que me pagan lo justo por mi trabajo.', true, false, 5);
INSERT INTO sgrh.tsgrhpreguntasenc (cod_pregunta, des_pregunta, cod_tipopregunta, cod_edoeliminar, cod_encuesta) VALUES (97, 'Conozco las exigencias de mi trabajo.', true, false, 5);
INSERT INTO sgrh.tsgrhpreguntasenc (cod_pregunta, des_pregunta, cod_tipopregunta, cod_edoeliminar, cod_encuesta) VALUES (108, 'En su centro de trabajo mujeres y hombres tienen por igual oportunidades de ascenso y capacitación.', false, false, 6);
INSERT INTO sgrh.tsgrhpreguntasenc (cod_pregunta, des_pregunta, cod_tipopregunta, cod_edoeliminar, cod_encuesta) VALUES (110, 'En los últimos 12 meses usted ha participado  en programas de capacitación.', false, false, 6);
INSERT INTO sgrh.tsgrhpreguntasenc (cod_pregunta, des_pregunta, cod_tipopregunta, cod_edoeliminar, cod_encuesta) VALUES (112, 'En su centro de trabajo se ha despedido a alguna mujer por embarazo u orillado a renunciar al regresar de su licencia de maternidad.', false, false, 6);
INSERT INTO sgrh.tsgrhpreguntasenc (cod_pregunta, des_pregunta, cod_tipopregunta, cod_edoeliminar, cod_encuesta) VALUES (114, 'En su centro de trabajo mujeres y hombres tienen las mismas oportunidades para ocupar puestos de decisión.', false, false, 6);
INSERT INTO sgrh.tsgrhpreguntasenc (cod_pregunta, des_pregunta, cod_tipopregunta, cod_edoeliminar, cod_encuesta) VALUES (116, 'En los últimos 12 meses le han realizado una evaluación de desempeño.', false, false, 6);
INSERT INTO sgrh.tsgrhpreguntasenc (cod_pregunta, des_pregunta, cod_tipopregunta, cod_edoeliminar, cod_encuesta) VALUES (118, 'En su centro de trabajo quienes realizan tareas personales para las y los jefes logran privilegios.', false, false, 7);
INSERT INTO sgrh.tsgrhpreguntasenc (cod_pregunta, des_pregunta, cod_tipopregunta, cod_edoeliminar, cod_encuesta) VALUES (120, 'En su centro de trabajo las valoraciones que se realizan a sus actividades dependen más de la calidad y responsabilidad que de cualquier otra cuestión personal.', false, false, 7);
INSERT INTO sgrh.tsgrhpreguntasenc (cod_pregunta, des_pregunta, cod_tipopregunta, cod_edoeliminar, cod_encuesta) VALUES (122, 'En su centro de trabajo debido a sus características personales hay personas que sufren un trato inferior o de burla.', false, false, 7);
INSERT INTO sgrh.tsgrhpreguntasenc (cod_pregunta, des_pregunta, cod_tipopregunta, cod_edoeliminar, cod_encuesta) VALUES (125, 'En su centro de trabajo las y los superiores están abiertos a la comunicación con el personal.', false, false, 7);
INSERT INTO sgrh.tsgrhpreguntasenc (cod_pregunta, des_pregunta, cod_tipopregunta, cod_edoeliminar, cod_encuesta) VALUES (127, 'En su centro de trabajo las funciones y tareas se transmiten de manera clara y precisa.', false, false, 7);
INSERT INTO sgrh.tsgrhpreguntasenc (cod_pregunta, des_pregunta, cod_tipopregunta, cod_edoeliminar, cod_encuesta) VALUES (85, 'Existe un plan para lograr los  objetivos de la organización.', false, false, 5);
INSERT INTO sgrh.tsgrhpreguntasenc (cod_pregunta, des_pregunta, cod_tipopregunta, cod_edoeliminar, cod_encuesta) VALUES (84, 'La  dirección manifiesta sus objetivos de tal forma que se crea un sentido común de misión e identidad entre sus miembros.', false, false, 5);
INSERT INTO sgrh.tsgrhpreguntasenc (cod_pregunta, des_pregunta, cod_tipopregunta, cod_edoeliminar, cod_encuesta) VALUES (129, 'Si manifiesto mi preocupación sobre algún asunto relacionado con la igualdad de género o prácticas discriminatorias, se le da seguimiento', false, false, 7);
INSERT INTO sgrh.tsgrhpreguntasenc (cod_pregunta, des_pregunta, cod_tipopregunta, cod_edoeliminar, cod_encuesta) VALUES (131, 'Para el desempeño de mis labores mi ambiente de trabajo es', false, false, 8);
INSERT INTO sgrh.tsgrhpreguntasenc (cod_pregunta, des_pregunta, cod_tipopregunta, cod_edoeliminar, cod_encuesta) VALUES (133, 'Existe comunicación fluida entre mi Región y la sede central.', false, false, 8);
INSERT INTO sgrh.tsgrhpreguntasenc (cod_pregunta, des_pregunta, cod_tipopregunta, cod_edoeliminar, cod_encuesta) VALUES (135, 'Los jefes en la organización se preocupan por mantener elevado el nivel de motivación del personal', false, false, 8);
INSERT INTO sgrh.tsgrhpreguntasenc (cod_pregunta, des_pregunta, cod_tipopregunta, cod_edoeliminar, cod_encuesta) VALUES (139, 'En la organización las funciones están claramente definidas', false, false, 8);
INSERT INTO sgrh.tsgrhpreguntasenc (cod_pregunta, des_pregunta, cod_tipopregunta, cod_edoeliminar, cod_encuesta) VALUES (205, 'preguntaejemplo', false, true, 5);
INSERT INTO sgrh.tsgrhpreguntasenc (cod_pregunta, des_pregunta, cod_tipopregunta, cod_edoeliminar, cod_encuesta) VALUES (106, 'Hay evidencia de que mi jefe me apoya utilizando mis ideas o propuestas para mejorar el trabajo', false, true, 5);
INSERT INTO sgrh.tsgrhpreguntasenc (cod_pregunta, des_pregunta, cod_tipopregunta, cod_edoeliminar, cod_encuesta) VALUES (105, 'Tengo mucho trabajo y poco tiempo para realizarlo', false, true, 5);
INSERT INTO sgrh.tsgrhpreguntasenc (cod_pregunta, des_pregunta, cod_tipopregunta, cod_edoeliminar, cod_encuesta) VALUES (104, 'Mi superior inmediato toma acciones que refuerzan el objetivo común de la Institución.', false, true, 5);


--
-- TOC entry 4541 (class 0 OID 46967)
-- Dependencies: 303
-- Data for Name: tsgrhpreguntaseva; Type: TABLE DATA; Schema: sgrh; Owner: postgres
--



--
-- TOC entry 4542 (class 0 OID 46971)
-- Dependencies: 304
-- Data for Name: tsgrhprocesos; Type: TABLE DATA; Schema: sgrh; Owner: postgres
--

INSERT INTO sgrh.tsgrhprocesos (cod_proceso, des_nbproceso, aud_feccreacion, aud_fecmodificacion, aud_creadopor, aud_modificadopor) VALUES (1, 'Plan Capacitacion GN', '2019-04-23', '2019-04-23', 10, 10);
INSERT INTO sgrh.tsgrhprocesos (cod_proceso, des_nbproceso, aud_feccreacion, aud_fecmodificacion, aud_creadopor, aud_modificadopor) VALUES (2, 'Plan Capacitacion GPR', '2019-04-23', '2019-04-23', 10, 10);
INSERT INTO sgrh.tsgrhprocesos (cod_proceso, des_nbproceso, aud_feccreacion, aud_fecmodificacion, aud_creadopor, aud_modificadopor) VALUES (3, 'Plan Capacitacion GR', '2019-04-23', '2019-04-23', 10, 10);
INSERT INTO sgrh.tsgrhprocesos (cod_proceso, des_nbproceso, aud_feccreacion, aud_fecmodificacion, aud_creadopor, aud_modificadopor) VALUES (4, 'Plan Capacitacion APE', '2019-04-23', '2019-04-23', 10, 10);


--
-- TOC entry 4543 (class 0 OID 46975)
-- Dependencies: 305
-- Data for Name: tsgrhproveedores; Type: TABLE DATA; Schema: sgrh; Owner: postgres
--



--
-- TOC entry 4544 (class 0 OID 46979)
-- Dependencies: 306
-- Data for Name: tsgrhpuestos; Type: TABLE DATA; Schema: sgrh; Owner: postgres
--

INSERT INTO sgrh.tsgrhpuestos (cod_puesto, des_puesto, cod_area, cod_acronimo) VALUES (1, 'DISEÑO Y MANTENIMIENTO DE BASE DE DATOS', 1, 'DBA');
INSERT INTO sgrh.tsgrhpuestos (cod_puesto, des_puesto, cod_area, cod_acronimo) VALUES (2, 'DESARROLLO BACKEND DE SOFTWARE COMERCIALIZABLE', 2, 'BACK');
INSERT INTO sgrh.tsgrhpuestos (cod_puesto, des_puesto, cod_area, cod_acronimo) VALUES (3, 'DISEÑO FRONTEND DE APLICATIVOS COMERCIALIZABLES', 3, 'FRONT');
INSERT INTO sgrh.tsgrhpuestos (cod_puesto, des_puesto, cod_area, cod_acronimo) VALUES (4, 'SOLUCION DE PROBLEMAS CON EL APLICATIVO DESARROLLADO Y MANTENIMIENTO DE CODIGO FUENTE', 4, 'QA');
INSERT INTO sgrh.tsgrhpuestos (cod_puesto, des_puesto, cod_area, cod_acronimo) VALUES (5, 'RESPONSABLE DE CAPACITACIÓN', 5, 'RC');
INSERT INTO sgrh.tsgrhpuestos (cod_puesto, des_puesto, cod_area, cod_acronimo) VALUES (6, 'RESPONSABLE DE RECURSOS HUMANOS Y AMBIENTE DE TRABAJO', 5, 'RRHAT');
INSERT INTO sgrh.tsgrhpuestos (cod_puesto, des_puesto, cod_area, cod_acronimo) VALUES (7, 'RESPOSABLE DE GESTIÓN DE RECURSOS ', 4, 'rdg');
INSERT INTO sgrh.tsgrhpuestos (cod_puesto, des_puesto, cod_area, cod_acronimo) VALUES (9, 'Soporte', 1, 'bds');
INSERT INTO sgrh.tsgrhpuestos (cod_puesto, des_puesto, cod_area, cod_acronimo) VALUES (8, 'Soporte', 6, 'bds');
INSERT INTO sgrh.tsgrhpuestos (cod_puesto, des_puesto, cod_area, cod_acronimo) VALUES (11, 'Prueba', 4, 'stp');


--
-- TOC entry 4545 (class 0 OID 46983)
-- Dependencies: 307
-- Data for Name: tsgrhrelacionroles; Type: TABLE DATA; Schema: sgrh; Owner: postgres
--



--
-- TOC entry 4546 (class 0 OID 46986)
-- Dependencies: 308
-- Data for Name: tsgrhrespuestasenc; Type: TABLE DATA; Schema: sgrh; Owner: postgres
--

INSERT INTO sgrh.tsgrhrespuestasenc (cod_respuesta, cod_catrespuesta, cod_pregunta, cod_edoeliminar) VALUES (475, 1, 82, false);
INSERT INTO sgrh.tsgrhrespuestasenc (cod_respuesta, cod_catrespuesta, cod_pregunta, cod_edoeliminar) VALUES (476, 2, 82, false);
INSERT INTO sgrh.tsgrhrespuestasenc (cod_respuesta, cod_catrespuesta, cod_pregunta, cod_edoeliminar) VALUES (477, 3, 82, false);
INSERT INTO sgrh.tsgrhrespuestasenc (cod_respuesta, cod_catrespuesta, cod_pregunta, cod_edoeliminar) VALUES (478, 4, 82, false);
INSERT INTO sgrh.tsgrhrespuestasenc (cod_respuesta, cod_catrespuesta, cod_pregunta, cod_edoeliminar) VALUES (479, 5, 82, false);
INSERT INTO sgrh.tsgrhrespuestasenc (cod_respuesta, cod_catrespuesta, cod_pregunta, cod_edoeliminar) VALUES (480, 1, 83, false);
INSERT INTO sgrh.tsgrhrespuestasenc (cod_respuesta, cod_catrespuesta, cod_pregunta, cod_edoeliminar) VALUES (481, 2, 83, false);
INSERT INTO sgrh.tsgrhrespuestasenc (cod_respuesta, cod_catrespuesta, cod_pregunta, cod_edoeliminar) VALUES (482, 3, 83, false);
INSERT INTO sgrh.tsgrhrespuestasenc (cod_respuesta, cod_catrespuesta, cod_pregunta, cod_edoeliminar) VALUES (483, 4, 83, false);
INSERT INTO sgrh.tsgrhrespuestasenc (cod_respuesta, cod_catrespuesta, cod_pregunta, cod_edoeliminar) VALUES (484, 5, 83, false);
INSERT INTO sgrh.tsgrhrespuestasenc (cod_respuesta, cod_catrespuesta, cod_pregunta, cod_edoeliminar) VALUES (485, 1, 84, false);
INSERT INTO sgrh.tsgrhrespuestasenc (cod_respuesta, cod_catrespuesta, cod_pregunta, cod_edoeliminar) VALUES (486, 2, 84, false);
INSERT INTO sgrh.tsgrhrespuestasenc (cod_respuesta, cod_catrespuesta, cod_pregunta, cod_edoeliminar) VALUES (487, 3, 84, false);
INSERT INTO sgrh.tsgrhrespuestasenc (cod_respuesta, cod_catrespuesta, cod_pregunta, cod_edoeliminar) VALUES (488, 4, 84, false);
INSERT INTO sgrh.tsgrhrespuestasenc (cod_respuesta, cod_catrespuesta, cod_pregunta, cod_edoeliminar) VALUES (489, 5, 84, false);
INSERT INTO sgrh.tsgrhrespuestasenc (cod_respuesta, cod_catrespuesta, cod_pregunta, cod_edoeliminar) VALUES (490, 1, 85, false);
INSERT INTO sgrh.tsgrhrespuestasenc (cod_respuesta, cod_catrespuesta, cod_pregunta, cod_edoeliminar) VALUES (491, 2, 85, false);
INSERT INTO sgrh.tsgrhrespuestasenc (cod_respuesta, cod_catrespuesta, cod_pregunta, cod_edoeliminar) VALUES (492, 3, 85, false);
INSERT INTO sgrh.tsgrhrespuestasenc (cod_respuesta, cod_catrespuesta, cod_pregunta, cod_edoeliminar) VALUES (493, 4, 85, false);
INSERT INTO sgrh.tsgrhrespuestasenc (cod_respuesta, cod_catrespuesta, cod_pregunta, cod_edoeliminar) VALUES (494, 5, 85, false);
INSERT INTO sgrh.tsgrhrespuestasenc (cod_respuesta, cod_catrespuesta, cod_pregunta, cod_edoeliminar) VALUES (495, 1, 86, false);
INSERT INTO sgrh.tsgrhrespuestasenc (cod_respuesta, cod_catrespuesta, cod_pregunta, cod_edoeliminar) VALUES (496, 2, 86, false);
INSERT INTO sgrh.tsgrhrespuestasenc (cod_respuesta, cod_catrespuesta, cod_pregunta, cod_edoeliminar) VALUES (497, 3, 86, false);
INSERT INTO sgrh.tsgrhrespuestasenc (cod_respuesta, cod_catrespuesta, cod_pregunta, cod_edoeliminar) VALUES (498, 4, 86, false);
INSERT INTO sgrh.tsgrhrespuestasenc (cod_respuesta, cod_catrespuesta, cod_pregunta, cod_edoeliminar) VALUES (499, 5, 86, false);
INSERT INTO sgrh.tsgrhrespuestasenc (cod_respuesta, cod_catrespuesta, cod_pregunta, cod_edoeliminar) VALUES (500, 1, 87, false);
INSERT INTO sgrh.tsgrhrespuestasenc (cod_respuesta, cod_catrespuesta, cod_pregunta, cod_edoeliminar) VALUES (501, 2, 87, false);
INSERT INTO sgrh.tsgrhrespuestasenc (cod_respuesta, cod_catrespuesta, cod_pregunta, cod_edoeliminar) VALUES (502, 3, 87, false);
INSERT INTO sgrh.tsgrhrespuestasenc (cod_respuesta, cod_catrespuesta, cod_pregunta, cod_edoeliminar) VALUES (503, 4, 87, false);
INSERT INTO sgrh.tsgrhrespuestasenc (cod_respuesta, cod_catrespuesta, cod_pregunta, cod_edoeliminar) VALUES (504, 5, 87, false);
INSERT INTO sgrh.tsgrhrespuestasenc (cod_respuesta, cod_catrespuesta, cod_pregunta, cod_edoeliminar) VALUES (505, 1, 88, false);
INSERT INTO sgrh.tsgrhrespuestasenc (cod_respuesta, cod_catrespuesta, cod_pregunta, cod_edoeliminar) VALUES (506, 2, 88, false);
INSERT INTO sgrh.tsgrhrespuestasenc (cod_respuesta, cod_catrespuesta, cod_pregunta, cod_edoeliminar) VALUES (507, 3, 88, false);
INSERT INTO sgrh.tsgrhrespuestasenc (cod_respuesta, cod_catrespuesta, cod_pregunta, cod_edoeliminar) VALUES (508, 4, 88, false);
INSERT INTO sgrh.tsgrhrespuestasenc (cod_respuesta, cod_catrespuesta, cod_pregunta, cod_edoeliminar) VALUES (509, 5, 88, false);
INSERT INTO sgrh.tsgrhrespuestasenc (cod_respuesta, cod_catrespuesta, cod_pregunta, cod_edoeliminar) VALUES (510, 1, 89, false);
INSERT INTO sgrh.tsgrhrespuestasenc (cod_respuesta, cod_catrespuesta, cod_pregunta, cod_edoeliminar) VALUES (511, 2, 89, false);
INSERT INTO sgrh.tsgrhrespuestasenc (cod_respuesta, cod_catrespuesta, cod_pregunta, cod_edoeliminar) VALUES (512, 3, 89, false);
INSERT INTO sgrh.tsgrhrespuestasenc (cod_respuesta, cod_catrespuesta, cod_pregunta, cod_edoeliminar) VALUES (513, 4, 89, false);
INSERT INTO sgrh.tsgrhrespuestasenc (cod_respuesta, cod_catrespuesta, cod_pregunta, cod_edoeliminar) VALUES (514, 5, 89, false);
INSERT INTO sgrh.tsgrhrespuestasenc (cod_respuesta, cod_catrespuesta, cod_pregunta, cod_edoeliminar) VALUES (515, 1, 90, false);
INSERT INTO sgrh.tsgrhrespuestasenc (cod_respuesta, cod_catrespuesta, cod_pregunta, cod_edoeliminar) VALUES (516, 2, 90, false);
INSERT INTO sgrh.tsgrhrespuestasenc (cod_respuesta, cod_catrespuesta, cod_pregunta, cod_edoeliminar) VALUES (517, 3, 90, false);
INSERT INTO sgrh.tsgrhrespuestasenc (cod_respuesta, cod_catrespuesta, cod_pregunta, cod_edoeliminar) VALUES (518, 4, 90, false);
INSERT INTO sgrh.tsgrhrespuestasenc (cod_respuesta, cod_catrespuesta, cod_pregunta, cod_edoeliminar) VALUES (519, 5, 90, false);
INSERT INTO sgrh.tsgrhrespuestasenc (cod_respuesta, cod_catrespuesta, cod_pregunta, cod_edoeliminar) VALUES (520, 1, 93, false);
INSERT INTO sgrh.tsgrhrespuestasenc (cod_respuesta, cod_catrespuesta, cod_pregunta, cod_edoeliminar) VALUES (521, 2, 93, false);
INSERT INTO sgrh.tsgrhrespuestasenc (cod_respuesta, cod_catrespuesta, cod_pregunta, cod_edoeliminar) VALUES (522, 3, 93, false);
INSERT INTO sgrh.tsgrhrespuestasenc (cod_respuesta, cod_catrespuesta, cod_pregunta, cod_edoeliminar) VALUES (523, 4, 93, false);
INSERT INTO sgrh.tsgrhrespuestasenc (cod_respuesta, cod_catrespuesta, cod_pregunta, cod_edoeliminar) VALUES (524, 5, 93, false);
INSERT INTO sgrh.tsgrhrespuestasenc (cod_respuesta, cod_catrespuesta, cod_pregunta, cod_edoeliminar) VALUES (525, 1, 94, false);
INSERT INTO sgrh.tsgrhrespuestasenc (cod_respuesta, cod_catrespuesta, cod_pregunta, cod_edoeliminar) VALUES (526, 2, 94, false);
INSERT INTO sgrh.tsgrhrespuestasenc (cod_respuesta, cod_catrespuesta, cod_pregunta, cod_edoeliminar) VALUES (527, 3, 94, false);
INSERT INTO sgrh.tsgrhrespuestasenc (cod_respuesta, cod_catrespuesta, cod_pregunta, cod_edoeliminar) VALUES (528, 4, 94, false);
INSERT INTO sgrh.tsgrhrespuestasenc (cod_respuesta, cod_catrespuesta, cod_pregunta, cod_edoeliminar) VALUES (529, 5, 94, false);
INSERT INTO sgrh.tsgrhrespuestasenc (cod_respuesta, cod_catrespuesta, cod_pregunta, cod_edoeliminar) VALUES (530, 1, 95, false);
INSERT INTO sgrh.tsgrhrespuestasenc (cod_respuesta, cod_catrespuesta, cod_pregunta, cod_edoeliminar) VALUES (531, 2, 95, false);
INSERT INTO sgrh.tsgrhrespuestasenc (cod_respuesta, cod_catrespuesta, cod_pregunta, cod_edoeliminar) VALUES (532, 3, 95, false);
INSERT INTO sgrh.tsgrhrespuestasenc (cod_respuesta, cod_catrespuesta, cod_pregunta, cod_edoeliminar) VALUES (533, 4, 95, false);
INSERT INTO sgrh.tsgrhrespuestasenc (cod_respuesta, cod_catrespuesta, cod_pregunta, cod_edoeliminar) VALUES (534, 5, 95, false);
INSERT INTO sgrh.tsgrhrespuestasenc (cod_respuesta, cod_catrespuesta, cod_pregunta, cod_edoeliminar) VALUES (535, 1, 98, false);
INSERT INTO sgrh.tsgrhrespuestasenc (cod_respuesta, cod_catrespuesta, cod_pregunta, cod_edoeliminar) VALUES (536, 2, 98, false);
INSERT INTO sgrh.tsgrhrespuestasenc (cod_respuesta, cod_catrespuesta, cod_pregunta, cod_edoeliminar) VALUES (537, 3, 98, false);
INSERT INTO sgrh.tsgrhrespuestasenc (cod_respuesta, cod_catrespuesta, cod_pregunta, cod_edoeliminar) VALUES (538, 4, 98, false);
INSERT INTO sgrh.tsgrhrespuestasenc (cod_respuesta, cod_catrespuesta, cod_pregunta, cod_edoeliminar) VALUES (539, 5, 98, false);
INSERT INTO sgrh.tsgrhrespuestasenc (cod_respuesta, cod_catrespuesta, cod_pregunta, cod_edoeliminar) VALUES (540, 1, 99, false);
INSERT INTO sgrh.tsgrhrespuestasenc (cod_respuesta, cod_catrespuesta, cod_pregunta, cod_edoeliminar) VALUES (541, 2, 99, false);
INSERT INTO sgrh.tsgrhrespuestasenc (cod_respuesta, cod_catrespuesta, cod_pregunta, cod_edoeliminar) VALUES (542, 3, 99, false);
INSERT INTO sgrh.tsgrhrespuestasenc (cod_respuesta, cod_catrespuesta, cod_pregunta, cod_edoeliminar) VALUES (543, 4, 99, false);
INSERT INTO sgrh.tsgrhrespuestasenc (cod_respuesta, cod_catrespuesta, cod_pregunta, cod_edoeliminar) VALUES (544, 5, 99, false);
INSERT INTO sgrh.tsgrhrespuestasenc (cod_respuesta, cod_catrespuesta, cod_pregunta, cod_edoeliminar) VALUES (545, 1, 100, false);
INSERT INTO sgrh.tsgrhrespuestasenc (cod_respuesta, cod_catrespuesta, cod_pregunta, cod_edoeliminar) VALUES (546, 2, 100, false);
INSERT INTO sgrh.tsgrhrespuestasenc (cod_respuesta, cod_catrespuesta, cod_pregunta, cod_edoeliminar) VALUES (547, 3, 100, false);
INSERT INTO sgrh.tsgrhrespuestasenc (cod_respuesta, cod_catrespuesta, cod_pregunta, cod_edoeliminar) VALUES (548, 4, 100, false);
INSERT INTO sgrh.tsgrhrespuestasenc (cod_respuesta, cod_catrespuesta, cod_pregunta, cod_edoeliminar) VALUES (549, 5, 100, false);
INSERT INTO sgrh.tsgrhrespuestasenc (cod_respuesta, cod_catrespuesta, cod_pregunta, cod_edoeliminar) VALUES (550, 1, 101, false);
INSERT INTO sgrh.tsgrhrespuestasenc (cod_respuesta, cod_catrespuesta, cod_pregunta, cod_edoeliminar) VALUES (551, 2, 101, false);
INSERT INTO sgrh.tsgrhrespuestasenc (cod_respuesta, cod_catrespuesta, cod_pregunta, cod_edoeliminar) VALUES (552, 3, 101, false);
INSERT INTO sgrh.tsgrhrespuestasenc (cod_respuesta, cod_catrespuesta, cod_pregunta, cod_edoeliminar) VALUES (553, 4, 101, false);
INSERT INTO sgrh.tsgrhrespuestasenc (cod_respuesta, cod_catrespuesta, cod_pregunta, cod_edoeliminar) VALUES (554, 5, 101, false);
INSERT INTO sgrh.tsgrhrespuestasenc (cod_respuesta, cod_catrespuesta, cod_pregunta, cod_edoeliminar) VALUES (555, 1, 102, false);
INSERT INTO sgrh.tsgrhrespuestasenc (cod_respuesta, cod_catrespuesta, cod_pregunta, cod_edoeliminar) VALUES (556, 2, 102, false);
INSERT INTO sgrh.tsgrhrespuestasenc (cod_respuesta, cod_catrespuesta, cod_pregunta, cod_edoeliminar) VALUES (557, 3, 102, false);
INSERT INTO sgrh.tsgrhrespuestasenc (cod_respuesta, cod_catrespuesta, cod_pregunta, cod_edoeliminar) VALUES (558, 4, 102, false);
INSERT INTO sgrh.tsgrhrespuestasenc (cod_respuesta, cod_catrespuesta, cod_pregunta, cod_edoeliminar) VALUES (559, 5, 102, false);
INSERT INTO sgrh.tsgrhrespuestasenc (cod_respuesta, cod_catrespuesta, cod_pregunta, cod_edoeliminar) VALUES (561, 1, 104, false);
INSERT INTO sgrh.tsgrhrespuestasenc (cod_respuesta, cod_catrespuesta, cod_pregunta, cod_edoeliminar) VALUES (562, 2, 104, false);
INSERT INTO sgrh.tsgrhrespuestasenc (cod_respuesta, cod_catrespuesta, cod_pregunta, cod_edoeliminar) VALUES (563, 3, 104, false);
INSERT INTO sgrh.tsgrhrespuestasenc (cod_respuesta, cod_catrespuesta, cod_pregunta, cod_edoeliminar) VALUES (564, 4, 104, false);
INSERT INTO sgrh.tsgrhrespuestasenc (cod_respuesta, cod_catrespuesta, cod_pregunta, cod_edoeliminar) VALUES (565, 5, 104, false);
INSERT INTO sgrh.tsgrhrespuestasenc (cod_respuesta, cod_catrespuesta, cod_pregunta, cod_edoeliminar) VALUES (566, 1, 105, false);
INSERT INTO sgrh.tsgrhrespuestasenc (cod_respuesta, cod_catrespuesta, cod_pregunta, cod_edoeliminar) VALUES (567, 2, 105, false);
INSERT INTO sgrh.tsgrhrespuestasenc (cod_respuesta, cod_catrespuesta, cod_pregunta, cod_edoeliminar) VALUES (568, 3, 105, false);
INSERT INTO sgrh.tsgrhrespuestasenc (cod_respuesta, cod_catrespuesta, cod_pregunta, cod_edoeliminar) VALUES (569, 4, 105, false);
INSERT INTO sgrh.tsgrhrespuestasenc (cod_respuesta, cod_catrespuesta, cod_pregunta, cod_edoeliminar) VALUES (570, 5, 105, false);
INSERT INTO sgrh.tsgrhrespuestasenc (cod_respuesta, cod_catrespuesta, cod_pregunta, cod_edoeliminar) VALUES (571, 1, 106, false);
INSERT INTO sgrh.tsgrhrespuestasenc (cod_respuesta, cod_catrespuesta, cod_pregunta, cod_edoeliminar) VALUES (572, 2, 106, false);
INSERT INTO sgrh.tsgrhrespuestasenc (cod_respuesta, cod_catrespuesta, cod_pregunta, cod_edoeliminar) VALUES (573, 3, 106, false);
INSERT INTO sgrh.tsgrhrespuestasenc (cod_respuesta, cod_catrespuesta, cod_pregunta, cod_edoeliminar) VALUES (574, 4, 106, false);
INSERT INTO sgrh.tsgrhrespuestasenc (cod_respuesta, cod_catrespuesta, cod_pregunta, cod_edoeliminar) VALUES (575, 5, 106, false);
INSERT INTO sgrh.tsgrhrespuestasenc (cod_respuesta, cod_catrespuesta, cod_pregunta, cod_edoeliminar) VALUES (576, 1, 156, false);
INSERT INTO sgrh.tsgrhrespuestasenc (cod_respuesta, cod_catrespuesta, cod_pregunta, cod_edoeliminar) VALUES (577, 2, 156, false);
INSERT INTO sgrh.tsgrhrespuestasenc (cod_respuesta, cod_catrespuesta, cod_pregunta, cod_edoeliminar) VALUES (578, 3, 156, false);
INSERT INTO sgrh.tsgrhrespuestasenc (cod_respuesta, cod_catrespuesta, cod_pregunta, cod_edoeliminar) VALUES (579, 4, 156, false);
INSERT INTO sgrh.tsgrhrespuestasenc (cod_respuesta, cod_catrespuesta, cod_pregunta, cod_edoeliminar) VALUES (580, 5, 156, false);
INSERT INTO sgrh.tsgrhrespuestasenc (cod_respuesta, cod_catrespuesta, cod_pregunta, cod_edoeliminar) VALUES (581, 1, 157, false);
INSERT INTO sgrh.tsgrhrespuestasenc (cod_respuesta, cod_catrespuesta, cod_pregunta, cod_edoeliminar) VALUES (582, 2, 157, false);
INSERT INTO sgrh.tsgrhrespuestasenc (cod_respuesta, cod_catrespuesta, cod_pregunta, cod_edoeliminar) VALUES (583, 3, 157, false);
INSERT INTO sgrh.tsgrhrespuestasenc (cod_respuesta, cod_catrespuesta, cod_pregunta, cod_edoeliminar) VALUES (584, 4, 157, false);
INSERT INTO sgrh.tsgrhrespuestasenc (cod_respuesta, cod_catrespuesta, cod_pregunta, cod_edoeliminar) VALUES (585, 5, 157, false);
INSERT INTO sgrh.tsgrhrespuestasenc (cod_respuesta, cod_catrespuesta, cod_pregunta, cod_edoeliminar) VALUES (586, 1, 158, false);
INSERT INTO sgrh.tsgrhrespuestasenc (cod_respuesta, cod_catrespuesta, cod_pregunta, cod_edoeliminar) VALUES (587, 2, 158, false);
INSERT INTO sgrh.tsgrhrespuestasenc (cod_respuesta, cod_catrespuesta, cod_pregunta, cod_edoeliminar) VALUES (588, 3, 158, false);
INSERT INTO sgrh.tsgrhrespuestasenc (cod_respuesta, cod_catrespuesta, cod_pregunta, cod_edoeliminar) VALUES (589, 4, 158, false);
INSERT INTO sgrh.tsgrhrespuestasenc (cod_respuesta, cod_catrespuesta, cod_pregunta, cod_edoeliminar) VALUES (590, 5, 158, false);
INSERT INTO sgrh.tsgrhrespuestasenc (cod_respuesta, cod_catrespuesta, cod_pregunta, cod_edoeliminar) VALUES (591, 1, 159, false);
INSERT INTO sgrh.tsgrhrespuestasenc (cod_respuesta, cod_catrespuesta, cod_pregunta, cod_edoeliminar) VALUES (592, 2, 159, false);
INSERT INTO sgrh.tsgrhrespuestasenc (cod_respuesta, cod_catrespuesta, cod_pregunta, cod_edoeliminar) VALUES (593, 3, 159, false);
INSERT INTO sgrh.tsgrhrespuestasenc (cod_respuesta, cod_catrespuesta, cod_pregunta, cod_edoeliminar) VALUES (594, 4, 159, false);
INSERT INTO sgrh.tsgrhrespuestasenc (cod_respuesta, cod_catrespuesta, cod_pregunta, cod_edoeliminar) VALUES (595, 5, 159, false);
INSERT INTO sgrh.tsgrhrespuestasenc (cod_respuesta, cod_catrespuesta, cod_pregunta, cod_edoeliminar) VALUES (596, 1, 160, false);
INSERT INTO sgrh.tsgrhrespuestasenc (cod_respuesta, cod_catrespuesta, cod_pregunta, cod_edoeliminar) VALUES (597, 2, 160, false);
INSERT INTO sgrh.tsgrhrespuestasenc (cod_respuesta, cod_catrespuesta, cod_pregunta, cod_edoeliminar) VALUES (598, 3, 160, false);
INSERT INTO sgrh.tsgrhrespuestasenc (cod_respuesta, cod_catrespuesta, cod_pregunta, cod_edoeliminar) VALUES (599, 4, 160, false);
INSERT INTO sgrh.tsgrhrespuestasenc (cod_respuesta, cod_catrespuesta, cod_pregunta, cod_edoeliminar) VALUES (600, 5, 160, false);
INSERT INTO sgrh.tsgrhrespuestasenc (cod_respuesta, cod_catrespuesta, cod_pregunta, cod_edoeliminar) VALUES (601, 1, 161, false);
INSERT INTO sgrh.tsgrhrespuestasenc (cod_respuesta, cod_catrespuesta, cod_pregunta, cod_edoeliminar) VALUES (602, 2, 161, false);
INSERT INTO sgrh.tsgrhrespuestasenc (cod_respuesta, cod_catrespuesta, cod_pregunta, cod_edoeliminar) VALUES (603, 3, 161, false);
INSERT INTO sgrh.tsgrhrespuestasenc (cod_respuesta, cod_catrespuesta, cod_pregunta, cod_edoeliminar) VALUES (604, 4, 161, false);
INSERT INTO sgrh.tsgrhrespuestasenc (cod_respuesta, cod_catrespuesta, cod_pregunta, cod_edoeliminar) VALUES (605, 5, 161, false);
INSERT INTO sgrh.tsgrhrespuestasenc (cod_respuesta, cod_catrespuesta, cod_pregunta, cod_edoeliminar) VALUES (606, 1, 117, false);
INSERT INTO sgrh.tsgrhrespuestasenc (cod_respuesta, cod_catrespuesta, cod_pregunta, cod_edoeliminar) VALUES (607, 2, 117, false);
INSERT INTO sgrh.tsgrhrespuestasenc (cod_respuesta, cod_catrespuesta, cod_pregunta, cod_edoeliminar) VALUES (608, 3, 117, false);
INSERT INTO sgrh.tsgrhrespuestasenc (cod_respuesta, cod_catrespuesta, cod_pregunta, cod_edoeliminar) VALUES (609, 4, 117, false);
INSERT INTO sgrh.tsgrhrespuestasenc (cod_respuesta, cod_catrespuesta, cod_pregunta, cod_edoeliminar) VALUES (610, 5, 117, false);
INSERT INTO sgrh.tsgrhrespuestasenc (cod_respuesta, cod_catrespuesta, cod_pregunta, cod_edoeliminar) VALUES (611, 1, 118, false);
INSERT INTO sgrh.tsgrhrespuestasenc (cod_respuesta, cod_catrespuesta, cod_pregunta, cod_edoeliminar) VALUES (612, 2, 118, false);
INSERT INTO sgrh.tsgrhrespuestasenc (cod_respuesta, cod_catrespuesta, cod_pregunta, cod_edoeliminar) VALUES (613, 3, 118, false);
INSERT INTO sgrh.tsgrhrespuestasenc (cod_respuesta, cod_catrespuesta, cod_pregunta, cod_edoeliminar) VALUES (614, 4, 118, false);
INSERT INTO sgrh.tsgrhrespuestasenc (cod_respuesta, cod_catrespuesta, cod_pregunta, cod_edoeliminar) VALUES (615, 5, 118, false);
INSERT INTO sgrh.tsgrhrespuestasenc (cod_respuesta, cod_catrespuesta, cod_pregunta, cod_edoeliminar) VALUES (616, 1, 119, false);
INSERT INTO sgrh.tsgrhrespuestasenc (cod_respuesta, cod_catrespuesta, cod_pregunta, cod_edoeliminar) VALUES (617, 2, 119, false);
INSERT INTO sgrh.tsgrhrespuestasenc (cod_respuesta, cod_catrespuesta, cod_pregunta, cod_edoeliminar) VALUES (618, 3, 119, false);
INSERT INTO sgrh.tsgrhrespuestasenc (cod_respuesta, cod_catrespuesta, cod_pregunta, cod_edoeliminar) VALUES (619, 4, 119, false);
INSERT INTO sgrh.tsgrhrespuestasenc (cod_respuesta, cod_catrespuesta, cod_pregunta, cod_edoeliminar) VALUES (620, 5, 119, false);
INSERT INTO sgrh.tsgrhrespuestasenc (cod_respuesta, cod_catrespuesta, cod_pregunta, cod_edoeliminar) VALUES (621, 1, 120, false);
INSERT INTO sgrh.tsgrhrespuestasenc (cod_respuesta, cod_catrespuesta, cod_pregunta, cod_edoeliminar) VALUES (622, 2, 120, false);
INSERT INTO sgrh.tsgrhrespuestasenc (cod_respuesta, cod_catrespuesta, cod_pregunta, cod_edoeliminar) VALUES (623, 3, 120, false);
INSERT INTO sgrh.tsgrhrespuestasenc (cod_respuesta, cod_catrespuesta, cod_pregunta, cod_edoeliminar) VALUES (624, 4, 120, false);
INSERT INTO sgrh.tsgrhrespuestasenc (cod_respuesta, cod_catrespuesta, cod_pregunta, cod_edoeliminar) VALUES (625, 5, 120, false);
INSERT INTO sgrh.tsgrhrespuestasenc (cod_respuesta, cod_catrespuesta, cod_pregunta, cod_edoeliminar) VALUES (626, 1, 121, false);
INSERT INTO sgrh.tsgrhrespuestasenc (cod_respuesta, cod_catrespuesta, cod_pregunta, cod_edoeliminar) VALUES (627, 2, 121, false);
INSERT INTO sgrh.tsgrhrespuestasenc (cod_respuesta, cod_catrespuesta, cod_pregunta, cod_edoeliminar) VALUES (628, 3, 121, false);
INSERT INTO sgrh.tsgrhrespuestasenc (cod_respuesta, cod_catrespuesta, cod_pregunta, cod_edoeliminar) VALUES (629, 4, 121, false);
INSERT INTO sgrh.tsgrhrespuestasenc (cod_respuesta, cod_catrespuesta, cod_pregunta, cod_edoeliminar) VALUES (630, 5, 121, false);
INSERT INTO sgrh.tsgrhrespuestasenc (cod_respuesta, cod_catrespuesta, cod_pregunta, cod_edoeliminar) VALUES (631, 1, 122, false);
INSERT INTO sgrh.tsgrhrespuestasenc (cod_respuesta, cod_catrespuesta, cod_pregunta, cod_edoeliminar) VALUES (632, 2, 122, false);
INSERT INTO sgrh.tsgrhrespuestasenc (cod_respuesta, cod_catrespuesta, cod_pregunta, cod_edoeliminar) VALUES (633, 3, 122, false);
INSERT INTO sgrh.tsgrhrespuestasenc (cod_respuesta, cod_catrespuesta, cod_pregunta, cod_edoeliminar) VALUES (634, 4, 122, false);
INSERT INTO sgrh.tsgrhrespuestasenc (cod_respuesta, cod_catrespuesta, cod_pregunta, cod_edoeliminar) VALUES (635, 5, 122, false);
INSERT INTO sgrh.tsgrhrespuestasenc (cod_respuesta, cod_catrespuesta, cod_pregunta, cod_edoeliminar) VALUES (637, 1, 124, false);
INSERT INTO sgrh.tsgrhrespuestasenc (cod_respuesta, cod_catrespuesta, cod_pregunta, cod_edoeliminar) VALUES (638, 2, 124, false);
INSERT INTO sgrh.tsgrhrespuestasenc (cod_respuesta, cod_catrespuesta, cod_pregunta, cod_edoeliminar) VALUES (639, 3, 124, false);
INSERT INTO sgrh.tsgrhrespuestasenc (cod_respuesta, cod_catrespuesta, cod_pregunta, cod_edoeliminar) VALUES (640, 4, 124, false);
INSERT INTO sgrh.tsgrhrespuestasenc (cod_respuesta, cod_catrespuesta, cod_pregunta, cod_edoeliminar) VALUES (641, 5, 124, false);
INSERT INTO sgrh.tsgrhrespuestasenc (cod_respuesta, cod_catrespuesta, cod_pregunta, cod_edoeliminar) VALUES (642, 1, 125, false);
INSERT INTO sgrh.tsgrhrespuestasenc (cod_respuesta, cod_catrespuesta, cod_pregunta, cod_edoeliminar) VALUES (643, 2, 125, false);
INSERT INTO sgrh.tsgrhrespuestasenc (cod_respuesta, cod_catrespuesta, cod_pregunta, cod_edoeliminar) VALUES (644, 3, 125, false);
INSERT INTO sgrh.tsgrhrespuestasenc (cod_respuesta, cod_catrespuesta, cod_pregunta, cod_edoeliminar) VALUES (645, 4, 125, false);
INSERT INTO sgrh.tsgrhrespuestasenc (cod_respuesta, cod_catrespuesta, cod_pregunta, cod_edoeliminar) VALUES (646, 5, 125, false);
INSERT INTO sgrh.tsgrhrespuestasenc (cod_respuesta, cod_catrespuesta, cod_pregunta, cod_edoeliminar) VALUES (647, 1, 126, false);
INSERT INTO sgrh.tsgrhrespuestasenc (cod_respuesta, cod_catrespuesta, cod_pregunta, cod_edoeliminar) VALUES (648, 2, 126, false);
INSERT INTO sgrh.tsgrhrespuestasenc (cod_respuesta, cod_catrespuesta, cod_pregunta, cod_edoeliminar) VALUES (649, 3, 126, false);
INSERT INTO sgrh.tsgrhrespuestasenc (cod_respuesta, cod_catrespuesta, cod_pregunta, cod_edoeliminar) VALUES (650, 4, 126, false);
INSERT INTO sgrh.tsgrhrespuestasenc (cod_respuesta, cod_catrespuesta, cod_pregunta, cod_edoeliminar) VALUES (651, 5, 126, false);
INSERT INTO sgrh.tsgrhrespuestasenc (cod_respuesta, cod_catrespuesta, cod_pregunta, cod_edoeliminar) VALUES (652, 1, 127, false);
INSERT INTO sgrh.tsgrhrespuestasenc (cod_respuesta, cod_catrespuesta, cod_pregunta, cod_edoeliminar) VALUES (653, 2, 127, false);
INSERT INTO sgrh.tsgrhrespuestasenc (cod_respuesta, cod_catrespuesta, cod_pregunta, cod_edoeliminar) VALUES (654, 3, 127, false);
INSERT INTO sgrh.tsgrhrespuestasenc (cod_respuesta, cod_catrespuesta, cod_pregunta, cod_edoeliminar) VALUES (655, 4, 127, false);
INSERT INTO sgrh.tsgrhrespuestasenc (cod_respuesta, cod_catrespuesta, cod_pregunta, cod_edoeliminar) VALUES (656, 5, 127, false);
INSERT INTO sgrh.tsgrhrespuestasenc (cod_respuesta, cod_catrespuesta, cod_pregunta, cod_edoeliminar) VALUES (657, 1, 128, false);
INSERT INTO sgrh.tsgrhrespuestasenc (cod_respuesta, cod_catrespuesta, cod_pregunta, cod_edoeliminar) VALUES (658, 2, 128, false);
INSERT INTO sgrh.tsgrhrespuestasenc (cod_respuesta, cod_catrespuesta, cod_pregunta, cod_edoeliminar) VALUES (659, 3, 128, false);
INSERT INTO sgrh.tsgrhrespuestasenc (cod_respuesta, cod_catrespuesta, cod_pregunta, cod_edoeliminar) VALUES (660, 4, 128, false);
INSERT INTO sgrh.tsgrhrespuestasenc (cod_respuesta, cod_catrespuesta, cod_pregunta, cod_edoeliminar) VALUES (661, 5, 128, false);
INSERT INTO sgrh.tsgrhrespuestasenc (cod_respuesta, cod_catrespuesta, cod_pregunta, cod_edoeliminar) VALUES (662, 1, 129, false);
INSERT INTO sgrh.tsgrhrespuestasenc (cod_respuesta, cod_catrespuesta, cod_pregunta, cod_edoeliminar) VALUES (663, 2, 129, false);
INSERT INTO sgrh.tsgrhrespuestasenc (cod_respuesta, cod_catrespuesta, cod_pregunta, cod_edoeliminar) VALUES (664, 3, 129, false);
INSERT INTO sgrh.tsgrhrespuestasenc (cod_respuesta, cod_catrespuesta, cod_pregunta, cod_edoeliminar) VALUES (665, 4, 129, false);
INSERT INTO sgrh.tsgrhrespuestasenc (cod_respuesta, cod_catrespuesta, cod_pregunta, cod_edoeliminar) VALUES (666, 5, 129, false);


--
-- TOC entry 4547 (class 0 OID 46990)
-- Dependencies: 309
-- Data for Name: tsgrhrespuestaseva; Type: TABLE DATA; Schema: sgrh; Owner: postgres
--



--
-- TOC entry 4548 (class 0 OID 46994)
-- Dependencies: 310
-- Data for Name: tsgrhrevplanoperativo; Type: TABLE DATA; Schema: sgrh; Owner: postgres
--



--
-- TOC entry 4549 (class 0 OID 47003)
-- Dependencies: 311
-- Data for Name: tsgrhrolempleado; Type: TABLE DATA; Schema: sgrh; Owner: postgres
--



--
-- TOC entry 4550 (class 0 OID 47007)
-- Dependencies: 312
-- Data for Name: tsgrhsubfactoreseva; Type: TABLE DATA; Schema: sgrh; Owner: postgres
--



--
-- TOC entry 4551 (class 0 OID 47011)
-- Dependencies: 313
-- Data for Name: tsgrhtipocapacitacion; Type: TABLE DATA; Schema: sgrh; Owner: postgres
--

INSERT INTO sgrh.tsgrhtipocapacitacion (cod_tipocapacitacion, des_nbtipocapacitacion, aud_feccreacion, aud_fecmodificacion, aud_creadopor, aud_modificadopor) VALUES (1, 'Curso', '2019-04-23', '2019-04-23', 10, 10);
INSERT INTO sgrh.tsgrhtipocapacitacion (cod_tipocapacitacion, des_nbtipocapacitacion, aud_feccreacion, aud_fecmodificacion, aud_creadopor, aud_modificadopor) VALUES (2, 'Taller', '2019-04-23', '2019-04-23', 10, 10);
INSERT INTO sgrh.tsgrhtipocapacitacion (cod_tipocapacitacion, des_nbtipocapacitacion, aud_feccreacion, aud_fecmodificacion, aud_creadopor, aud_modificadopor) VALUES (3, 'Seminario', '2019-04-23', '2019-04-23', 10, 10);
INSERT INTO sgrh.tsgrhtipocapacitacion (cod_tipocapacitacion, des_nbtipocapacitacion, aud_feccreacion, aud_fecmodificacion, aud_creadopor, aud_modificadopor) VALUES (4, 'Autoestudio', '2019-04-23', '2019-04-23', 10, 10);
INSERT INTO sgrh.tsgrhtipocapacitacion (cod_tipocapacitacion, des_nbtipocapacitacion, aud_feccreacion, aud_fecmodificacion, aud_creadopor, aud_modificadopor) VALUES (5, 'Mentoreo', '2019-04-23', '2019-04-23', 10, 10);
INSERT INTO sgrh.tsgrhtipocapacitacion (cod_tipocapacitacion, des_nbtipocapacitacion, aud_feccreacion, aud_fecmodificacion, aud_creadopor, aud_modificadopor) VALUES (6, 'Diplomado', '2019-04-23', '2019-04-23', 10, 10);
INSERT INTO sgrh.tsgrhtipocapacitacion (cod_tipocapacitacion, des_nbtipocapacitacion, aud_feccreacion, aud_fecmodificacion, aud_creadopor, aud_modificadopor) VALUES (7, 'Congreso', '2019-04-23', '2019-04-23', 10, 10);


--
-- TOC entry 4552 (class 0 OID 47015)
-- Dependencies: 314
-- Data for Name: tsgrhvalidaevaluaciondes; Type: TABLE DATA; Schema: sgrh; Owner: postgres
--



--
-- TOC entry 4585 (class 0 OID 47087)
-- Dependencies: 347
-- Data for Name: tsgrtagenda; Type: TABLE DATA; Schema: sgrt; Owner: postgres
--



--
-- TOC entry 4586 (class 0 OID 47092)
-- Dependencies: 348
-- Data for Name: tsgrtarchivos; Type: TABLE DATA; Schema: sgrt; Owner: postgres
--



--
-- TOC entry 4587 (class 0 OID 47099)
-- Dependencies: 349
-- Data for Name: tsgrtasistentes; Type: TABLE DATA; Schema: sgrt; Owner: postgres
--



--
-- TOC entry 4588 (class 0 OID 47103)
-- Dependencies: 350
-- Data for Name: tsgrtattchticket; Type: TABLE DATA; Schema: sgrt; Owner: postgres
--



--
-- TOC entry 4589 (class 0 OID 47110)
-- Dependencies: 351
-- Data for Name: tsgrtayudatopico; Type: TABLE DATA; Schema: sgrt; Owner: postgres
--



--
-- TOC entry 4590 (class 0 OID 47114)
-- Dependencies: 352
-- Data for Name: tsgrtcategoriafaq; Type: TABLE DATA; Schema: sgrt; Owner: postgres
--



--
-- TOC entry 4591 (class 0 OID 47121)
-- Dependencies: 353
-- Data for Name: tsgrtchat; Type: TABLE DATA; Schema: sgrt; Owner: postgres
--



--
-- TOC entry 4592 (class 0 OID 47128)
-- Dependencies: 354
-- Data for Name: tsgrtciudades; Type: TABLE DATA; Schema: sgrt; Owner: postgres
--



--
-- TOC entry 4593 (class 0 OID 47132)
-- Dependencies: 355
-- Data for Name: tsgrtcomentariosagenda; Type: TABLE DATA; Schema: sgrt; Owner: postgres
--



--
-- TOC entry 4594 (class 0 OID 47139)
-- Dependencies: 356
-- Data for Name: tsgrtcomentariosreunion; Type: TABLE DATA; Schema: sgrt; Owner: postgres
--



--
-- TOC entry 4595 (class 0 OID 47146)
-- Dependencies: 357
-- Data for Name: tsgrtcompromisos; Type: TABLE DATA; Schema: sgrt; Owner: postgres
--



--
-- TOC entry 4596 (class 0 OID 47152)
-- Dependencies: 358
-- Data for Name: tsgrtcorreo; Type: TABLE DATA; Schema: sgrt; Owner: postgres
--



--
-- TOC entry 4597 (class 0 OID 47158)
-- Dependencies: 359
-- Data for Name: tsgrtdatossolicitud; Type: TABLE DATA; Schema: sgrt; Owner: postgres
--



--
-- TOC entry 4598 (class 0 OID 47161)
-- Dependencies: 360
-- Data for Name: tsgrtdepartamento; Type: TABLE DATA; Schema: sgrt; Owner: postgres
--



--
-- TOC entry 4599 (class 0 OID 47170)
-- Dependencies: 361
-- Data for Name: tsgrtedosolicitudes; Type: TABLE DATA; Schema: sgrt; Owner: postgres
--



--
-- TOC entry 4600 (class 0 OID 47173)
-- Dependencies: 362
-- Data for Name: tsgrtelementos; Type: TABLE DATA; Schema: sgrt; Owner: postgres
--



--
-- TOC entry 4601 (class 0 OID 47177)
-- Dependencies: 363
-- Data for Name: tsgrtestados; Type: TABLE DATA; Schema: sgrt; Owner: postgres
--

INSERT INTO sgrt.tsgrtestados (cod_estadorep, des_nbestado) VALUES (1, 'PUEBLA');
INSERT INTO sgrt.tsgrtestados (cod_estadorep, des_nbestado) VALUES (2, 'TLAXCALA');
INSERT INTO sgrt.tsgrtestados (cod_estadorep, des_nbestado) VALUES (3, 'VERACRUZ');
INSERT INTO sgrt.tsgrtestados (cod_estadorep, des_nbestado) VALUES (4, 'DISTRITO FEDERAL');


--
-- TOC entry 4602 (class 0 OID 47181)
-- Dependencies: 364
-- Data for Name: tsgrtfaq; Type: TABLE DATA; Schema: sgrt; Owner: postgres
--



--
-- TOC entry 4603 (class 0 OID 47188)
-- Dependencies: 365
-- Data for Name: tsgrtgrupo; Type: TABLE DATA; Schema: sgrt; Owner: postgres
--



--
-- TOC entry 4604 (class 0 OID 47193)
-- Dependencies: 366
-- Data for Name: tsgrtinvitados; Type: TABLE DATA; Schema: sgrt; Owner: postgres
--



--
-- TOC entry 4605 (class 0 OID 47200)
-- Dependencies: 367
-- Data for Name: tsgrtlugares; Type: TABLE DATA; Schema: sgrt; Owner: postgres
--



--
-- TOC entry 4606 (class 0 OID 47204)
-- Dependencies: 368
-- Data for Name: tsgrtmsjticket; Type: TABLE DATA; Schema: sgrt; Owner: postgres
--



--
-- TOC entry 4607 (class 0 OID 47214)
-- Dependencies: 369
-- Data for Name: tsgrtnota; Type: TABLE DATA; Schema: sgrt; Owner: postgres
--



--
-- TOC entry 4608 (class 0 OID 47222)
-- Dependencies: 370
-- Data for Name: tsgrtplantillacorreos; Type: TABLE DATA; Schema: sgrt; Owner: postgres
--



--
-- TOC entry 4609 (class 0 OID 47230)
-- Dependencies: 371
-- Data for Name: tsgrtprioridad; Type: TABLE DATA; Schema: sgrt; Owner: postgres
--



--
-- TOC entry 4610 (class 0 OID 47234)
-- Dependencies: 372
-- Data for Name: tsgrtresppredefinida; Type: TABLE DATA; Schema: sgrt; Owner: postgres
--



--
-- TOC entry 4611 (class 0 OID 47241)
-- Dependencies: 373
-- Data for Name: tsgrtrespuesta; Type: TABLE DATA; Schema: sgrt; Owner: postgres
--



--
-- TOC entry 4612 (class 0 OID 47248)
-- Dependencies: 374
-- Data for Name: tsgrtreuniones; Type: TABLE DATA; Schema: sgrt; Owner: postgres
--



--
-- TOC entry 4613 (class 0 OID 47255)
-- Dependencies: 375
-- Data for Name: tsgrtservicios; Type: TABLE DATA; Schema: sgrt; Owner: postgres
--



--
-- TOC entry 4614 (class 0 OID 47259)
-- Dependencies: 376
-- Data for Name: tsgrtsolicitudservicios; Type: TABLE DATA; Schema: sgrt; Owner: postgres
--



--
-- TOC entry 4615 (class 0 OID 47263)
-- Dependencies: 377
-- Data for Name: tsgrtticket; Type: TABLE DATA; Schema: sgrt; Owner: postgres
--



--
-- TOC entry 4633 (class 0 OID 47311)
-- Dependencies: 395
-- Data for Name: tsisatappservices; Type: TABLE DATA; Schema: sisat; Owner: postgres
--



--
-- TOC entry 4634 (class 0 OID 47314)
-- Dependencies: 396
-- Data for Name: tsisatarquitecturas; Type: TABLE DATA; Schema: sisat; Owner: postgres
--



--
-- TOC entry 4635 (class 0 OID 47317)
-- Dependencies: 397
-- Data for Name: tsisatasignaciones; Type: TABLE DATA; Schema: sisat; Owner: suite
--



--
-- TOC entry 4636 (class 0 OID 47321)
-- Dependencies: 398
-- Data for Name: tsisatcandidatos; Type: TABLE DATA; Schema: sisat; Owner: suite
--



--
-- TOC entry 4637 (class 0 OID 47325)
-- Dependencies: 399
-- Data for Name: tsisatcartaaceptacion; Type: TABLE DATA; Schema: sisat; Owner: suite
--



--
-- TOC entry 4638 (class 0 OID 47332)
-- Dependencies: 400
-- Data for Name: tsisatcartaasignacion; Type: TABLE DATA; Schema: sisat; Owner: suite
--

INSERT INTO sisat.tsisatcartaasignacion (cod_asignacion, cod_prospecto, cod_perfil, des_actividades, des_lugarsalida, des_lugarllegada, fec_salida, fec_llegada, cod_transporte, des_lugarhopedaje, fec_hospedaje, des_computadora, cod_telefono, des_accesorios, des_nbresponsable, des_nbpuesto, des_lugarresp, cod_telefonoresp, tim_horario, fec_iniciocontra, fec_terminocontra, imp_sueldomensual, imp_nominaimss, imp_honorarios, imp_otros, cod_rfc, des_razonsocial, des_correo, cod_cpostal, des_direccionfact, cod_cliente, cod_gpy, cod_rhta, cod_ape, cod_rys, cod_creadopor, cod_modificadopor, fec_creacion, fec_modificacion, des_observacion) VALUES (1, 1, 2, 'desarrollar pagina web informativa', 'calle Francisco Sarabia #3', 'Adolfo López Mateos No.2448', '2019-05-11', '2019-05-11', 'Colectivo', 'Adolfo López Mateos No.2448', '2019-05-11', 'propia', 'propio', 'propio', NULL, NULL, NULL, NULL, NULL, '2019-05-12', '2019-08-30', 8500.60, NULL, NULL, NULL, NULL, NULL, NULL, NULL, NULL, 1, 1, 1, NULL, NULL, 1, 1, '2019-05-03', '2019-05-03', 'no hay observacion');
INSERT INTO sisat.tsisatcartaasignacion (cod_asignacion, cod_prospecto, cod_perfil, des_actividades, des_lugarsalida, des_lugarllegada, fec_salida, fec_llegada, cod_transporte, des_lugarhopedaje, fec_hospedaje, des_computadora, cod_telefono, des_accesorios, des_nbresponsable, des_nbpuesto, des_lugarresp, cod_telefonoresp, tim_horario, fec_iniciocontra, fec_terminocontra, imp_sueldomensual, imp_nominaimss, imp_honorarios, imp_otros, cod_rfc, des_razonsocial, des_correo, cod_cpostal, des_direccionfact, cod_cliente, cod_gpy, cod_rhta, cod_ape, cod_rys, cod_creadopor, cod_modificadopor, fec_creacion, fec_modificacion, des_observacion) VALUES (2, 9, 1, 'desarrollar aplicación de escritorio', 'calle Independencia #24', 'Adolfo López Mateos No.2448', '2019-01-02', '2019-01-02', 'Particular', 'Adolfo López Mateos No.2448', '2019-01-02', 'cliente', 'propio', 'propio', NULL, NULL, NULL, NULL, NULL, '2019-01-05', '2019-05-30', 9999.80, NULL, NULL, NULL, NULL, NULL, NULL, NULL, NULL, 1, 1, 1, NULL, NULL, 1, 1, '2018-12-28', '2018-12-28', 'no hay observacion');
INSERT INTO sisat.tsisatcartaasignacion (cod_asignacion, cod_prospecto, cod_perfil, des_actividades, des_lugarsalida, des_lugarllegada, fec_salida, fec_llegada, cod_transporte, des_lugarhopedaje, fec_hospedaje, des_computadora, cod_telefono, des_accesorios, des_nbresponsable, des_nbpuesto, des_lugarresp, cod_telefonoresp, tim_horario, fec_iniciocontra, fec_terminocontra, imp_sueldomensual, imp_nominaimss, imp_honorarios, imp_otros, cod_rfc, des_razonsocial, des_correo, cod_cpostal, des_direccionfact, cod_cliente, cod_gpy, cod_rhta, cod_ape, cod_rys, cod_creadopor, cod_modificadopor, fec_creacion, fec_modificacion, des_observacion) VALUES (3, 2, 3, 'analista', 'calle Florencio Espinoza', 'Adolfo López Mateos No.2448', '2018-10-15', '2018-10-15', 'Uber', 'Adolfo López Mateos No.2448', '2018-10-15', 'cliente', 'propio', 'propio', NULL, NULL, NULL, NULL, NULL, '2018-10-15', '2019-10-15', 9999.00, NULL, NULL, NULL, NULL, NULL, NULL, NULL, NULL, 1, 1, 1, NULL, NULL, 1, 1, '2018-10-09', '2018-10-09', 'no hay observacion');
INSERT INTO sisat.tsisatcartaasignacion (cod_asignacion, cod_prospecto, cod_perfil, des_actividades, des_lugarsalida, des_lugarllegada, fec_salida, fec_llegada, cod_transporte, des_lugarhopedaje, fec_hospedaje, des_computadora, cod_telefono, des_accesorios, des_nbresponsable, des_nbpuesto, des_lugarresp, cod_telefonoresp, tim_horario, fec_iniciocontra, fec_terminocontra, imp_sueldomensual, imp_nominaimss, imp_honorarios, imp_otros, cod_rfc, des_razonsocial, des_correo, cod_cpostal, des_direccionfact, cod_cliente, cod_gpy, cod_rhta, cod_ape, cod_rys, cod_creadopor, cod_modificadopor, fec_creacion, fec_modificacion, des_observacion) VALUES (4, 7, 2, 'desarrollar una aplicación de tienda en linea', 'Avenida Insurgentes #345', 'Adolfo López Mateos No.2448', '2018-09-10', '2018-09-10', 'Colectivo', 'Adolfo López Mateos No.2448', '2018-09-10', 'MBN', 'cliente', 'propio', NULL, NULL, NULL, NULL, NULL, '2018-09-10', '2019-04-30', 9500.00, NULL, NULL, NULL, NULL, NULL, NULL, NULL, NULL, 1, 1, 1, NULL, NULL, 1, 1, '2018-09-05', '2018-09-05', 'no hay observacion');
INSERT INTO sisat.tsisatcartaasignacion (cod_asignacion, cod_prospecto, cod_perfil, des_actividades, des_lugarsalida, des_lugarllegada, fec_salida, fec_llegada, cod_transporte, des_lugarhopedaje, fec_hospedaje, des_computadora, cod_telefono, des_accesorios, des_nbresponsable, des_nbpuesto, des_lugarresp, cod_telefonoresp, tim_horario, fec_iniciocontra, fec_terminocontra, imp_sueldomensual, imp_nominaimss, imp_honorarios, imp_otros, cod_rfc, des_razonsocial, des_correo, cod_cpostal, des_direccionfact, cod_cliente, cod_gpy, cod_rhta, cod_ape, cod_rys, cod_creadopor, cod_modificadopor, fec_creacion, fec_modificacion, des_observacion) VALUES (5, 8, 4, 'probar aplicación en producción', 'calle Alameda #29', 'Adolfo López Mateos No.2448', '2019-03-04', '2019-03-04', 'Colectivo', 'Adolfo López Mateos No.2448', '2019-03-04', 'propia', 'cliente', 'propio', NULL, NULL, NULL, NULL, NULL, '2019-03-05', '2019-06-30', 8563.60, NULL, NULL, NULL, NULL, NULL, NULL, NULL, NULL, 1, 1, 1, NULL, NULL, 1, 1, '2019-02-25', '2019-02-25', 'no hay observacion');
INSERT INTO sisat.tsisatcartaasignacion (cod_asignacion, cod_prospecto, cod_perfil, des_actividades, des_lugarsalida, des_lugarllegada, fec_salida, fec_llegada, cod_transporte, des_lugarhopedaje, fec_hospedaje, des_computadora, cod_telefono, des_accesorios, des_nbresponsable, des_nbpuesto, des_lugarresp, cod_telefonoresp, tim_horario, fec_iniciocontra, fec_terminocontra, imp_sueldomensual, imp_nominaimss, imp_honorarios, imp_otros, cod_rfc, des_razonsocial, des_correo, cod_cpostal, des_direccionfact, cod_cliente, cod_gpy, cod_rhta, cod_ape, cod_rys, cod_creadopor, cod_modificadopor, fec_creacion, fec_modificacion, des_observacion) VALUES (6, 6, 2, 'desarrollar aplicación para venta de boletos de cine', 'Esteban de Antuñano #34', 'Adolfo López Mateos No.2448', '2019-04-13', '2019-04-13', 'Particular', 'Adolfo López Mateos No.2448', '2019-04-13', 'propia', 'cliente', 'propio', NULL, NULL, NULL, NULL, NULL, '2019-04-14', '2019-09-30', 8500.99, NULL, NULL, NULL, NULL, NULL, NULL, NULL, NULL, 3, 1, 1, NULL, NULL, 1, 1, '2019-04-09', '2019-04-09', 'no hay observacion');
INSERT INTO sisat.tsisatcartaasignacion (cod_asignacion, cod_prospecto, cod_perfil, des_actividades, des_lugarsalida, des_lugarllegada, fec_salida, fec_llegada, cod_transporte, des_lugarhopedaje, fec_hospedaje, des_computadora, cod_telefono, des_accesorios, des_nbresponsable, des_nbpuesto, des_lugarresp, cod_telefonoresp, tim_horario, fec_iniciocontra, fec_terminocontra, imp_sueldomensual, imp_nominaimss, imp_honorarios, imp_otros, cod_rfc, des_razonsocial, des_correo, cod_cpostal, des_direccionfact, cod_cliente, cod_gpy, cod_rhta, cod_ape, cod_rys, cod_creadopor, cod_modificadopor, fec_creacion, fec_modificacion, des_observacion) VALUES (7, 5, 2, 'desarrollar aplicación para el manejo de finanzas', 'Niños Heroes #34', 'Adolfo López Mateos No.2448', '2019-05-05', '2019-05-05', 'Transporte de person', 'Adolfo López Mateos No.2448', '2019-05-05', 'MBN', 'MBN', 'propio', NULL, NULL, NULL, NULL, NULL, '2019-05-13', '2019-10-31', 9356.60, NULL, NULL, NULL, NULL, NULL, NULL, NULL, NULL, 1, 1, 1, NULL, NULL, 1, 1, '2019-04-26', '2019-04-26', 'no hay observacion');
INSERT INTO sisat.tsisatcartaasignacion (cod_asignacion, cod_prospecto, cod_perfil, des_actividades, des_lugarsalida, des_lugarllegada, fec_salida, fec_llegada, cod_transporte, des_lugarhopedaje, fec_hospedaje, des_computadora, cod_telefono, des_accesorios, des_nbresponsable, des_nbpuesto, des_lugarresp, cod_telefonoresp, tim_horario, fec_iniciocontra, fec_terminocontra, imp_sueldomensual, imp_nominaimss, imp_honorarios, imp_otros, cod_rfc, des_razonsocial, des_correo, cod_cpostal, des_direccionfact, cod_cliente, cod_gpy, cod_rhta, cod_ape, cod_rys, cod_creadopor, cod_modificadopor, fec_creacion, fec_modificacion, des_observacion) VALUES (8, 4, 1, 'desarrollar aplicación para censar casas', 'Benito Juarez S/N', 'Adolfo López Mateos No.2448', '2018-11-11', '2018-11-11', 'Uber', 'Adolfo López Mateos No.2448', '2018-11-11', 'cliente', 'propio', 'propio', NULL, NULL, NULL, NULL, NULL, '2018-11-11', '2019-03-30', 8793.00, NULL, NULL, NULL, NULL, NULL, NULL, NULL, NULL, 3, 1, 1, NULL, NULL, 1, 1, '2019-11-03', '2019-11-03', 'no hay observacion');
INSERT INTO sisat.tsisatcartaasignacion (cod_asignacion, cod_prospecto, cod_perfil, des_actividades, des_lugarsalida, des_lugarllegada, fec_salida, fec_llegada, cod_transporte, des_lugarhopedaje, fec_hospedaje, des_computadora, cod_telefono, des_accesorios, des_nbresponsable, des_nbpuesto, des_lugarresp, cod_telefonoresp, tim_horario, fec_iniciocontra, fec_terminocontra, imp_sueldomensual, imp_nominaimss, imp_honorarios, imp_otros, cod_rfc, des_razonsocial, des_correo, cod_cpostal, des_direccionfact, cod_cliente, cod_gpy, cod_rhta, cod_ape, cod_rys, cod_creadopor, cod_modificadopor, fec_creacion, fec_modificacion, des_observacion) VALUES (9, 10, 3, 'analista', 'Andador El Pipila', 'Adolfo López Mateos No.2448', '2019-02-02', '2019-02-02', 'Transporte de person', 'Adolfo López Mateos No.2448', '2019-02-02', 'cliente', 'propio', 'propio', NULL, NULL, NULL, NULL, NULL, '2019-02-09', '2019-10-31', 7356.60, NULL, NULL, NULL, NULL, NULL, NULL, NULL, NULL, 1, 1, 1, NULL, NULL, 1, 1, '2019-01-20', '2019-01-20', 'no hay observacion');
INSERT INTO sisat.tsisatcartaasignacion (cod_asignacion, cod_prospecto, cod_perfil, des_actividades, des_lugarsalida, des_lugarllegada, fec_salida, fec_llegada, cod_transporte, des_lugarhopedaje, fec_hospedaje, des_computadora, cod_telefono, des_accesorios, des_nbresponsable, des_nbpuesto, des_lugarresp, cod_telefonoresp, tim_horario, fec_iniciocontra, fec_terminocontra, imp_sueldomensual, imp_nominaimss, imp_honorarios, imp_otros, cod_rfc, des_razonsocial, des_correo, cod_cpostal, des_direccionfact, cod_cliente, cod_gpy, cod_rhta, cod_ape, cod_rys, cod_creadopor, cod_modificadopor, fec_creacion, fec_modificacion, des_observacion) VALUES (10, 3, 4, 'probar aplicación en producción', 'Circuito Esteban de Antuñano', 'Adolfo López Mateos No.2448', '2019-02-05', '2019-02-05', 'Transporte de person', 'Adolfo López Mateos No.2448', '2019-02-05', 'MBN', 'cliente', 'propio', NULL, NULL, NULL, NULL, NULL, '2019-02-09', '2019-12-31', 7000.00, NULL, NULL, NULL, NULL, NULL, NULL, NULL, NULL, 1, 1, 1, NULL, NULL, 1, 1, '2019-01-28', '2019-01-28', 'no hay observacion');


--
-- TOC entry 4639 (class 0 OID 47339)
-- Dependencies: 401
-- Data for Name: tsisatcomentarios; Type: TABLE DATA; Schema: sisat; Owner: postgres
--



--
-- TOC entry 4640 (class 0 OID 47342)
-- Dependencies: 402
-- Data for Name: tsisatcotizaciones; Type: TABLE DATA; Schema: sisat; Owner: postgres
--



--
-- TOC entry 4641 (class 0 OID 47348)
-- Dependencies: 403
-- Data for Name: tsisatcursosycertificados; Type: TABLE DATA; Schema: sisat; Owner: suite
--



--
-- TOC entry 4642 (class 0 OID 47352)
-- Dependencies: 404
-- Data for Name: tsisatentrevistas; Type: TABLE DATA; Schema: sisat; Owner: suite
--



--
-- TOC entry 4643 (class 0 OID 47359)
-- Dependencies: 405
-- Data for Name: tsisatenviocorreos; Type: TABLE DATA; Schema: sisat; Owner: suite
--



--
-- TOC entry 4644 (class 0 OID 47366)
-- Dependencies: 406
-- Data for Name: tsisatescolaridad; Type: TABLE DATA; Schema: sisat; Owner: suite
--



--
-- TOC entry 4645 (class 0 OID 47370)
-- Dependencies: 407
-- Data for Name: tsisatexperienciaslaborales; Type: TABLE DATA; Schema: sisat; Owner: suite
--



--
-- TOC entry 4646 (class 0 OID 47377)
-- Dependencies: 408
-- Data for Name: tsisatfirmas; Type: TABLE DATA; Schema: sisat; Owner: suite
--



--
-- TOC entry 4647 (class 0 OID 47381)
-- Dependencies: 409
-- Data for Name: tsisatframeworks; Type: TABLE DATA; Schema: sisat; Owner: postgres
--



--
-- TOC entry 4648 (class 0 OID 47384)
-- Dependencies: 410
-- Data for Name: tsisathabilidades; Type: TABLE DATA; Schema: sisat; Owner: suite
--



--
-- TOC entry 4649 (class 0 OID 47388)
-- Dependencies: 411
-- Data for Name: tsisatherramientas; Type: TABLE DATA; Schema: sisat; Owner: postgres
--



--
-- TOC entry 4651 (class 0 OID 47396)
-- Dependencies: 413
-- Data for Name: tsisatides; Type: TABLE DATA; Schema: sisat; Owner: postgres
--



--
-- TOC entry 4652 (class 0 OID 47399)
-- Dependencies: 414
-- Data for Name: tsisatidiomas; Type: TABLE DATA; Schema: sisat; Owner: suite
--



--
-- TOC entry 4653 (class 0 OID 47403)
-- Dependencies: 415
-- Data for Name: tsisatlenguajes; Type: TABLE DATA; Schema: sisat; Owner: postgres
--

INSERT INTO sisat.tsisatlenguajes (cod_lenguaje, des_lenguaje) VALUES (1, 'Java');
INSERT INTO sisat.tsisatlenguajes (cod_lenguaje, des_lenguaje) VALUES (2, 'PHP');
INSERT INTO sisat.tsisatlenguajes (cod_lenguaje, des_lenguaje) VALUES (3, 'Phyton');
INSERT INTO sisat.tsisatlenguajes (cod_lenguaje, des_lenguaje) VALUES (4, 'Visual Basic .Net');
INSERT INTO sisat.tsisatlenguajes (cod_lenguaje, des_lenguaje) VALUES (5, 'C#');
INSERT INTO sisat.tsisatlenguajes (cod_lenguaje, des_lenguaje) VALUES (6, 'C++');


--
-- TOC entry 4654 (class 0 OID 47406)
-- Dependencies: 416
-- Data for Name: tsisatmaquetados; Type: TABLE DATA; Schema: sisat; Owner: postgres
--



--
-- TOC entry 4655 (class 0 OID 47409)
-- Dependencies: 417
-- Data for Name: tsisatmetodologias; Type: TABLE DATA; Schema: sisat; Owner: postgres
--



--
-- TOC entry 4656 (class 0 OID 47412)
-- Dependencies: 418
-- Data for Name: tsisatmodelados; Type: TABLE DATA; Schema: sisat; Owner: postgres
--



--
-- TOC entry 4657 (class 0 OID 47415)
-- Dependencies: 419
-- Data for Name: tsisatordenservicio; Type: TABLE DATA; Schema: sisat; Owner: suite
--



--
-- TOC entry 4658 (class 0 OID 47422)
-- Dependencies: 420
-- Data for Name: tsisatpatrones; Type: TABLE DATA; Schema: sisat; Owner: postgres
--



--
-- TOC entry 4659 (class 0 OID 47425)
-- Dependencies: 421
-- Data for Name: tsisatprospectos; Type: TABLE DATA; Schema: sisat; Owner: suite
--

INSERT INTO sisat.tsisatprospectos (cod_prospecto, des_nombre, des_nombres, des_appaterno, des_apmaterno, des_lugarnacimiento, fec_nacimiento, cod_edad, cod_edocivil, des_nbpadre, des_nbmadre, cod_numhermanos, des_nbcalle, cod_numcasa, des_colonia, des_localidad, des_municipio, des_estado, cod_cpostal, cod_tiposangre, des_emailmbn, des_emailpersonal, des_pasatiempo, cod_telefonocasa, cod_telefonomovil, cod_rfc, cod_nss, cod_curp, des_nacionalidad, cod_administrador, fec_fechacoment, txt_comentarios, cod_creadopor, cod_modificadopor, fec_creacion, fec_modificacion, bin_foto, cod_tipofoto, cod_extensionfoto, des_puestovacante, anio_experiencia, cod_entrevista) VALUES (1, 'kenedy', 'johnatan', 'vazquez', 'mimientzi', 'ocotlan', '2019-08-02', 22, 'soltero', 'augusto', 'rosaura', 2, 'hidalgo', 12, 'guadalpe', 'ixcotla', 'santa ana chiautempan', 'tlaxcala ', 90810, 'o', 'vazquez@outlook.com', 'vazquezken@live.com
', 'leer', '2511122334', '2461102123', 'asdfghjkl単', 'asdfghjkl', 'asdfghjkl', 'mexicana', 1, '2019-08-02', 'asdfghjk', 1, 1, '2019-08-02', '2019-08-02', NULL, 'asdjk', 'asdfg', 'jr java', 2, NULL);
INSERT INTO sisat.tsisatprospectos (cod_prospecto, des_nombre, des_nombres, des_appaterno, des_apmaterno, des_lugarnacimiento, fec_nacimiento, cod_edad, cod_edocivil, des_nbpadre, des_nbmadre, cod_numhermanos, des_nbcalle, cod_numcasa, des_colonia, des_localidad, des_municipio, des_estado, cod_cpostal, cod_tiposangre, des_emailmbn, des_emailpersonal, des_pasatiempo, cod_telefonocasa, cod_telefonomovil, cod_rfc, cod_nss, cod_curp, des_nacionalidad, cod_administrador, fec_fechacoment, txt_comentarios, cod_creadopor, cod_modificadopor, fec_creacion, fec_modificacion, bin_foto, cod_tipofoto, cod_extensionfoto, des_puestovacante, anio_experiencia, cod_entrevista) VALUES (2, 'Arturo', NULL, 'Corona', 'Reyes', 'Atlixco, Puebla', '1990-09-17', 29, 'soltero', 'Arturo Corona', 'Margarita Sanchez', 1, 'Andador El pipila', 1, 'Agua Escondida', 'Ixtacuixtla', 'Ixtacuixtla', 'Tlaxcala', 7234, 'O+', 'arturo@mbn.com', 'arturo@gmail.com', 'escuchar música', '2484820331', '2461373813', 'MAT4567BHFD', 'MAT4567BHFD', 'MAT4567BHFD', 'mexicano', NULL, '2019-02-03', 'no hay comentarios', 1, 1, '2018-10-06', '2018-10-06', NULL, '35dfg', 'png', 'programador web', NULL, NULL);
INSERT INTO sisat.tsisatprospectos (cod_prospecto, des_nombre, des_nombres, des_appaterno, des_apmaterno, des_lugarnacimiento, fec_nacimiento, cod_edad, cod_edocivil, des_nbpadre, des_nbmadre, cod_numhermanos, des_nbcalle, cod_numcasa, des_colonia, des_localidad, des_municipio, des_estado, cod_cpostal, cod_tiposangre, des_emailmbn, des_emailpersonal, des_pasatiempo, cod_telefonocasa, cod_telefonomovil, cod_rfc, cod_nss, cod_curp, des_nacionalidad, cod_administrador, fec_fechacoment, txt_comentarios, cod_creadopor, cod_modificadopor, fec_creacion, fec_modificacion, bin_foto, cod_tipofoto, cod_extensionfoto, des_puestovacante, anio_experiencia, cod_entrevista) VALUES (3, 'David ', NULL, 'Barrera', 'Cortes', 'Huamantla, Tlaxcala', '1996-04-15', 23, 'casado', 'Mauro Barrera', 'Angela Cortes', 5, '16 de septiembre', 0, 'Chapultepec', 'Jilotepec', 'Calpan', 'Puebla', 3455, 'O+', 'david@mbn.com', 'david@gmail.com', 'escuchar música', '2484820331', '2461373813', 'MAT4567BHFD', 'MAT4567BHFD', 'MAT4567BHFD', 'mexicano', NULL, '2019-02-03', 'no hay comentarios', 2, 2, '2019-01-01', '2019-01-01', NULL, 'wsd45', 'png', 'programador junior', NULL, NULL);
INSERT INTO sisat.tsisatprospectos (cod_prospecto, des_nombre, des_nombres, des_appaterno, des_apmaterno, des_lugarnacimiento, fec_nacimiento, cod_edad, cod_edocivil, des_nbpadre, des_nbmadre, cod_numhermanos, des_nbcalle, cod_numcasa, des_colonia, des_localidad, des_municipio, des_estado, cod_cpostal, cod_tiposangre, des_emailmbn, des_emailpersonal, des_pasatiempo, cod_telefonocasa, cod_telefonomovil, cod_rfc, cod_nss, cod_curp, des_nacionalidad, cod_administrador, fec_fechacoment, txt_comentarios, cod_creadopor, cod_modificadopor, fec_creacion, fec_modificacion, bin_foto, cod_tipofoto, cod_extensionfoto, des_puestovacante, anio_experiencia, cod_entrevista) VALUES (4, 'Jorge', 'Adrian', 'Barragán ', 'Peréz', 'Texmelucan, Puebla', '1993-04-24', 26, 'soltero', 'Jorge Barragan', 'Leticia Peréz', 4, 'Libertad Norte', 1234, 'Condesa ', 'San Andres', 'Ixtacuixtla', 'Tlaxcala', 4456, 'O+', 'jorge@mbn.com', 'adrian@gmail.com', 'escuchar música', '2484820331', '2461373813', 'MAT4567BHFD', 'MAT4567BHFD', 'MAT4567BHFD', 'mexicano', NULL, '2019-02-03', 'no hay comentarios', 1, 1, '2019-04-05', '2019-04-05', NULL, 'der78', 'png', 'analista', NULL, NULL);
INSERT INTO sisat.tsisatprospectos (cod_prospecto, des_nombre, des_nombres, des_appaterno, des_apmaterno, des_lugarnacimiento, fec_nacimiento, cod_edad, cod_edocivil, des_nbpadre, des_nbmadre, cod_numhermanos, des_nbcalle, cod_numcasa, des_colonia, des_localidad, des_municipio, des_estado, cod_cpostal, cod_tiposangre, des_emailmbn, des_emailpersonal, des_pasatiempo, cod_telefonocasa, cod_telefonomovil, cod_rfc, cod_nss, cod_curp, des_nacionalidad, cod_administrador, fec_fechacoment, txt_comentarios, cod_creadopor, cod_modificadopor, fec_creacion, fec_modificacion, bin_foto, cod_tipofoto, cod_extensionfoto, des_puestovacante, anio_experiencia, cod_entrevista) VALUES (5, 'Brenda', NULL, 'Poblano', 'Poblano', 'San Mateo Calpultitlan, Huejotzingo, Puebla', '1995-11-14', 24, 'soltera', 'Gustavo Poblano', 'Amanda Poblano', 3, 'Avenida del trabajo', 34, 'Zaragoza', 'San Miguel Tianguistenco', 'San Salvador El Verde', 'Puebla', 7753, 'O+', 'brenda@mbn.com', 'brendap@gmail.com', 'escuchar música', '2484820331', '2461373813', 'MAT4567BHFD', 'MAT4567BHFD', 'MAT4567BHFD', 'mexicana', NULL, '2019-02-03', 'no hay comentarios', 1, 1, '2019-05-02', '2019-05-02', NULL, 'scv34', 'png', 'analista', NULL, NULL);
INSERT INTO sisat.tsisatprospectos (cod_prospecto, des_nombre, des_nombres, des_appaterno, des_apmaterno, des_lugarnacimiento, fec_nacimiento, cod_edad, cod_edocivil, des_nbpadre, des_nbmadre, cod_numhermanos, des_nbcalle, cod_numcasa, des_colonia, des_localidad, des_municipio, des_estado, cod_cpostal, cod_tiposangre, des_emailmbn, des_emailpersonal, des_pasatiempo, cod_telefonocasa, cod_telefonomovil, cod_rfc, cod_nss, cod_curp, des_nacionalidad, cod_administrador, fec_fechacoment, txt_comentarios, cod_creadopor, cod_modificadopor, fec_creacion, fec_modificacion, bin_foto, cod_tipofoto, cod_extensionfoto, des_puestovacante, anio_experiencia, cod_entrevista) VALUES (6, 'Gregorio', NULL, 'Muñoz', 'Hernandez', 'Naucalpan, Estado de México', '1996-07-26', 23, 'casado', 'Gregorio Muñoz', 'Cristina Hernandez', 2, 'Iztaccihuatl', 21, 'El Carmén', 'Tlacotepec', 'San Salvador El Verde', 'Puebla', 4586, 'O+', 'gregorio@mbn.com', 'gregor@gmail.com', 'escuchar música', '2484820331', '2461373813', 'MAT4567BHFD', 'MAT4567BHFD', 'MAT4567BHFD', 'mexicano', NULL, '2019-02-03', 'no hay comentarios', 2, 2, '2018-07-05', '2018-07-05', NULL, 'hhj98', 'png', 'programador junior', NULL, NULL);
INSERT INTO sisat.tsisatprospectos (cod_prospecto, des_nombre, des_nombres, des_appaterno, des_apmaterno, des_lugarnacimiento, fec_nacimiento, cod_edad, cod_edocivil, des_nbpadre, des_nbmadre, cod_numhermanos, des_nbcalle, cod_numcasa, des_colonia, des_localidad, des_municipio, des_estado, cod_cpostal, cod_tiposangre, des_emailmbn, des_emailpersonal, des_pasatiempo, cod_telefonocasa, cod_telefonomovil, cod_rfc, cod_nss, cod_curp, des_nacionalidad, cod_administrador, fec_fechacoment, txt_comentarios, cod_creadopor, cod_modificadopor, fec_creacion, fec_modificacion, bin_foto, cod_tipofoto, cod_extensionfoto, des_puestovacante, anio_experiencia, cod_entrevista) VALUES (7, 'Nohemi', NULL, 'Gonzalez', 'López', 'Huejotzingo, Puebla', '1995-02-24', 24, 'casada', 'Carlos Gonzalez', 'Cecilia López', 2, 'Esteban de Antuñano', 5, 'Cruz de Piedra', 'Zacatepec', 'Huejotzingo', 'Puebla', 7896, 'O+', 'nohemi@mbn.com', 'nohe@gmail.com', 'escuchar música', '2484820331', '2461373813', 'MAT4567BHFD', 'MAT4567BHFD', 'MAT4567BHFD', 'mexicana', NULL, '2019-02-03', 'no hay comentarios', 2, 2, '2017-04-03', '2017-04-03', NULL, 'gbh83', 'png', 'tester', NULL, NULL);
INSERT INTO sisat.tsisatprospectos (cod_prospecto, des_nombre, des_nombres, des_appaterno, des_apmaterno, des_lugarnacimiento, fec_nacimiento, cod_edad, cod_edocivil, des_nbpadre, des_nbmadre, cod_numhermanos, des_nbcalle, cod_numcasa, des_colonia, des_localidad, des_municipio, des_estado, cod_cpostal, cod_tiposangre, des_emailmbn, des_emailpersonal, des_pasatiempo, cod_telefonocasa, cod_telefonomovil, cod_rfc, cod_nss, cod_curp, des_nacionalidad, cod_administrador, fec_fechacoment, txt_comentarios, cod_creadopor, cod_modificadopor, fec_creacion, fec_modificacion, bin_foto, cod_tipofoto, cod_extensionfoto, des_puestovacante, anio_experiencia, cod_entrevista) VALUES (8, 'Karen ', 'Guadalupe', 'Rodriguez', 'Escobar', 'Texmelucan, Puebla', '1995-12-14', 24, 'soltera', 'Alfredo Rodriguez', 'Ruth Escobar', 2, 'Hermanos Serdan', 2345, 'Tercer Barrio', 'Santa Rita', 'Tlahuapan', 'Puebla', 7634, 'O+', 'karen@mbn.com', 'rodriguezKaren@gmail.com', 'escuchar música', '2484820331', '2461373813', 'MAT4567BHFD', 'MAT4567BHFD', 'MAT4567BHFD', 'mexicano', NULL, '2019-02-03', 'no hay comentarios', 2, 2, '2016-02-01', '2016-02-01', NULL, 'cvf23', 'png', 'tester', NULL, NULL);
INSERT INTO sisat.tsisatprospectos (cod_prospecto, des_nombre, des_nombres, des_appaterno, des_apmaterno, des_lugarnacimiento, fec_nacimiento, cod_edad, cod_edocivil, des_nbpadre, des_nbmadre, cod_numhermanos, des_nbcalle, cod_numcasa, des_colonia, des_localidad, des_municipio, des_estado, cod_cpostal, cod_tiposangre, des_emailmbn, des_emailpersonal, des_pasatiempo, cod_telefonocasa, cod_telefonomovil, cod_rfc, cod_nss, cod_curp, des_nacionalidad, cod_administrador, fec_fechacoment, txt_comentarios, cod_creadopor, cod_modificadopor, fec_creacion, fec_modificacion, bin_foto, cod_tipofoto, cod_extensionfoto, des_puestovacante, anio_experiencia, cod_entrevista) VALUES (9, 'Rodrigo', NULL, 'Fuentes', 'Fuentes', 'Ixtacuixtla, Tlaxcala', '1996-12-24', 23, 'soltera', 'Ricardo Fuentes', 'Magali Fuentes', 1, 'Resurrección ', 1, 'Ameyal', 'San Simón', 'San Felipe Teotlalzingo', 'Puebla', 3254, 'O+', 'rodrigo@mbn.com', 'roy@gmail.com', 'escuchar música', '2484820331', '2461373813', 'MAT4567BHFD', 'MAT4567BHFD', 'MAT4567BHFD', 'mexicano', NULL, '2019-02-03', 'no hay comentarios', 1, 1, '2018-12-05', '2018-12-05', NULL, '34fgg', 'png', 'programador web', NULL, NULL);
INSERT INTO sisat.tsisatprospectos (cod_prospecto, des_nombre, des_nombres, des_appaterno, des_apmaterno, des_lugarnacimiento, fec_nacimiento, cod_edad, cod_edocivil, des_nbpadre, des_nbmadre, cod_numhermanos, des_nbcalle, cod_numcasa, des_colonia, des_localidad, des_municipio, des_estado, cod_cpostal, cod_tiposangre, des_emailmbn, des_emailpersonal, des_pasatiempo, cod_telefonocasa, cod_telefonomovil, cod_rfc, cod_nss, cod_curp, des_nacionalidad, cod_administrador, fec_fechacoment, txt_comentarios, cod_creadopor, cod_modificadopor, fec_creacion, fec_modificacion, bin_foto, cod_tipofoto, cod_extensionfoto, des_puestovacante, anio_experiencia, cod_entrevista) VALUES (10, 'Zuriel', NULL, 'Trejo', 'Linares', 'Tlaxcala, Tlaxcala', '1991-01-06', 28, 'soltera', 'Ramiro Trejo', 'Sthephanie Linares', 3, 'Zavaleta', 3, 'Florencio Espinoza', 'Santa Cruz', 'Ixtacuixtla', 'Tlaxcala', 2466, 'O+', 'zuriel@mbn.com', 'zuri@gmail.com', 'escuchar música', '2484820331', '2461373813', 'MAT4567BHFD', 'MAT4567BHFD', 'MAT4567BHFD', 'mexicano', NULL, '2019-02-03', 'no hay comentarios', 2, 2, '2018-11-14', '2018-11-14', NULL, 'nmh', 'png', 'programador junior', NULL, NULL);


--
-- TOC entry 4660 (class 0 OID 47434)
-- Dependencies: 422
-- Data for Name: tsisatprotocolos; Type: TABLE DATA; Schema: sisat; Owner: postgres
--



--
-- TOC entry 4661 (class 0 OID 47437)
-- Dependencies: 423
-- Data for Name: tsisatproyectos; Type: TABLE DATA; Schema: sisat; Owner: suite
--



--
-- TOC entry 4662 (class 0 OID 47441)
-- Dependencies: 424
-- Data for Name: tsisatqa; Type: TABLE DATA; Schema: sisat; Owner: postgres
--



--
-- TOC entry 4663 (class 0 OID 47444)
-- Dependencies: 425
-- Data for Name: tsisatrepositoriolibrerias; Type: TABLE DATA; Schema: sisat; Owner: postgres
--



--
-- TOC entry 4664 (class 0 OID 47447)
-- Dependencies: 426
-- Data for Name: tsisatrepositorios; Type: TABLE DATA; Schema: sisat; Owner: postgres
--



--
-- TOC entry 4665 (class 0 OID 47450)
-- Dependencies: 427
-- Data for Name: tsisatsgbd; Type: TABLE DATA; Schema: sisat; Owner: postgres
--



--
-- TOC entry 4666 (class 0 OID 47453)
-- Dependencies: 428
-- Data for Name: tsisatso; Type: TABLE DATA; Schema: sisat; Owner: postgres
--



--
-- TOC entry 4667 (class 0 OID 47456)
-- Dependencies: 429
-- Data for Name: tsisatvacantes; Type: TABLE DATA; Schema: sisat; Owner: suite
--



--
-- TOC entry 4880 (class 0 OID 0)
-- Dependencies: 206
-- Name: seq_sistema; Type: SEQUENCE SET; Schema: sgco; Owner: postgres
--

SELECT pg_catalog.setval('sgco.seq_sistema', 4, false);


--
-- TOC entry 4881 (class 0 OID 0)
-- Dependencies: 207
-- Name: seq_tipousuario; Type: SEQUENCE SET; Schema: sgco; Owner: postgres
--

SELECT pg_catalog.setval('sgco.seq_tipousuario', 1, false);


--
-- TOC entry 4882 (class 0 OID 0)
-- Dependencies: 208
-- Name: seq_usuarios; Type: SEQUENCE SET; Schema: sgco; Owner: postgres
--

SELECT pg_catalog.setval('sgco.seq_usuarios', 1, false);


--
-- TOC entry 4883 (class 0 OID 0)
-- Dependencies: 212
-- Name: seq_cabecera; Type: SEQUENCE SET; Schema: sgnom; Owner: suite
--

SELECT pg_catalog.setval('sgnom.seq_cabecera', 1, true);


--
-- TOC entry 4884 (class 0 OID 0)
-- Dependencies: 213
-- Name: seq_empquincena; Type: SEQUENCE SET; Schema: sgnom; Owner: suite
--

SELECT pg_catalog.setval('sgnom.seq_empquincena', 6, true);


--
-- TOC entry 4885 (class 0 OID 0)
-- Dependencies: 214
-- Name: seq_incidencia; Type: SEQUENCE SET; Schema: sgnom; Owner: suite
--

SELECT pg_catalog.setval('sgnom.seq_incidencia', 13, false);


--
-- TOC entry 4886 (class 0 OID 0)
-- Dependencies: 241
-- Name: seq_area; Type: SEQUENCE SET; Schema: sgrh; Owner: postgres
--

SELECT pg_catalog.setval('sgrh.seq_area', 6, true);


--
-- TOC entry 4887 (class 0 OID 0)
-- Dependencies: 242
-- Name: seq_capacitaciones; Type: SEQUENCE SET; Schema: sgrh; Owner: postgres
--

SELECT pg_catalog.setval('sgrh.seq_capacitaciones', 1, false);


--
-- TOC entry 4888 (class 0 OID 0)
-- Dependencies: 243
-- Name: seq_cartaasignacion; Type: SEQUENCE SET; Schema: sgrh; Owner: postgres
--

SELECT pg_catalog.setval('sgrh.seq_cartaasignacion', 1, false);


--
-- TOC entry 4889 (class 0 OID 0)
-- Dependencies: 244
-- Name: seq_cat_encuesta_participantes; Type: SEQUENCE SET; Schema: sgrh; Owner: postgres
--

SELECT pg_catalog.setval('sgrh.seq_cat_encuesta_participantes', 138, true);


--
-- TOC entry 4890 (class 0 OID 0)
-- Dependencies: 245
-- Name: seq_catrespuestas; Type: SEQUENCE SET; Schema: sgrh; Owner: postgres
--

SELECT pg_catalog.setval('sgrh.seq_catrespuestas', 200, false);


--
-- TOC entry 4891 (class 0 OID 0)
-- Dependencies: 246
-- Name: seq_clientes; Type: SEQUENCE SET; Schema: sgrh; Owner: postgres
--

SELECT pg_catalog.setval('sgrh.seq_clientes', 5, true);


--
-- TOC entry 4892 (class 0 OID 0)
-- Dependencies: 247
-- Name: seq_contrataciones; Type: SEQUENCE SET; Schema: sgrh; Owner: postgres
--

SELECT pg_catalog.setval('sgrh.seq_contrataciones', 1, false);


--
-- TOC entry 4893 (class 0 OID 0)
-- Dependencies: 248
-- Name: seq_contratos; Type: SEQUENCE SET; Schema: sgrh; Owner: postgres
--

SELECT pg_catalog.setval('sgrh.seq_contratos', 1, false);


--
-- TOC entry 4894 (class 0 OID 0)
-- Dependencies: 249
-- Name: seq_empleado; Type: SEQUENCE SET; Schema: sgrh; Owner: postgres
--

SELECT pg_catalog.setval('sgrh.seq_empleado', 14, true);


--
-- TOC entry 4895 (class 0 OID 0)
-- Dependencies: 250
-- Name: seq_encuestas; Type: SEQUENCE SET; Schema: sgrh; Owner: postgres
--

SELECT pg_catalog.setval('sgrh.seq_encuestas', 17, true);


--
-- TOC entry 4896 (class 0 OID 0)
-- Dependencies: 251
-- Name: seq_escolaridad; Type: SEQUENCE SET; Schema: sgrh; Owner: postgres
--

SELECT pg_catalog.setval('sgrh.seq_escolaridad', 1, false);


--
-- TOC entry 4897 (class 0 OID 0)
-- Dependencies: 252
-- Name: seq_estatus; Type: SEQUENCE SET; Schema: sgrh; Owner: postgres
--

SELECT pg_catalog.setval('sgrh.seq_estatus', 5, true);


--
-- TOC entry 4898 (class 0 OID 0)
-- Dependencies: 253
-- Name: seq_evacapacitacion; Type: SEQUENCE SET; Schema: sgrh; Owner: postgres
--

SELECT pg_catalog.setval('sgrh.seq_evacapacitacion', 1, false);


--
-- TOC entry 4899 (class 0 OID 0)
-- Dependencies: 254
-- Name: seq_evacontestadas; Type: SEQUENCE SET; Schema: sgrh; Owner: postgres
--

SELECT pg_catalog.setval('sgrh.seq_evacontestadas', 1, false);


--
-- TOC entry 4900 (class 0 OID 0)
-- Dependencies: 255
-- Name: seq_evaluaciones; Type: SEQUENCE SET; Schema: sgrh; Owner: postgres
--

SELECT pg_catalog.setval('sgrh.seq_evaluaciones', 1, false);


--
-- TOC entry 4901 (class 0 OID 0)
-- Dependencies: 256
-- Name: seq_experiencialab; Type: SEQUENCE SET; Schema: sgrh; Owner: postgres
--

SELECT pg_catalog.setval('sgrh.seq_experiencialab', 1, false);


--
-- TOC entry 4902 (class 0 OID 0)
-- Dependencies: 257
-- Name: seq_factoreseva; Type: SEQUENCE SET; Schema: sgrh; Owner: postgres
--

SELECT pg_catalog.setval('sgrh.seq_factoreseva', 1, false);


--
-- TOC entry 4903 (class 0 OID 0)
-- Dependencies: 258
-- Name: seq_idiomas; Type: SEQUENCE SET; Schema: sgrh; Owner: postgres
--

SELECT pg_catalog.setval('sgrh.seq_idiomas', 12, true);


--
-- TOC entry 4904 (class 0 OID 0)
-- Dependencies: 259
-- Name: seq_logistica; Type: SEQUENCE SET; Schema: sgrh; Owner: postgres
--

SELECT pg_catalog.setval('sgrh.seq_logistica', 1, false);


--
-- TOC entry 4905 (class 0 OID 0)
-- Dependencies: 260
-- Name: seq_lugar; Type: SEQUENCE SET; Schema: sgrh; Owner: postgres
--

SELECT pg_catalog.setval('sgrh.seq_lugar', 1, false);


--
-- TOC entry 4906 (class 0 OID 0)
-- Dependencies: 261
-- Name: seq_modo; Type: SEQUENCE SET; Schema: sgrh; Owner: postgres
--

SELECT pg_catalog.setval('sgrh.seq_modo', 2, true);


--
-- TOC entry 4907 (class 0 OID 0)
-- Dependencies: 262
-- Name: seq_perfiles; Type: SEQUENCE SET; Schema: sgrh; Owner: postgres
--

SELECT pg_catalog.setval('sgrh.seq_perfiles', 8, true);


--
-- TOC entry 4908 (class 0 OID 0)
-- Dependencies: 263
-- Name: seq_plancapacitacion; Type: SEQUENCE SET; Schema: sgrh; Owner: postgres
--

SELECT pg_catalog.setval('sgrh.seq_plancapacitacion', 1, false);


--
-- TOC entry 4909 (class 0 OID 0)
-- Dependencies: 264
-- Name: seq_planesoperativos; Type: SEQUENCE SET; Schema: sgrh; Owner: postgres
--

SELECT pg_catalog.setval('sgrh.seq_planesoperativos', 1, false);


--
-- TOC entry 4910 (class 0 OID 0)
-- Dependencies: 265
-- Name: seq_preguntasenc; Type: SEQUENCE SET; Schema: sgrh; Owner: postgres
--

SELECT pg_catalog.setval('sgrh.seq_preguntasenc', 205, true);


--
-- TOC entry 4911 (class 0 OID 0)
-- Dependencies: 266
-- Name: seq_preguntaseva; Type: SEQUENCE SET; Schema: sgrh; Owner: postgres
--

SELECT pg_catalog.setval('sgrh.seq_preguntaseva', 1, false);


--
-- TOC entry 4912 (class 0 OID 0)
-- Dependencies: 267
-- Name: seq_proceso; Type: SEQUENCE SET; Schema: sgrh; Owner: postgres
--

SELECT pg_catalog.setval('sgrh.seq_proceso', 4, true);


--
-- TOC entry 4913 (class 0 OID 0)
-- Dependencies: 268
-- Name: seq_proveedor; Type: SEQUENCE SET; Schema: sgrh; Owner: postgres
--

SELECT pg_catalog.setval('sgrh.seq_proveedor', 1, false);


--
-- TOC entry 4914 (class 0 OID 0)
-- Dependencies: 269
-- Name: seq_puestos; Type: SEQUENCE SET; Schema: sgrh; Owner: postgres
--

SELECT pg_catalog.setval('sgrh.seq_puestos', 11, true);


--
-- TOC entry 4915 (class 0 OID 0)
-- Dependencies: 270
-- Name: seq_respuestasenc; Type: SEQUENCE SET; Schema: sgrh; Owner: postgres
--

SELECT pg_catalog.setval('sgrh.seq_respuestasenc', 500, false);


--
-- TOC entry 4916 (class 0 OID 0)
-- Dependencies: 271
-- Name: seq_respuestaseva; Type: SEQUENCE SET; Schema: sgrh; Owner: postgres
--

SELECT pg_catalog.setval('sgrh.seq_respuestaseva', 1, false);


--
-- TOC entry 4917 (class 0 OID 0)
-- Dependencies: 272
-- Name: seq_revplanesoperativos; Type: SEQUENCE SET; Schema: sgrh; Owner: postgres
--

SELECT pg_catalog.setval('sgrh.seq_revplanesoperativos', 1, false);


--
-- TOC entry 4918 (class 0 OID 0)
-- Dependencies: 273
-- Name: seq_rolempleado; Type: SEQUENCE SET; Schema: sgrh; Owner: postgres
--

SELECT pg_catalog.setval('sgrh.seq_rolempleado', 1, false);


--
-- TOC entry 4919 (class 0 OID 0)
-- Dependencies: 274
-- Name: seq_subfactoreseva; Type: SEQUENCE SET; Schema: sgrh; Owner: postgres
--

SELECT pg_catalog.setval('sgrh.seq_subfactoreseva', 1, false);


--
-- TOC entry 4920 (class 0 OID 0)
-- Dependencies: 275
-- Name: seq_tipocapacitacion; Type: SEQUENCE SET; Schema: sgrh; Owner: postgres
--

SELECT pg_catalog.setval('sgrh.seq_tipocapacitacion', 7, true);


--
-- TOC entry 4921 (class 0 OID 0)
-- Dependencies: 276
-- Name: seq_validaevaluaciones; Type: SEQUENCE SET; Schema: sgrh; Owner: postgres
--

SELECT pg_catalog.setval('sgrh.seq_validaevaluaciones', 1, false);


--
-- TOC entry 4922 (class 0 OID 0)
-- Dependencies: 315
-- Name: seq_agenda; Type: SEQUENCE SET; Schema: sgrt; Owner: postgres
--

SELECT pg_catalog.setval('sgrt.seq_agenda', 1, false);


--
-- TOC entry 4923 (class 0 OID 0)
-- Dependencies: 316
-- Name: seq_archivo; Type: SEQUENCE SET; Schema: sgrt; Owner: postgres
--

SELECT pg_catalog.setval('sgrt.seq_archivo', 1, false);


--
-- TOC entry 4924 (class 0 OID 0)
-- Dependencies: 317
-- Name: seq_asistente; Type: SEQUENCE SET; Schema: sgrt; Owner: postgres
--

SELECT pg_catalog.setval('sgrt.seq_asistente', 1, false);


--
-- TOC entry 4925 (class 0 OID 0)
-- Dependencies: 318
-- Name: seq_attach; Type: SEQUENCE SET; Schema: sgrt; Owner: postgres
--

SELECT pg_catalog.setval('sgrt.seq_attach', 1, false);


--
-- TOC entry 4926 (class 0 OID 0)
-- Dependencies: 319
-- Name: seq_categoriafaq; Type: SEQUENCE SET; Schema: sgrt; Owner: postgres
--

SELECT pg_catalog.setval('sgrt.seq_categoriafaq', 1, false);


--
-- TOC entry 4927 (class 0 OID 0)
-- Dependencies: 320
-- Name: seq_chat; Type: SEQUENCE SET; Schema: sgrt; Owner: postgres
--

SELECT pg_catalog.setval('sgrt.seq_chat', 1, false);


--
-- TOC entry 4928 (class 0 OID 0)
-- Dependencies: 321
-- Name: seq_ciudad; Type: SEQUENCE SET; Schema: sgrt; Owner: postgres
--

SELECT pg_catalog.setval('sgrt.seq_ciudad', 11, true);


--
-- TOC entry 4929 (class 0 OID 0)
-- Dependencies: 322
-- Name: seq_comentsagenda; Type: SEQUENCE SET; Schema: sgrt; Owner: postgres
--

SELECT pg_catalog.setval('sgrt.seq_comentsagenda', 1, false);


--
-- TOC entry 4930 (class 0 OID 0)
-- Dependencies: 323
-- Name: seq_comentsreunion; Type: SEQUENCE SET; Schema: sgrt; Owner: postgres
--

SELECT pg_catalog.setval('sgrt.seq_comentsreunion', 1, false);


--
-- TOC entry 4931 (class 0 OID 0)
-- Dependencies: 324
-- Name: seq_compromiso; Type: SEQUENCE SET; Schema: sgrt; Owner: postgres
--

SELECT pg_catalog.setval('sgrt.seq_compromiso', 1, false);


--
-- TOC entry 4932 (class 0 OID 0)
-- Dependencies: 325
-- Name: seq_contacto; Type: SEQUENCE SET; Schema: sgrt; Owner: postgres
--

SELECT pg_catalog.setval('sgrt.seq_contacto', 1, false);


--
-- TOC entry 4933 (class 0 OID 0)
-- Dependencies: 326
-- Name: seq_correo; Type: SEQUENCE SET; Schema: sgrt; Owner: postgres
--

SELECT pg_catalog.setval('sgrt.seq_correo', 1, false);


--
-- TOC entry 4934 (class 0 OID 0)
-- Dependencies: 327
-- Name: seq_depto; Type: SEQUENCE SET; Schema: sgrt; Owner: postgres
--

SELECT pg_catalog.setval('sgrt.seq_depto', 1, false);


--
-- TOC entry 4935 (class 0 OID 0)
-- Dependencies: 328
-- Name: seq_edoacuerdo; Type: SEQUENCE SET; Schema: sgrt; Owner: postgres
--

SELECT pg_catalog.setval('sgrt.seq_edoacuerdo', 1, false);


--
-- TOC entry 4936 (class 0 OID 0)
-- Dependencies: 329
-- Name: seq_elemento; Type: SEQUENCE SET; Schema: sgrt; Owner: postgres
--

SELECT pg_catalog.setval('sgrt.seq_elemento', 1, false);


--
-- TOC entry 4937 (class 0 OID 0)
-- Dependencies: 330
-- Name: seq_estadorep; Type: SEQUENCE SET; Schema: sgrt; Owner: postgres
--

SELECT pg_catalog.setval('sgrt.seq_estadorep', 4, true);


--
-- TOC entry 4938 (class 0 OID 0)
-- Dependencies: 331
-- Name: seq_faq; Type: SEQUENCE SET; Schema: sgrt; Owner: postgres
--

SELECT pg_catalog.setval('sgrt.seq_faq', 1, false);


--
-- TOC entry 4939 (class 0 OID 0)
-- Dependencies: 332
-- Name: seq_grupo; Type: SEQUENCE SET; Schema: sgrt; Owner: postgres
--

SELECT pg_catalog.setval('sgrt.seq_grupo', 1, false);


--
-- TOC entry 4940 (class 0 OID 0)
-- Dependencies: 333
-- Name: seq_invitado; Type: SEQUENCE SET; Schema: sgrt; Owner: postgres
--

SELECT pg_catalog.setval('sgrt.seq_invitado', 1, false);


--
-- TOC entry 4941 (class 0 OID 0)
-- Dependencies: 334
-- Name: seq_lugar; Type: SEQUENCE SET; Schema: sgrt; Owner: postgres
--

SELECT pg_catalog.setval('sgrt.seq_lugar', 4, true);


--
-- TOC entry 4942 (class 0 OID 0)
-- Dependencies: 335
-- Name: seq_mensaje; Type: SEQUENCE SET; Schema: sgrt; Owner: postgres
--

SELECT pg_catalog.setval('sgrt.seq_mensaje', 1, false);


--
-- TOC entry 4943 (class 0 OID 0)
-- Dependencies: 336
-- Name: seq_nota; Type: SEQUENCE SET; Schema: sgrt; Owner: postgres
--

SELECT pg_catalog.setval('sgrt.seq_nota', 1, false);


--
-- TOC entry 4944 (class 0 OID 0)
-- Dependencies: 337
-- Name: seq_plantillacorreo; Type: SEQUENCE SET; Schema: sgrt; Owner: postgres
--

SELECT pg_catalog.setval('sgrt.seq_plantillacorreo', 1, false);


--
-- TOC entry 4945 (class 0 OID 0)
-- Dependencies: 338
-- Name: seq_prioridad; Type: SEQUENCE SET; Schema: sgrt; Owner: postgres
--

SELECT pg_catalog.setval('sgrt.seq_prioridad', 1, false);


--
-- TOC entry 4946 (class 0 OID 0)
-- Dependencies: 339
-- Name: seq_resp; Type: SEQUENCE SET; Schema: sgrt; Owner: postgres
--

SELECT pg_catalog.setval('sgrt.seq_resp', 1, false);


--
-- TOC entry 4947 (class 0 OID 0)
-- Dependencies: 340
-- Name: seq_respuesta; Type: SEQUENCE SET; Schema: sgrt; Owner: postgres
--

SELECT pg_catalog.setval('sgrt.seq_respuesta', 1, false);


--
-- TOC entry 4948 (class 0 OID 0)
-- Dependencies: 341
-- Name: seq_respuestas_participantes; Type: SEQUENCE SET; Schema: sgrt; Owner: postgres
--

SELECT pg_catalog.setval('sgrt.seq_respuestas_participantes', 1, false);


--
-- TOC entry 4949 (class 0 OID 0)
-- Dependencies: 342
-- Name: seq_reunion; Type: SEQUENCE SET; Schema: sgrt; Owner: postgres
--

SELECT pg_catalog.setval('sgrt.seq_reunion', 1, false);


--
-- TOC entry 4950 (class 0 OID 0)
-- Dependencies: 343
-- Name: seq_servicio; Type: SEQUENCE SET; Schema: sgrt; Owner: postgres
--

SELECT pg_catalog.setval('sgrt.seq_servicio', 1, false);


--
-- TOC entry 4951 (class 0 OID 0)
-- Dependencies: 344
-- Name: seq_solicitud; Type: SEQUENCE SET; Schema: sgrt; Owner: postgres
--

SELECT pg_catalog.setval('sgrt.seq_solicitud', 1, false);


--
-- TOC entry 4952 (class 0 OID 0)
-- Dependencies: 345
-- Name: seq_ticket; Type: SEQUENCE SET; Schema: sgrt; Owner: postgres
--

SELECT pg_catalog.setval('sgrt.seq_ticket', 1, false);


--
-- TOC entry 4953 (class 0 OID 0)
-- Dependencies: 346
-- Name: seq_topico; Type: SEQUENCE SET; Schema: sgrt; Owner: postgres
--

SELECT pg_catalog.setval('sgrt.seq_topico', 1, false);


--
-- TOC entry 4954 (class 0 OID 0)
-- Dependencies: 378
-- Name: seq_aceptaciones; Type: SEQUENCE SET; Schema: sisat; Owner: suite
--

SELECT pg_catalog.setval('sisat.seq_aceptaciones', 1, false);


--
-- TOC entry 4955 (class 0 OID 0)
-- Dependencies: 379
-- Name: seq_asignaciones; Type: SEQUENCE SET; Schema: sisat; Owner: suite
--

SELECT pg_catalog.setval('sisat.seq_asignaciones', 1, false);


--
-- TOC entry 4956 (class 0 OID 0)
-- Dependencies: 380
-- Name: seq_candidatos; Type: SEQUENCE SET; Schema: sisat; Owner: suite
--

SELECT pg_catalog.setval('sisat.seq_candidatos', 1, false);


--
-- TOC entry 4957 (class 0 OID 0)
-- Dependencies: 381
-- Name: seq_cartaasignaciones; Type: SEQUENCE SET; Schema: sisat; Owner: suite
--

SELECT pg_catalog.setval('sisat.seq_cartaasignaciones', 1, false);


--
-- TOC entry 4958 (class 0 OID 0)
-- Dependencies: 382
-- Name: seq_cotizaciones; Type: SEQUENCE SET; Schema: sisat; Owner: suite
--

SELECT pg_catalog.setval('sisat.seq_cotizaciones', 1, false);


--
-- TOC entry 4959 (class 0 OID 0)
-- Dependencies: 383
-- Name: seq_cursos; Type: SEQUENCE SET; Schema: sisat; Owner: suite
--

SELECT pg_catalog.setval('sisat.seq_cursos', 1, false);


--
-- TOC entry 4960 (class 0 OID 0)
-- Dependencies: 384
-- Name: seq_entrevistas; Type: SEQUENCE SET; Schema: sisat; Owner: suite
--

SELECT pg_catalog.setval('sisat.seq_entrevistas', 1, false);


--
-- TOC entry 4961 (class 0 OID 0)
-- Dependencies: 385
-- Name: seq_envios; Type: SEQUENCE SET; Schema: sisat; Owner: suite
--

SELECT pg_catalog.setval('sisat.seq_envios', 1, false);


--
-- TOC entry 4962 (class 0 OID 0)
-- Dependencies: 386
-- Name: seq_escolaridad; Type: SEQUENCE SET; Schema: sisat; Owner: suite
--

SELECT pg_catalog.setval('sisat.seq_escolaridad', 1, false);


--
-- TOC entry 4963 (class 0 OID 0)
-- Dependencies: 387
-- Name: seq_experiencias; Type: SEQUENCE SET; Schema: sisat; Owner: suite
--

SELECT pg_catalog.setval('sisat.seq_experiencias', 1, false);


--
-- TOC entry 4964 (class 0 OID 0)
-- Dependencies: 388
-- Name: seq_firmas; Type: SEQUENCE SET; Schema: sisat; Owner: suite
--

SELECT pg_catalog.setval('sisat.seq_firmas', 1, false);


--
-- TOC entry 4965 (class 0 OID 0)
-- Dependencies: 389
-- Name: seq_habilidades; Type: SEQUENCE SET; Schema: sisat; Owner: suite
--

SELECT pg_catalog.setval('sisat.seq_habilidades', 1, false);


--
-- TOC entry 4966 (class 0 OID 0)
-- Dependencies: 390
-- Name: seq_idiomas; Type: SEQUENCE SET; Schema: sisat; Owner: suite
--

SELECT pg_catalog.setval('sisat.seq_idiomas', 1, false);


--
-- TOC entry 4967 (class 0 OID 0)
-- Dependencies: 391
-- Name: seq_ordenservicios; Type: SEQUENCE SET; Schema: sisat; Owner: suite
--

SELECT pg_catalog.setval('sisat.seq_ordenservicios', 1, false);


--
-- TOC entry 4968 (class 0 OID 0)
-- Dependencies: 392
-- Name: seq_prospectos; Type: SEQUENCE SET; Schema: sisat; Owner: suite
--

SELECT pg_catalog.setval('sisat.seq_prospectos', 1, false);


--
-- TOC entry 4969 (class 0 OID 0)
-- Dependencies: 393
-- Name: seq_proyectos; Type: SEQUENCE SET; Schema: sisat; Owner: suite
--

SELECT pg_catalog.setval('sisat.seq_proyectos', 1, false);


--
-- TOC entry 4970 (class 0 OID 0)
-- Dependencies: 394
-- Name: seq_vacantes; Type: SEQUENCE SET; Schema: sisat; Owner: suite
--

SELECT pg_catalog.setval('sisat.seq_vacantes', 1, false);


--
-- TOC entry 4971 (class 0 OID 0)
-- Dependencies: 412
-- Name: tsisatherramientas_cod_herramientas_seq; Type: SEQUENCE SET; Schema: sisat; Owner: postgres
--

SELECT pg_catalog.setval('sisat.tsisatherramientas_cod_herramientas_seq', 1, false);


--
-- TOC entry 3692 (class 2606 OID 47465)
-- Name: tsgcosistemas cod_agenda; Type: CONSTRAINT; Schema: sgco; Owner: postgres
--

ALTER TABLE ONLY sgco.tsgcosistemas
    ADD CONSTRAINT cod_agenda UNIQUE (cod_sistema);


--
-- TOC entry 3696 (class 2606 OID 47467)
-- Name: tsgcotipousuario cod_archivo; Type: CONSTRAINT; Schema: sgco; Owner: postgres
--

ALTER TABLE ONLY sgco.tsgcotipousuario
    ADD CONSTRAINT cod_archivo UNIQUE (cod_tipousuario);


--
-- TOC entry 3700 (class 2606 OID 47469)
-- Name: tsgcousuarios cod_asistente; Type: CONSTRAINT; Schema: sgco; Owner: postgres
--

ALTER TABLE ONLY sgco.tsgcousuarios
    ADD CONSTRAINT cod_asistente UNIQUE (cod_usuario);


--
-- TOC entry 3694 (class 2606 OID 47471)
-- Name: tsgcosistemas tsgcosistemas_pkey; Type: CONSTRAINT; Schema: sgco; Owner: postgres
--

ALTER TABLE ONLY sgco.tsgcosistemas
    ADD CONSTRAINT tsgcosistemas_pkey PRIMARY KEY (cod_sistema);


--
-- TOC entry 3698 (class 2606 OID 47473)
-- Name: tsgcotipousuario tsgcotipousuario_pkey; Type: CONSTRAINT; Schema: sgco; Owner: postgres
--

ALTER TABLE ONLY sgco.tsgcotipousuario
    ADD CONSTRAINT tsgcotipousuario_pkey PRIMARY KEY (cod_tipousuario);


--
-- TOC entry 3702 (class 2606 OID 47475)
-- Name: tsgcousuarios tsgcousuarios_pkey; Type: CONSTRAINT; Schema: sgco; Owner: postgres
--

ALTER TABLE ONLY sgco.tsgcousuarios
    ADD CONSTRAINT tsgcousuarios_pkey PRIMARY KEY (cod_usuario);


--
-- TOC entry 3716 (class 2606 OID 47477)
-- Name: tsgnomcatincidencia cat_incidencia_id; Type: CONSTRAINT; Schema: sgnom; Owner: suite
--

ALTER TABLE ONLY sgnom.tsgnomcatincidencia
    ADD CONSTRAINT cat_incidencia_id PRIMARY KEY (cod_catincidenciaid);


--
-- TOC entry 3704 (class 2606 OID 47479)
-- Name: tsgnomaguinaldo nom_aguinaldo_id; Type: CONSTRAINT; Schema: sgnom; Owner: suite
--

ALTER TABLE ONLY sgnom.tsgnomaguinaldo
    ADD CONSTRAINT nom_aguinaldo_id PRIMARY KEY (cod_aguinaldoid);


--
-- TOC entry 3708 (class 2606 OID 47481)
-- Name: tsgnombitacora nom_bitacora_id; Type: CONSTRAINT; Schema: sgnom; Owner: suite
--

ALTER TABLE ONLY sgnom.tsgnombitacora
    ADD CONSTRAINT nom_bitacora_id PRIMARY KEY (cod_bitacoraid);


--
-- TOC entry 3712 (class 2606 OID 47483)
-- Name: tsgnomcabeceraht nom_cabecera_copia_id; Type: CONSTRAINT; Schema: sgnom; Owner: suite
--

ALTER TABLE ONLY sgnom.tsgnomcabeceraht
    ADD CONSTRAINT nom_cabecera_copia_id PRIMARY KEY (cod_cabeceraid);


--
-- TOC entry 3710 (class 2606 OID 47485)
-- Name: tsgnomcabecera nom_cabecera_id; Type: CONSTRAINT; Schema: sgnom; Owner: suite
--

ALTER TABLE ONLY sgnom.tsgnomcabecera
    ADD CONSTRAINT nom_cabecera_id PRIMARY KEY (cod_cabeceraid);


--
-- TOC entry 3706 (class 2606 OID 47487)
-- Name: tsgnomargumento nom_cat_argumento_id; Type: CONSTRAINT; Schema: sgnom; Owner: suite
--

ALTER TABLE ONLY sgnom.tsgnomargumento
    ADD CONSTRAINT nom_cat_argumento_id PRIMARY KEY (cod_argumentoid);


--
-- TOC entry 3724 (class 2606 OID 47489)
-- Name: tsgnomconcepto nom_cat_concepto_id; Type: CONSTRAINT; Schema: sgnom; Owner: suite
--

ALTER TABLE ONLY sgnom.tsgnomconcepto
    ADD CONSTRAINT nom_cat_concepto_id PRIMARY KEY (cod_conceptoid);


--
-- TOC entry 3726 (class 2606 OID 47491)
-- Name: tsgnomconceptosat nom_cat_concepto_sat_id; Type: CONSTRAINT; Schema: sgnom; Owner: suite
--

ALTER TABLE ONLY sgnom.tsgnomconceptosat
    ADD CONSTRAINT nom_cat_concepto_sat_id PRIMARY KEY (cod_conceptosatid);


--
-- TOC entry 3730 (class 2606 OID 47493)
-- Name: tsgnomejercicio nom_cat_ejercicio_id; Type: CONSTRAINT; Schema: sgnom; Owner: suite
--

ALTER TABLE ONLY sgnom.tsgnomejercicio
    ADD CONSTRAINT nom_cat_ejercicio_id PRIMARY KEY (cod_ejercicioid);


--
-- TOC entry 3738 (class 2606 OID 47495)
-- Name: tsgnomestatusnom nom_cat_estatus_nomina_id; Type: CONSTRAINT; Schema: sgnom; Owner: suite
--

ALTER TABLE ONLY sgnom.tsgnomestatusnom
    ADD CONSTRAINT nom_cat_estatus_nomina_id PRIMARY KEY (cod_estatusnomid);


--
-- TOC entry 3740 (class 2606 OID 47497)
-- Name: tsgnomformula nom_cat_formula_id; Type: CONSTRAINT; Schema: sgnom; Owner: suite
--

ALTER TABLE ONLY sgnom.tsgnomformula
    ADD CONSTRAINT nom_cat_formula_id PRIMARY KEY (cod_formulaid);


--
-- TOC entry 3742 (class 2606 OID 47499)
-- Name: tsgnomfuncion nom_cat_funcion_id; Type: CONSTRAINT; Schema: sgnom; Owner: suite
--

ALTER TABLE ONLY sgnom.tsgnomfuncion
    ADD CONSTRAINT nom_cat_funcion_id PRIMARY KEY (cod_funcionid);


--
-- TOC entry 3750 (class 2606 OID 47501)
-- Name: tsgnomquincena nom_cat_quincena_id; Type: CONSTRAINT; Schema: sgnom; Owner: suite
--

ALTER TABLE ONLY sgnom.tsgnomquincena
    ADD CONSTRAINT nom_cat_quincena_id PRIMARY KEY (cod_quincenaid);


--
-- TOC entry 3744 (class 2606 OID 47503)
-- Name: tsgnomhisttabla nom_cat_tabla_id; Type: CONSTRAINT; Schema: sgnom; Owner: suite
--

ALTER TABLE ONLY sgnom.tsgnomhisttabla
    ADD CONSTRAINT nom_cat_tabla_id PRIMARY KEY (cod_tablaid);


--
-- TOC entry 3714 (class 2606 OID 47505)
-- Name: tsgnomcalculo nom_cat_tipo_calculo_id; Type: CONSTRAINT; Schema: sgnom; Owner: suite
--

ALTER TABLE ONLY sgnom.tsgnomcalculo
    ADD CONSTRAINT nom_cat_tipo_calculo_id PRIMARY KEY (cod_calculoid);


--
-- TOC entry 3718 (class 2606 OID 47507)
-- Name: tsgnomclasificador nom_cat_tipo_clasificador_id; Type: CONSTRAINT; Schema: sgnom; Owner: suite
--

ALTER TABLE ONLY sgnom.tsgnomclasificador
    ADD CONSTRAINT nom_cat_tipo_clasificador_id PRIMARY KEY (cod_clasificadorid);


--
-- TOC entry 3752 (class 2606 OID 47509)
-- Name: tsgnomtipoconcepto nom_cat_tipo_conepto_id; Type: CONSTRAINT; Schema: sgnom; Owner: suite
--

ALTER TABLE ONLY sgnom.tsgnomtipoconcepto
    ADD CONSTRAINT nom_cat_tipo_conepto_id PRIMARY KEY (cod_tipoconceptoid);


--
-- TOC entry 3754 (class 2606 OID 47511)
-- Name: tsgnomtiponomina nom_cat_tipo_nomina_id; Type: CONSTRAINT; Schema: sgnom; Owner: suite
--

ALTER TABLE ONLY sgnom.tsgnomtiponomina
    ADD CONSTRAINT nom_cat_tipo_nomina_id PRIMARY KEY (cod_tiponominaid);


--
-- TOC entry 3722 (class 2606 OID 47513)
-- Name: tsgnomcncptoquincht nom_conceptos_quincena_copia_id; Type: CONSTRAINT; Schema: sgnom; Owner: suite
--

ALTER TABLE ONLY sgnom.tsgnomcncptoquincht
    ADD CONSTRAINT nom_conceptos_quincena_copia_id PRIMARY KEY (cod_cncptoquinchtid);


--
-- TOC entry 3720 (class 2606 OID 47515)
-- Name: tsgnomcncptoquinc nom_conceptos_quincena_id; Type: CONSTRAINT; Schema: sgnom; Owner: suite
--

ALTER TABLE ONLY sgnom.tsgnomcncptoquinc
    ADD CONSTRAINT nom_conceptos_quincena_id PRIMARY KEY (cod_cncptoquincid);


--
-- TOC entry 3728 (class 2606 OID 47517)
-- Name: tsgnomconfpago nom_conf_pago_pkey; Type: CONSTRAINT; Schema: sgnom; Owner: suite
--

ALTER TABLE ONLY sgnom.tsgnomconfpago
    ADD CONSTRAINT nom_conf_pago_pkey PRIMARY KEY (cod_confpagoid);


--
-- TOC entry 3732 (class 2606 OID 47519)
-- Name: tsgnomempleados nom_empleado_id; Type: CONSTRAINT; Schema: sgnom; Owner: suite
--

ALTER TABLE ONLY sgnom.tsgnomempleados
    ADD CONSTRAINT nom_empleado_id PRIMARY KEY (cod_empleadoid);


--
-- TOC entry 3736 (class 2606 OID 47521)
-- Name: tsgnomempquincenaht nom_empleado_quincena_copia_id; Type: CONSTRAINT; Schema: sgnom; Owner: suite
--

ALTER TABLE ONLY sgnom.tsgnomempquincenaht
    ADD CONSTRAINT nom_empleado_quincena_copia_id PRIMARY KEY (cod_empquincenahtid);


--
-- TOC entry 3734 (class 2606 OID 47523)
-- Name: tsgnomempquincena nom_empleado_quincena_id; Type: CONSTRAINT; Schema: sgnom; Owner: suite
--

ALTER TABLE ONLY sgnom.tsgnomempquincena
    ADD CONSTRAINT nom_empleado_quincena_id PRIMARY KEY (cod_empquincenaid);


--
-- TOC entry 3746 (class 2606 OID 47525)
-- Name: tsgnomincidencia nom_incidencia_id; Type: CONSTRAINT; Schema: sgnom; Owner: suite
--

ALTER TABLE ONLY sgnom.tsgnomincidencia
    ADD CONSTRAINT nom_incidencia_id PRIMARY KEY (cod_incidenciaid);


--
-- TOC entry 3748 (class 2606 OID 47527)
-- Name: tsgnommanterceros nom_manuales_terceros_pkey; Type: CONSTRAINT; Schema: sgnom; Owner: suite
--

ALTER TABLE ONLY sgnom.tsgnommanterceros
    ADD CONSTRAINT nom_manuales_terceros_pkey PRIMARY KEY (cod_mantercerosid);


--
-- TOC entry 3764 (class 2606 OID 47529)
-- Name: tsgrhcatrespuestas catrespuestas_pkey; Type: CONSTRAINT; Schema: sgrh; Owner: postgres
--

ALTER TABLE ONLY sgrh.tsgrhcatrespuestas
    ADD CONSTRAINT catrespuestas_pkey PRIMARY KEY (cod_catrespuesta);


--
-- TOC entry 3802 (class 2606 OID 47531)
-- Name: tsgrhmodo cod_capacitacion_pk; Type: CONSTRAINT; Schema: sgrh; Owner: postgres
--

ALTER TABLE ONLY sgrh.tsgrhmodo
    ADD CONSTRAINT cod_capacitacion_pk PRIMARY KEY (cod_modo);


--
-- TOC entry 3782 (class 2606 OID 47533)
-- Name: tsgrhestatuscapacitacion cod_estatus_pk; Type: CONSTRAINT; Schema: sgrh; Owner: postgres
--

ALTER TABLE ONLY sgrh.tsgrhestatuscapacitacion
    ADD CONSTRAINT cod_estatus_pk PRIMARY KEY (cod_estatus);


--
-- TOC entry 3800 (class 2606 OID 47535)
-- Name: tsgrhlugares cod_lugar_pk; Type: CONSTRAINT; Schema: sgrh; Owner: postgres
--

ALTER TABLE ONLY sgrh.tsgrhlugares
    ADD CONSTRAINT cod_lugar_pk PRIMARY KEY (cod_lugar);


--
-- TOC entry 3814 (class 2606 OID 47537)
-- Name: tsgrhprocesos cod_procesos_pk; Type: CONSTRAINT; Schema: sgrh; Owner: postgres
--

ALTER TABLE ONLY sgrh.tsgrhprocesos
    ADD CONSTRAINT cod_procesos_pk PRIMARY KEY (cod_proceso);


--
-- TOC entry 3816 (class 2606 OID 47539)
-- Name: tsgrhproveedores cod_proveedor_pk; Type: CONSTRAINT; Schema: sgrh; Owner: postgres
--

ALTER TABLE ONLY sgrh.tsgrhproveedores
    ADD CONSTRAINT cod_proveedor_pk PRIMARY KEY (cod_proveedor);


--
-- TOC entry 3820 (class 2606 OID 47541)
-- Name: tsgrhrelacionroles cod_relacion_pk; Type: CONSTRAINT; Schema: sgrh; Owner: postgres
--

ALTER TABLE ONLY sgrh.tsgrhrelacionroles
    ADD CONSTRAINT cod_relacion_pk PRIMARY KEY (cod_plancapacitacion, cod_rolempleado);


--
-- TOC entry 3828 (class 2606 OID 47543)
-- Name: tsgrhrolempleado cod_rolempleado_pk; Type: CONSTRAINT; Schema: sgrh; Owner: postgres
--

ALTER TABLE ONLY sgrh.tsgrhrolempleado
    ADD CONSTRAINT cod_rolempleado_pk PRIMARY KEY (cod_rolempleado);


--
-- TOC entry 3832 (class 2606 OID 47545)
-- Name: tsgrhtipocapacitacion cod_tipocapacitacion_pk; Type: CONSTRAINT; Schema: sgrh; Owner: postgres
--

ALTER TABLE ONLY sgrh.tsgrhtipocapacitacion
    ADD CONSTRAINT cod_tipocapacitacion_pk PRIMARY KEY (cod_tipocapacitacion);


--
-- TOC entry 3758 (class 2606 OID 47547)
-- Name: tsgrhasignacionesemp pk_cod_asignacion_asignacionesempleados; Type: CONSTRAINT; Schema: sgrh; Owner: postgres
--

ALTER TABLE ONLY sgrh.tsgrhasignacionesemp
    ADD CONSTRAINT pk_cod_asignacion_asignacionesempleados PRIMARY KEY (cod_asignacion);


--
-- TOC entry 3784 (class 2606 OID 47549)
-- Name: tsgrhevacapacitacion pk_cod_evaluacioncap_evacapacitacionesemp; Type: CONSTRAINT; Schema: sgrh; Owner: postgres
--

ALTER TABLE ONLY sgrh.tsgrhevacapacitacion
    ADD CONSTRAINT pk_cod_evaluacioncap_evacapacitacionesemp PRIMARY KEY (cod_evacapacitacion);


--
-- TOC entry 3756 (class 2606 OID 47551)
-- Name: tsgrhareas tsgrhareas_pkey; Type: CONSTRAINT; Schema: sgrh; Owner: postgres
--

ALTER TABLE ONLY sgrh.tsgrhareas
    ADD CONSTRAINT tsgrhareas_pkey PRIMARY KEY (cod_area);


--
-- TOC entry 3760 (class 2606 OID 47553)
-- Name: tsgrhcapacitaciones tsgrhcapacitaciones_pkey; Type: CONSTRAINT; Schema: sgrh; Owner: postgres
--

ALTER TABLE ONLY sgrh.tsgrhcapacitaciones
    ADD CONSTRAINT tsgrhcapacitaciones_pkey PRIMARY KEY (cod_capacitacion);


--
-- TOC entry 3762 (class 2606 OID 47555)
-- Name: tsgrhcartaasignacion tsgrhcartaasignacion_pkey; Type: CONSTRAINT; Schema: sgrh; Owner: postgres
--

ALTER TABLE ONLY sgrh.tsgrhcartaasignacion
    ADD CONSTRAINT tsgrhcartaasignacion_pkey PRIMARY KEY (cod_asignacion);


--
-- TOC entry 3766 (class 2606 OID 47557)
-- Name: tsgrhclientes tsgrhclientes_des_correocte_key; Type: CONSTRAINT; Schema: sgrh; Owner: postgres
--

ALTER TABLE ONLY sgrh.tsgrhclientes
    ADD CONSTRAINT tsgrhclientes_des_correocte_key UNIQUE (des_correocte);


--
-- TOC entry 3768 (class 2606 OID 47559)
-- Name: tsgrhclientes tsgrhclientes_pkey; Type: CONSTRAINT; Schema: sgrh; Owner: postgres
--

ALTER TABLE ONLY sgrh.tsgrhclientes
    ADD CONSTRAINT tsgrhclientes_pkey PRIMARY KEY (cod_cliente);


--
-- TOC entry 3770 (class 2606 OID 47561)
-- Name: tsgrhcontrataciones tsgrhcontrataciones_pkey; Type: CONSTRAINT; Schema: sgrh; Owner: postgres
--

ALTER TABLE ONLY sgrh.tsgrhcontrataciones
    ADD CONSTRAINT tsgrhcontrataciones_pkey PRIMARY KEY (cod_contratacion);


--
-- TOC entry 3772 (class 2606 OID 47563)
-- Name: tsgrhcontratos tsgrhcontratos_pkey; Type: CONSTRAINT; Schema: sgrh; Owner: postgres
--

ALTER TABLE ONLY sgrh.tsgrhcontratos
    ADD CONSTRAINT tsgrhcontratos_pkey PRIMARY KEY (cod_contrato);


--
-- TOC entry 3774 (class 2606 OID 47565)
-- Name: tsgrhempleados tsgrhempleados_pkey; Type: CONSTRAINT; Schema: sgrh; Owner: postgres
--

ALTER TABLE ONLY sgrh.tsgrhempleados
    ADD CONSTRAINT tsgrhempleados_pkey PRIMARY KEY (cod_empleado);


--
-- TOC entry 3778 (class 2606 OID 47567)
-- Name: tsgrhencuesta_participantes tsgrhencuesta_participantes_pkey; Type: CONSTRAINT; Schema: sgrh; Owner: postgres
--

ALTER TABLE ONLY sgrh.tsgrhencuesta_participantes
    ADD CONSTRAINT tsgrhencuesta_participantes_pkey PRIMARY KEY (cod_participantenc);


--
-- TOC entry 3776 (class 2606 OID 47569)
-- Name: tsgrhencuesta tsgrhencuesta_pkey; Type: CONSTRAINT; Schema: sgrh; Owner: postgres
--

ALTER TABLE ONLY sgrh.tsgrhencuesta
    ADD CONSTRAINT tsgrhencuesta_pkey PRIMARY KEY (cod_encuesta);


--
-- TOC entry 3780 (class 2606 OID 47571)
-- Name: tsgrhescolaridad tsgrhescolaridad_pkey; Type: CONSTRAINT; Schema: sgrh; Owner: postgres
--

ALTER TABLE ONLY sgrh.tsgrhescolaridad
    ADD CONSTRAINT tsgrhescolaridad_pkey PRIMARY KEY (cod_escolaridad);


--
-- TOC entry 3786 (class 2606 OID 47573)
-- Name: tsgrhevacontestadas tsgrhevacontestadas_pkey; Type: CONSTRAINT; Schema: sgrh; Owner: postgres
--

ALTER TABLE ONLY sgrh.tsgrhevacontestadas
    ADD CONSTRAINT tsgrhevacontestadas_pkey PRIMARY KEY (cod_evacontestada);


--
-- TOC entry 3788 (class 2606 OID 47575)
-- Name: tsgrhevaluaciones tsgrhevaluaciones_pkey; Type: CONSTRAINT; Schema: sgrh; Owner: postgres
--

ALTER TABLE ONLY sgrh.tsgrhevaluaciones
    ADD CONSTRAINT tsgrhevaluaciones_pkey PRIMARY KEY (cod_evaluacion);


--
-- TOC entry 3790 (class 2606 OID 47577)
-- Name: tsgrhexperienciaslaborales tsgrhexperienciaslaborales_pkey; Type: CONSTRAINT; Schema: sgrh; Owner: postgres
--

ALTER TABLE ONLY sgrh.tsgrhexperienciaslaborales
    ADD CONSTRAINT tsgrhexperienciaslaborales_pkey PRIMARY KEY (cod_experiencia);


--
-- TOC entry 3792 (class 2606 OID 47579)
-- Name: tsgrhfactoreseva tsgrhfactoreseva_pkey; Type: CONSTRAINT; Schema: sgrh; Owner: postgres
--

ALTER TABLE ONLY sgrh.tsgrhfactoreseva
    ADD CONSTRAINT tsgrhfactoreseva_pkey PRIMARY KEY (cod_factor);


--
-- TOC entry 3794 (class 2606 OID 47581)
-- Name: tsgrhidiomas tsgrhidiomas_pkey; Type: CONSTRAINT; Schema: sgrh; Owner: postgres
--

ALTER TABLE ONLY sgrh.tsgrhidiomas
    ADD CONSTRAINT tsgrhidiomas_pkey PRIMARY KEY (cod_idioma);


--
-- TOC entry 3804 (class 2606 OID 47583)
-- Name: tsgrhperfiles tsgrhperfiles_pkey; Type: CONSTRAINT; Schema: sgrh; Owner: postgres
--

ALTER TABLE ONLY sgrh.tsgrhperfiles
    ADD CONSTRAINT tsgrhperfiles_pkey PRIMARY KEY (cod_perfil);


--
-- TOC entry 3806 (class 2606 OID 47585)
-- Name: tsgrhplancapacitacion tsgrhplancapacitacion_pkey; Type: CONSTRAINT; Schema: sgrh; Owner: postgres
--

ALTER TABLE ONLY sgrh.tsgrhplancapacitacion
    ADD CONSTRAINT tsgrhplancapacitacion_pkey PRIMARY KEY (cod_plancapacitacion);


--
-- TOC entry 3808 (class 2606 OID 47587)
-- Name: tsgrhplanoperativo tsgrhplanoperativo_pkey; Type: CONSTRAINT; Schema: sgrh; Owner: postgres
--

ALTER TABLE ONLY sgrh.tsgrhplanoperativo
    ADD CONSTRAINT tsgrhplanoperativo_pkey PRIMARY KEY (cod_planoperativo);


--
-- TOC entry 3810 (class 2606 OID 47589)
-- Name: tsgrhpreguntasenc tsgrhpreguntasenc_pkey; Type: CONSTRAINT; Schema: sgrh; Owner: postgres
--

ALTER TABLE ONLY sgrh.tsgrhpreguntasenc
    ADD CONSTRAINT tsgrhpreguntasenc_pkey PRIMARY KEY (cod_pregunta);


--
-- TOC entry 3812 (class 2606 OID 47591)
-- Name: tsgrhpreguntaseva tsgrhpreguntaseva_pkey; Type: CONSTRAINT; Schema: sgrh; Owner: postgres
--

ALTER TABLE ONLY sgrh.tsgrhpreguntaseva
    ADD CONSTRAINT tsgrhpreguntaseva_pkey PRIMARY KEY (cod_pregunta);


--
-- TOC entry 3818 (class 2606 OID 47593)
-- Name: tsgrhpuestos tsgrhpuestos_pkey; Type: CONSTRAINT; Schema: sgrh; Owner: postgres
--

ALTER TABLE ONLY sgrh.tsgrhpuestos
    ADD CONSTRAINT tsgrhpuestos_pkey PRIMARY KEY (cod_puesto);


--
-- TOC entry 3796 (class 2606 OID 47595)
-- Name: tsgrhlogistica tsgrhreglogistica_cod_capacitacion_key; Type: CONSTRAINT; Schema: sgrh; Owner: postgres
--

ALTER TABLE ONLY sgrh.tsgrhlogistica
    ADD CONSTRAINT tsgrhreglogistica_cod_capacitacion_key UNIQUE (cod_capacitacion);


--
-- TOC entry 3798 (class 2606 OID 47597)
-- Name: tsgrhlogistica tsgrhreglogistica_pkey; Type: CONSTRAINT; Schema: sgrh; Owner: postgres
--

ALTER TABLE ONLY sgrh.tsgrhlogistica
    ADD CONSTRAINT tsgrhreglogistica_pkey PRIMARY KEY (cod_logistica);


--
-- TOC entry 3822 (class 2606 OID 47599)
-- Name: tsgrhrespuestasenc tsgrhrespuestasenc_pkey; Type: CONSTRAINT; Schema: sgrh; Owner: postgres
--

ALTER TABLE ONLY sgrh.tsgrhrespuestasenc
    ADD CONSTRAINT tsgrhrespuestasenc_pkey PRIMARY KEY (cod_respuesta);


--
-- TOC entry 3824 (class 2606 OID 47601)
-- Name: tsgrhrespuestaseva tsgrhrespuestaseva_pkey; Type: CONSTRAINT; Schema: sgrh; Owner: postgres
--

ALTER TABLE ONLY sgrh.tsgrhrespuestaseva
    ADD CONSTRAINT tsgrhrespuestaseva_pkey PRIMARY KEY (cod_respuesta);


--
-- TOC entry 3826 (class 2606 OID 47603)
-- Name: tsgrhrevplanoperativo tsgrhrevplanoperativo_pkey; Type: CONSTRAINT; Schema: sgrh; Owner: postgres
--

ALTER TABLE ONLY sgrh.tsgrhrevplanoperativo
    ADD CONSTRAINT tsgrhrevplanoperativo_pkey PRIMARY KEY (cod_revplanoperativo);


--
-- TOC entry 3830 (class 2606 OID 47605)
-- Name: tsgrhsubfactoreseva tsgrhsubfactoreseva_pkey; Type: CONSTRAINT; Schema: sgrh; Owner: postgres
--

ALTER TABLE ONLY sgrh.tsgrhsubfactoreseva
    ADD CONSTRAINT tsgrhsubfactoreseva_pkey PRIMARY KEY (cod_subfactor);


--
-- TOC entry 3834 (class 2606 OID 47607)
-- Name: tsgrhvalidaevaluaciondes tsgrhvalidaevaluaciondes_pkey; Type: CONSTRAINT; Schema: sgrh; Owner: postgres
--

ALTER TABLE ONLY sgrh.tsgrhvalidaevaluaciondes
    ADD CONSTRAINT tsgrhvalidaevaluaciondes_pkey PRIMARY KEY (cod_validacion);


--
-- TOC entry 3836 (class 2606 OID 47609)
-- Name: tsgrtagenda cod_agenda; Type: CONSTRAINT; Schema: sgrt; Owner: postgres
--

ALTER TABLE ONLY sgrt.tsgrtagenda
    ADD CONSTRAINT cod_agenda UNIQUE (cod_agenda);


--
-- TOC entry 3840 (class 2606 OID 47611)
-- Name: tsgrtarchivos cod_archivo; Type: CONSTRAINT; Schema: sgrt; Owner: postgres
--

ALTER TABLE ONLY sgrt.tsgrtarchivos
    ADD CONSTRAINT cod_archivo UNIQUE (cod_archivo);


--
-- TOC entry 3846 (class 2606 OID 47613)
-- Name: tsgrtasistentes cod_asistente; Type: CONSTRAINT; Schema: sgrt; Owner: postgres
--

ALTER TABLE ONLY sgrt.tsgrtasistentes
    ADD CONSTRAINT cod_asistente UNIQUE (cod_asistente);


--
-- TOC entry 3850 (class 2606 OID 47615)
-- Name: tsgrtattchticket cod_attach; Type: CONSTRAINT; Schema: sgrt; Owner: postgres
--

ALTER TABLE ONLY sgrt.tsgrtattchticket
    ADD CONSTRAINT cod_attach UNIQUE (cod_attach);


--
-- TOC entry 3911 (class 2606 OID 47617)
-- Name: tsgrtfaq cod_categofaq; Type: CONSTRAINT; Schema: sgrt; Owner: postgres
--

ALTER TABLE ONLY sgrt.tsgrtfaq
    ADD CONSTRAINT cod_categofaq UNIQUE (cod_categoriafaq);


--
-- TOC entry 3862 (class 2606 OID 47619)
-- Name: tsgrtcategoriafaq cod_categoriafaq; Type: CONSTRAINT; Schema: sgrt; Owner: postgres
--

ALTER TABLE ONLY sgrt.tsgrtcategoriafaq
    ADD CONSTRAINT cod_categoriafaq UNIQUE (cod_categoriafaq);


--
-- TOC entry 3870 (class 2606 OID 47621)
-- Name: tsgrtcomentariosagenda cod_comentsagenda; Type: CONSTRAINT; Schema: sgrt; Owner: postgres
--

ALTER TABLE ONLY sgrt.tsgrtcomentariosagenda
    ADD CONSTRAINT cod_comentsagenda UNIQUE (cod_comentsagenda);


--
-- TOC entry 3883 (class 2606 OID 47623)
-- Name: tsgrtcorreo cod_correo; Type: CONSTRAINT; Schema: sgrt; Owner: postgres
--

ALTER TABLE ONLY sgrt.tsgrtcorreo
    ADD CONSTRAINT cod_correo UNIQUE (cod_correo);


--
-- TOC entry 3889 (class 2606 OID 47625)
-- Name: tsgrtdatossolicitud cod_datosolicitud; Type: CONSTRAINT; Schema: sgrt; Owner: postgres
--

ALTER TABLE ONLY sgrt.tsgrtdatossolicitud
    ADD CONSTRAINT cod_datosolicitud UNIQUE (cod_datosolicitud);


--
-- TOC entry 3893 (class 2606 OID 47627)
-- Name: tsgrtdepartamento cod_depto; Type: CONSTRAINT; Schema: sgrt; Owner: postgres
--

ALTER TABLE ONLY sgrt.tsgrtdepartamento
    ADD CONSTRAINT cod_depto UNIQUE (cod_depto);


--
-- TOC entry 3970 (class 2606 OID 47629)
-- Name: tsgrtticket cod_deptoticket; Type: CONSTRAINT; Schema: sgrt; Owner: postgres
--

ALTER TABLE ONLY sgrt.tsgrtticket
    ADD CONSTRAINT cod_deptoticket UNIQUE (cod_depto);


--
-- TOC entry 3899 (class 2606 OID 47631)
-- Name: tsgrtedosolicitudes cod_edosolicitud; Type: CONSTRAINT; Schema: sgrt; Owner: postgres
--

ALTER TABLE ONLY sgrt.tsgrtedosolicitudes
    ADD CONSTRAINT cod_edosolicitud UNIQUE (cod_edosolicitud);


--
-- TOC entry 3903 (class 2606 OID 47633)
-- Name: tsgrtelementos cod_elemento; Type: CONSTRAINT; Schema: sgrt; Owner: postgres
--

ALTER TABLE ONLY sgrt.tsgrtelementos
    ADD CONSTRAINT cod_elemento UNIQUE (cod_elemento);


--
-- TOC entry 3972 (class 2606 OID 47635)
-- Name: tsgrtticket cod_empleado; Type: CONSTRAINT; Schema: sgrt; Owner: postgres
--

ALTER TABLE ONLY sgrt.tsgrtticket
    ADD CONSTRAINT cod_empleado UNIQUE (cod_empleado);


--
-- TOC entry 3907 (class 2606 OID 47637)
-- Name: tsgrtestados cod_estadorep; Type: CONSTRAINT; Schema: sgrt; Owner: postgres
--

ALTER TABLE ONLY sgrt.tsgrtestados
    ADD CONSTRAINT cod_estadorep UNIQUE (cod_estadorep);


--
-- TOC entry 3913 (class 2606 OID 47639)
-- Name: tsgrtfaq cod_faq; Type: CONSTRAINT; Schema: sgrt; Owner: postgres
--

ALTER TABLE ONLY sgrt.tsgrtfaq
    ADD CONSTRAINT cod_faq UNIQUE (cod_faq);


--
-- TOC entry 3917 (class 2606 OID 47641)
-- Name: tsgrtgrupo cod_grupo; Type: CONSTRAINT; Schema: sgrt; Owner: postgres
--

ALTER TABLE ONLY sgrt.tsgrtgrupo
    ADD CONSTRAINT cod_grupo UNIQUE (cod_grupo);


--
-- TOC entry 3921 (class 2606 OID 47643)
-- Name: tsgrtinvitados cod_invitado; Type: CONSTRAINT; Schema: sgrt; Owner: postgres
--

ALTER TABLE ONLY sgrt.tsgrtinvitados
    ADD CONSTRAINT cod_invitado UNIQUE (cod_invitado);


--
-- TOC entry 3926 (class 2606 OID 47645)
-- Name: tsgrtlugares cod_lugar; Type: CONSTRAINT; Schema: sgrt; Owner: postgres
--

ALTER TABLE ONLY sgrt.tsgrtlugares
    ADD CONSTRAINT cod_lugar UNIQUE (cod_lugar);


--
-- TOC entry 3930 (class 2606 OID 47647)
-- Name: tsgrtmsjticket cod_mensaje; Type: CONSTRAINT; Schema: sgrt; Owner: postgres
--

ALTER TABLE ONLY sgrt.tsgrtmsjticket
    ADD CONSTRAINT cod_mensaje UNIQUE (cod_mensaje);


--
-- TOC entry 3934 (class 2606 OID 47649)
-- Name: tsgrtnota cod_nota; Type: CONSTRAINT; Schema: sgrt; Owner: postgres
--

ALTER TABLE ONLY sgrt.tsgrtnota
    ADD CONSTRAINT cod_nota UNIQUE (cod_nota);


--
-- TOC entry 3938 (class 2606 OID 47651)
-- Name: tsgrtplantillacorreos cod_plantillacorreo; Type: CONSTRAINT; Schema: sgrt; Owner: postgres
--

ALTER TABLE ONLY sgrt.tsgrtplantillacorreos
    ADD CONSTRAINT cod_plantillacorreo UNIQUE (cod_plantillacorreo);


--
-- TOC entry 3942 (class 2606 OID 47653)
-- Name: tsgrtprioridad cod_prioridad; Type: CONSTRAINT; Schema: sgrt; Owner: postgres
--

ALTER TABLE ONLY sgrt.tsgrtprioridad
    ADD CONSTRAINT cod_prioridad UNIQUE (cod_prioridad);


--
-- TOC entry 3954 (class 2606 OID 47655)
-- Name: tsgrtrespuesta cod_respuesta; Type: CONSTRAINT; Schema: sgrt; Owner: postgres
--

ALTER TABLE ONLY sgrt.tsgrtrespuesta
    ADD CONSTRAINT cod_respuesta UNIQUE (cod_respuesta);


--
-- TOC entry 3948 (class 2606 OID 47657)
-- Name: tsgrtresppredefinida cod_respuestapredf; Type: CONSTRAINT; Schema: sgrt; Owner: postgres
--

ALTER TABLE ONLY sgrt.tsgrtresppredefinida
    ADD CONSTRAINT cod_respuestapredf UNIQUE (cod_respuesta);


--
-- TOC entry 3842 (class 2606 OID 47659)
-- Name: tsgrtarchivos cod_reunionarchivos; Type: CONSTRAINT; Schema: sgrt; Owner: postgres
--

ALTER TABLE ONLY sgrt.tsgrtarchivos
    ADD CONSTRAINT cod_reunionarchivos UNIQUE (cod_reunion);


--
-- TOC entry 3958 (class 2606 OID 47661)
-- Name: tsgrtreuniones cod_reuniones; Type: CONSTRAINT; Schema: sgrt; Owner: postgres
--

ALTER TABLE ONLY sgrt.tsgrtreuniones
    ADD CONSTRAINT cod_reuniones UNIQUE (cod_reunion);


--
-- TOC entry 3962 (class 2606 OID 47663)
-- Name: tsgrtservicios cod_servicio; Type: CONSTRAINT; Schema: sgrt; Owner: postgres
--

ALTER TABLE ONLY sgrt.tsgrtservicios
    ADD CONSTRAINT cod_servicio UNIQUE (cod_servicio);


--
-- TOC entry 3966 (class 2606 OID 47665)
-- Name: tsgrtsolicitudservicios cod_solicitud; Type: CONSTRAINT; Schema: sgrt; Owner: postgres
--

ALTER TABLE ONLY sgrt.tsgrtsolicitudservicios
    ADD CONSTRAINT cod_solicitud UNIQUE (cod_solicitud);


--
-- TOC entry 3974 (class 2606 OID 47667)
-- Name: tsgrtticket cod_ticket; Type: CONSTRAINT; Schema: sgrt; Owner: postgres
--

ALTER TABLE ONLY sgrt.tsgrtticket
    ADD CONSTRAINT cod_ticket UNIQUE (cod_ticket);


--
-- TOC entry 3852 (class 2606 OID 47669)
-- Name: tsgrtattchticket cod_ticketattach; Type: CONSTRAINT; Schema: sgrt; Owner: postgres
--

ALTER TABLE ONLY sgrt.tsgrtattchticket
    ADD CONSTRAINT cod_ticketattach UNIQUE (cod_ticket);


--
-- TOC entry 3856 (class 2606 OID 47671)
-- Name: tsgrtayudatopico cod_topico; Type: CONSTRAINT; Schema: sgrt; Owner: postgres
--

ALTER TABLE ONLY sgrt.tsgrtayudatopico
    ADD CONSTRAINT cod_topico UNIQUE (cod_topico);


--
-- TOC entry 3838 (class 2606 OID 47673)
-- Name: tsgrtagenda tsgrtagenda_pkey; Type: CONSTRAINT; Schema: sgrt; Owner: postgres
--

ALTER TABLE ONLY sgrt.tsgrtagenda
    ADD CONSTRAINT tsgrtagenda_pkey PRIMARY KEY (cod_agenda);


--
-- TOC entry 3844 (class 2606 OID 47675)
-- Name: tsgrtarchivos tsgrtarchivos_pkey; Type: CONSTRAINT; Schema: sgrt; Owner: postgres
--

ALTER TABLE ONLY sgrt.tsgrtarchivos
    ADD CONSTRAINT tsgrtarchivos_pkey PRIMARY KEY (cod_archivo);


--
-- TOC entry 3848 (class 2606 OID 47677)
-- Name: tsgrtasistentes tsgrtasistentes_pkey; Type: CONSTRAINT; Schema: sgrt; Owner: postgres
--

ALTER TABLE ONLY sgrt.tsgrtasistentes
    ADD CONSTRAINT tsgrtasistentes_pkey PRIMARY KEY (cod_asistente);


--
-- TOC entry 3854 (class 2606 OID 47679)
-- Name: tsgrtattchticket tsgrtattchticket_pkey; Type: CONSTRAINT; Schema: sgrt; Owner: postgres
--

ALTER TABLE ONLY sgrt.tsgrtattchticket
    ADD CONSTRAINT tsgrtattchticket_pkey PRIMARY KEY (cod_attach);


--
-- TOC entry 3858 (class 2606 OID 47681)
-- Name: tsgrtayudatopico tsgrtayudatopico_des_topico_key; Type: CONSTRAINT; Schema: sgrt; Owner: postgres
--

ALTER TABLE ONLY sgrt.tsgrtayudatopico
    ADD CONSTRAINT tsgrtayudatopico_des_topico_key UNIQUE (des_topico);


--
-- TOC entry 3860 (class 2606 OID 47683)
-- Name: tsgrtayudatopico tsgrtayudatopico_pkey; Type: CONSTRAINT; Schema: sgrt; Owner: postgres
--

ALTER TABLE ONLY sgrt.tsgrtayudatopico
    ADD CONSTRAINT tsgrtayudatopico_pkey PRIMARY KEY (cod_topico);


--
-- TOC entry 3864 (class 2606 OID 47685)
-- Name: tsgrtcategoriafaq tsgrtcategoriafaq_pkey; Type: CONSTRAINT; Schema: sgrt; Owner: postgres
--

ALTER TABLE ONLY sgrt.tsgrtcategoriafaq
    ADD CONSTRAINT tsgrtcategoriafaq_pkey PRIMARY KEY (cod_categoriafaq);


--
-- TOC entry 3866 (class 2606 OID 47687)
-- Name: tsgrtchat tsgrtchat_pkey; Type: CONSTRAINT; Schema: sgrt; Owner: postgres
--

ALTER TABLE ONLY sgrt.tsgrtchat
    ADD CONSTRAINT tsgrtchat_pkey PRIMARY KEY (cod_chat);


--
-- TOC entry 3868 (class 2606 OID 47689)
-- Name: tsgrtciudades tsgrtciudades_pkey; Type: CONSTRAINT; Schema: sgrt; Owner: postgres
--

ALTER TABLE ONLY sgrt.tsgrtciudades
    ADD CONSTRAINT tsgrtciudades_pkey PRIMARY KEY (cod_ciudad);


--
-- TOC entry 3873 (class 2606 OID 47691)
-- Name: tsgrtcomentariosagenda tsgrtcomentariosagenda_pkey; Type: CONSTRAINT; Schema: sgrt; Owner: postgres
--

ALTER TABLE ONLY sgrt.tsgrtcomentariosagenda
    ADD CONSTRAINT tsgrtcomentariosagenda_pkey PRIMARY KEY (cod_comentsagenda);


--
-- TOC entry 3876 (class 2606 OID 47693)
-- Name: tsgrtcomentariosreunion tsgrtcomentariosreunion_pkey; Type: CONSTRAINT; Schema: sgrt; Owner: postgres
--

ALTER TABLE ONLY sgrt.tsgrtcomentariosreunion
    ADD CONSTRAINT tsgrtcomentariosreunion_pkey PRIMARY KEY (cod_commentsreunion);


--
-- TOC entry 3879 (class 2606 OID 47695)
-- Name: tsgrtcompromisos tsgrtcompromisos_pkey; Type: CONSTRAINT; Schema: sgrt; Owner: postgres
--

ALTER TABLE ONLY sgrt.tsgrtcompromisos
    ADD CONSTRAINT tsgrtcompromisos_pkey PRIMARY KEY (cod_compromiso);


--
-- TOC entry 3885 (class 2606 OID 47697)
-- Name: tsgrtcorreo tsgrtcorreo_des_correo_key; Type: CONSTRAINT; Schema: sgrt; Owner: postgres
--

ALTER TABLE ONLY sgrt.tsgrtcorreo
    ADD CONSTRAINT tsgrtcorreo_des_correo_key UNIQUE (des_correo);


--
-- TOC entry 3887 (class 2606 OID 47699)
-- Name: tsgrtcorreo tsgrtcorreo_pkey; Type: CONSTRAINT; Schema: sgrt; Owner: postgres
--

ALTER TABLE ONLY sgrt.tsgrtcorreo
    ADD CONSTRAINT tsgrtcorreo_pkey PRIMARY KEY (cod_correo);


--
-- TOC entry 3891 (class 2606 OID 47701)
-- Name: tsgrtdatossolicitud tsgrtdatossolicitud_pkey; Type: CONSTRAINT; Schema: sgrt; Owner: postgres
--

ALTER TABLE ONLY sgrt.tsgrtdatossolicitud
    ADD CONSTRAINT tsgrtdatossolicitud_pkey PRIMARY KEY (cod_datosolicitud);


--
-- TOC entry 3895 (class 2606 OID 47703)
-- Name: tsgrtdepartamento tsgrtdepartamento_des_nombre_key; Type: CONSTRAINT; Schema: sgrt; Owner: postgres
--

ALTER TABLE ONLY sgrt.tsgrtdepartamento
    ADD CONSTRAINT tsgrtdepartamento_des_nombre_key UNIQUE (des_nombre);


--
-- TOC entry 3897 (class 2606 OID 47705)
-- Name: tsgrtdepartamento tsgrtdepartamento_pkey; Type: CONSTRAINT; Schema: sgrt; Owner: postgres
--

ALTER TABLE ONLY sgrt.tsgrtdepartamento
    ADD CONSTRAINT tsgrtdepartamento_pkey PRIMARY KEY (cod_depto);


--
-- TOC entry 3901 (class 2606 OID 47707)
-- Name: tsgrtedosolicitudes tsgrtedosolicitudes_pkey; Type: CONSTRAINT; Schema: sgrt; Owner: postgres
--

ALTER TABLE ONLY sgrt.tsgrtedosolicitudes
    ADD CONSTRAINT tsgrtedosolicitudes_pkey PRIMARY KEY (cod_edosolicitud);


--
-- TOC entry 3905 (class 2606 OID 47709)
-- Name: tsgrtelementos tsgrtelementos_pkey; Type: CONSTRAINT; Schema: sgrt; Owner: postgres
--

ALTER TABLE ONLY sgrt.tsgrtelementos
    ADD CONSTRAINT tsgrtelementos_pkey PRIMARY KEY (cod_elemento);


--
-- TOC entry 3909 (class 2606 OID 47711)
-- Name: tsgrtestados tsgrtestados_pkey; Type: CONSTRAINT; Schema: sgrt; Owner: postgres
--

ALTER TABLE ONLY sgrt.tsgrtestados
    ADD CONSTRAINT tsgrtestados_pkey PRIMARY KEY (cod_estadorep);


--
-- TOC entry 3915 (class 2606 OID 47713)
-- Name: tsgrtfaq tsgrtfaq_pkey; Type: CONSTRAINT; Schema: sgrt; Owner: postgres
--

ALTER TABLE ONLY sgrt.tsgrtfaq
    ADD CONSTRAINT tsgrtfaq_pkey PRIMARY KEY (cod_faq);


--
-- TOC entry 3919 (class 2606 OID 47715)
-- Name: tsgrtgrupo tsgrtgrupo_pkey; Type: CONSTRAINT; Schema: sgrt; Owner: postgres
--

ALTER TABLE ONLY sgrt.tsgrtgrupo
    ADD CONSTRAINT tsgrtgrupo_pkey PRIMARY KEY (cod_grupo);


--
-- TOC entry 3924 (class 2606 OID 47717)
-- Name: tsgrtinvitados tsgrtinvitados_pkey; Type: CONSTRAINT; Schema: sgrt; Owner: postgres
--

ALTER TABLE ONLY sgrt.tsgrtinvitados
    ADD CONSTRAINT tsgrtinvitados_pkey PRIMARY KEY (cod_invitado);


--
-- TOC entry 3928 (class 2606 OID 47719)
-- Name: tsgrtlugares tsgrtlugares_pkey; Type: CONSTRAINT; Schema: sgrt; Owner: postgres
--

ALTER TABLE ONLY sgrt.tsgrtlugares
    ADD CONSTRAINT tsgrtlugares_pkey PRIMARY KEY (cod_lugar);


--
-- TOC entry 3932 (class 2606 OID 47721)
-- Name: tsgrtmsjticket tsgrtmsjticket_pkey; Type: CONSTRAINT; Schema: sgrt; Owner: postgres
--

ALTER TABLE ONLY sgrt.tsgrtmsjticket
    ADD CONSTRAINT tsgrtmsjticket_pkey PRIMARY KEY (cod_mensaje);


--
-- TOC entry 3936 (class 2606 OID 47723)
-- Name: tsgrtnota tsgrtnota_pkey; Type: CONSTRAINT; Schema: sgrt; Owner: postgres
--

ALTER TABLE ONLY sgrt.tsgrtnota
    ADD CONSTRAINT tsgrtnota_pkey PRIMARY KEY (cod_nota);


--
-- TOC entry 3940 (class 2606 OID 47725)
-- Name: tsgrtplantillacorreos tsgrtplantillacorreos_pkey; Type: CONSTRAINT; Schema: sgrt; Owner: postgres
--

ALTER TABLE ONLY sgrt.tsgrtplantillacorreos
    ADD CONSTRAINT tsgrtplantillacorreos_pkey PRIMARY KEY (cod_plantillacorreo);


--
-- TOC entry 3944 (class 2606 OID 47727)
-- Name: tsgrtprioridad tsgrtprioridad_des_nombre_key; Type: CONSTRAINT; Schema: sgrt; Owner: postgres
--

ALTER TABLE ONLY sgrt.tsgrtprioridad
    ADD CONSTRAINT tsgrtprioridad_des_nombre_key UNIQUE (des_nombre);


--
-- TOC entry 3946 (class 2606 OID 47729)
-- Name: tsgrtprioridad tsgrtprioridad_pkey; Type: CONSTRAINT; Schema: sgrt; Owner: postgres
--

ALTER TABLE ONLY sgrt.tsgrtprioridad
    ADD CONSTRAINT tsgrtprioridad_pkey PRIMARY KEY (cod_prioridad);


--
-- TOC entry 3950 (class 2606 OID 47731)
-- Name: tsgrtresppredefinida tsgrtresppredefinida_des_titulo_key; Type: CONSTRAINT; Schema: sgrt; Owner: postgres
--

ALTER TABLE ONLY sgrt.tsgrtresppredefinida
    ADD CONSTRAINT tsgrtresppredefinida_des_titulo_key UNIQUE (des_titulo);


--
-- TOC entry 3952 (class 2606 OID 47733)
-- Name: tsgrtresppredefinida tsgrtresppredefinida_pkey; Type: CONSTRAINT; Schema: sgrt; Owner: postgres
--

ALTER TABLE ONLY sgrt.tsgrtresppredefinida
    ADD CONSTRAINT tsgrtresppredefinida_pkey PRIMARY KEY (cod_respuesta);


--
-- TOC entry 3956 (class 2606 OID 47735)
-- Name: tsgrtrespuesta tsgrtrespuesta_pkey; Type: CONSTRAINT; Schema: sgrt; Owner: postgres
--

ALTER TABLE ONLY sgrt.tsgrtrespuesta
    ADD CONSTRAINT tsgrtrespuesta_pkey PRIMARY KEY (cod_respuesta);


--
-- TOC entry 3960 (class 2606 OID 47737)
-- Name: tsgrtreuniones tsgrtreuniones_pkey; Type: CONSTRAINT; Schema: sgrt; Owner: postgres
--

ALTER TABLE ONLY sgrt.tsgrtreuniones
    ADD CONSTRAINT tsgrtreuniones_pkey PRIMARY KEY (cod_reunion);


--
-- TOC entry 3964 (class 2606 OID 47739)
-- Name: tsgrtservicios tsgrtservicios_pkey; Type: CONSTRAINT; Schema: sgrt; Owner: postgres
--

ALTER TABLE ONLY sgrt.tsgrtservicios
    ADD CONSTRAINT tsgrtservicios_pkey PRIMARY KEY (cod_servicio);


--
-- TOC entry 3968 (class 2606 OID 47741)
-- Name: tsgrtsolicitudservicios tsgrtsolicitudservicios_pkey; Type: CONSTRAINT; Schema: sgrt; Owner: postgres
--

ALTER TABLE ONLY sgrt.tsgrtsolicitudservicios
    ADD CONSTRAINT tsgrtsolicitudservicios_pkey PRIMARY KEY (cod_solicitud);


--
-- TOC entry 3976 (class 2606 OID 47743)
-- Name: tsgrtticket tsgrtticket_des_correo_key; Type: CONSTRAINT; Schema: sgrt; Owner: postgres
--

ALTER TABLE ONLY sgrt.tsgrtticket
    ADD CONSTRAINT tsgrtticket_des_correo_key UNIQUE (des_correo);


--
-- TOC entry 3978 (class 2606 OID 47745)
-- Name: tsgrtticket tsgrtticket_des_folio_key; Type: CONSTRAINT; Schema: sgrt; Owner: postgres
--

ALTER TABLE ONLY sgrt.tsgrtticket
    ADD CONSTRAINT tsgrtticket_des_folio_key UNIQUE (des_folio);


--
-- TOC entry 3980 (class 2606 OID 47747)
-- Name: tsgrtticket tsgrtticket_pkey; Type: CONSTRAINT; Schema: sgrt; Owner: postgres
--

ALTER TABLE ONLY sgrt.tsgrtticket
    ADD CONSTRAINT tsgrtticket_pkey PRIMARY KEY (cod_ticket);


--
-- TOC entry 3881 (class 2606 OID 47749)
-- Name: tsgrtcompromisos unique_cod_chat; Type: CONSTRAINT; Schema: sgrt; Owner: postgres
--

ALTER TABLE ONLY sgrt.tsgrtcompromisos
    ADD CONSTRAINT unique_cod_chat UNIQUE (cod_chat);


--
-- TOC entry 3982 (class 2606 OID 47751)
-- Name: tsisatappservices tsisatappservices_pkey; Type: CONSTRAINT; Schema: sisat; Owner: postgres
--

ALTER TABLE ONLY sisat.tsisatappservices
    ADD CONSTRAINT tsisatappservices_pkey PRIMARY KEY (cod_appservice);


--
-- TOC entry 3984 (class 2606 OID 47753)
-- Name: tsisatarquitecturas tsisatarquitecturas_pkey; Type: CONSTRAINT; Schema: sisat; Owner: postgres
--

ALTER TABLE ONLY sisat.tsisatarquitecturas
    ADD CONSTRAINT tsisatarquitecturas_pkey PRIMARY KEY (cod_arquitectura);


--
-- TOC entry 3986 (class 2606 OID 47755)
-- Name: tsisatasignaciones tsisatasignaciones_pkey; Type: CONSTRAINT; Schema: sisat; Owner: suite
--

ALTER TABLE ONLY sisat.tsisatasignaciones
    ADD CONSTRAINT tsisatasignaciones_pkey PRIMARY KEY (cod_asignacion);


--
-- TOC entry 3988 (class 2606 OID 47757)
-- Name: tsisatcandidatos tsisatcandidatos_pkey; Type: CONSTRAINT; Schema: sisat; Owner: suite
--

ALTER TABLE ONLY sisat.tsisatcandidatos
    ADD CONSTRAINT tsisatcandidatos_pkey PRIMARY KEY (cod_candidato);


--
-- TOC entry 3990 (class 2606 OID 47759)
-- Name: tsisatcartaaceptacion tsisatcartaaceptacion_pkey; Type: CONSTRAINT; Schema: sisat; Owner: suite
--

ALTER TABLE ONLY sisat.tsisatcartaaceptacion
    ADD CONSTRAINT tsisatcartaaceptacion_pkey PRIMARY KEY (cod_aceptacion);


--
-- TOC entry 3992 (class 2606 OID 47761)
-- Name: tsisatcartaasignacion tsisatcartaasignacion_pkey; Type: CONSTRAINT; Schema: sisat; Owner: suite
--

ALTER TABLE ONLY sisat.tsisatcartaasignacion
    ADD CONSTRAINT tsisatcartaasignacion_pkey PRIMARY KEY (cod_asignacion);


--
-- TOC entry 3994 (class 2606 OID 47763)
-- Name: tsisatcomentarios tsisatcomentarios_pkey; Type: CONSTRAINT; Schema: sisat; Owner: postgres
--

ALTER TABLE ONLY sisat.tsisatcomentarios
    ADD CONSTRAINT tsisatcomentarios_pkey PRIMARY KEY (cod_comentario);


--
-- TOC entry 3996 (class 2606 OID 47765)
-- Name: tsisatcotizaciones tsisatcotizaciones_pkey; Type: CONSTRAINT; Schema: sisat; Owner: postgres
--

ALTER TABLE ONLY sisat.tsisatcotizaciones
    ADD CONSTRAINT tsisatcotizaciones_pkey PRIMARY KEY (cod_cotizacion);


--
-- TOC entry 3998 (class 2606 OID 47767)
-- Name: tsisatcursosycertificados tsisatcursosycerticados_pkey; Type: CONSTRAINT; Schema: sisat; Owner: suite
--

ALTER TABLE ONLY sisat.tsisatcursosycertificados
    ADD CONSTRAINT tsisatcursosycerticados_pkey PRIMARY KEY (cod_curso);


--
-- TOC entry 4000 (class 2606 OID 47769)
-- Name: tsisatentrevistas tsisatentrevistas_pkey; Type: CONSTRAINT; Schema: sisat; Owner: suite
--

ALTER TABLE ONLY sisat.tsisatentrevistas
    ADD CONSTRAINT tsisatentrevistas_pkey PRIMARY KEY (cod_entrevista);


--
-- TOC entry 4002 (class 2606 OID 47771)
-- Name: tsisatenviocorreos tsisatenviocorreos_pkey; Type: CONSTRAINT; Schema: sisat; Owner: suite
--

ALTER TABLE ONLY sisat.tsisatenviocorreos
    ADD CONSTRAINT tsisatenviocorreos_pkey PRIMARY KEY (cod_envio);


--
-- TOC entry 4004 (class 2606 OID 47773)
-- Name: tsisatescolaridad tsisatescolaridad_pkey; Type: CONSTRAINT; Schema: sisat; Owner: suite
--

ALTER TABLE ONLY sisat.tsisatescolaridad
    ADD CONSTRAINT tsisatescolaridad_pkey PRIMARY KEY (cod_escolaridad);


--
-- TOC entry 4006 (class 2606 OID 47775)
-- Name: tsisatexperienciaslaborales tsisatexperienciaslaborales_pkey; Type: CONSTRAINT; Schema: sisat; Owner: suite
--

ALTER TABLE ONLY sisat.tsisatexperienciaslaborales
    ADD CONSTRAINT tsisatexperienciaslaborales_pkey PRIMARY KEY (cod_experiencia);


--
-- TOC entry 4008 (class 2606 OID 47777)
-- Name: tsisatfirmas tsisatfirmas_pkey; Type: CONSTRAINT; Schema: sisat; Owner: suite
--

ALTER TABLE ONLY sisat.tsisatfirmas
    ADD CONSTRAINT tsisatfirmas_pkey PRIMARY KEY (cod_firma);


--
-- TOC entry 4010 (class 2606 OID 47779)
-- Name: tsisatframeworks tsisatframeworks_pkey; Type: CONSTRAINT; Schema: sisat; Owner: postgres
--

ALTER TABLE ONLY sisat.tsisatframeworks
    ADD CONSTRAINT tsisatframeworks_pkey PRIMARY KEY (cod_framework);


--
-- TOC entry 4012 (class 2606 OID 47781)
-- Name: tsisathabilidades tsisathabilidades_pkey; Type: CONSTRAINT; Schema: sisat; Owner: suite
--

ALTER TABLE ONLY sisat.tsisathabilidades
    ADD CONSTRAINT tsisathabilidades_pkey PRIMARY KEY (cod_habilidad);


--
-- TOC entry 4014 (class 2606 OID 47783)
-- Name: tsisatherramientas tsisatherramientas_pkey; Type: CONSTRAINT; Schema: sisat; Owner: postgres
--

ALTER TABLE ONLY sisat.tsisatherramientas
    ADD CONSTRAINT tsisatherramientas_pkey PRIMARY KEY (cod_herramientas);


--
-- TOC entry 4016 (class 2606 OID 47785)
-- Name: tsisatides tsisatides_pkey; Type: CONSTRAINT; Schema: sisat; Owner: postgres
--

ALTER TABLE ONLY sisat.tsisatides
    ADD CONSTRAINT tsisatides_pkey PRIMARY KEY (cod_ide);


--
-- TOC entry 4018 (class 2606 OID 47787)
-- Name: tsisatidiomas tsisatidiomas_pkey; Type: CONSTRAINT; Schema: sisat; Owner: suite
--

ALTER TABLE ONLY sisat.tsisatidiomas
    ADD CONSTRAINT tsisatidiomas_pkey PRIMARY KEY (cod_idioma);


--
-- TOC entry 4020 (class 2606 OID 47789)
-- Name: tsisatlenguajes tsisatlenguajes_pkey; Type: CONSTRAINT; Schema: sisat; Owner: postgres
--

ALTER TABLE ONLY sisat.tsisatlenguajes
    ADD CONSTRAINT tsisatlenguajes_pkey PRIMARY KEY (cod_lenguaje);


--
-- TOC entry 4022 (class 2606 OID 47791)
-- Name: tsisatmaquetados tsisatmaquetados_pkey; Type: CONSTRAINT; Schema: sisat; Owner: postgres
--

ALTER TABLE ONLY sisat.tsisatmaquetados
    ADD CONSTRAINT tsisatmaquetados_pkey PRIMARY KEY (cod_maquetado);


--
-- TOC entry 4024 (class 2606 OID 47793)
-- Name: tsisatmetodologias tsisatmetodologias_pkey; Type: CONSTRAINT; Schema: sisat; Owner: postgres
--

ALTER TABLE ONLY sisat.tsisatmetodologias
    ADD CONSTRAINT tsisatmetodologias_pkey PRIMARY KEY (cod_metodologia);


--
-- TOC entry 4026 (class 2606 OID 47795)
-- Name: tsisatmodelados tsisatmodelados_pkey; Type: CONSTRAINT; Schema: sisat; Owner: postgres
--

ALTER TABLE ONLY sisat.tsisatmodelados
    ADD CONSTRAINT tsisatmodelados_pkey PRIMARY KEY (cod_modelado);


--
-- TOC entry 4028 (class 2606 OID 47797)
-- Name: tsisatordenservicio tsisatordenservicio_pkey; Type: CONSTRAINT; Schema: sisat; Owner: suite
--

ALTER TABLE ONLY sisat.tsisatordenservicio
    ADD CONSTRAINT tsisatordenservicio_pkey PRIMARY KEY (cod_ordenservicio);


--
-- TOC entry 4030 (class 2606 OID 47799)
-- Name: tsisatpatrones tsisatpatrones_pkey; Type: CONSTRAINT; Schema: sisat; Owner: postgres
--

ALTER TABLE ONLY sisat.tsisatpatrones
    ADD CONSTRAINT tsisatpatrones_pkey PRIMARY KEY (cod_patron);


--
-- TOC entry 4032 (class 2606 OID 47801)
-- Name: tsisatprospectos tsisatprospectos_pkey; Type: CONSTRAINT; Schema: sisat; Owner: suite
--

ALTER TABLE ONLY sisat.tsisatprospectos
    ADD CONSTRAINT tsisatprospectos_pkey PRIMARY KEY (cod_prospecto);


--
-- TOC entry 4034 (class 2606 OID 47803)
-- Name: tsisatprotocolos tsisatprotocolos_pkey; Type: CONSTRAINT; Schema: sisat; Owner: postgres
--

ALTER TABLE ONLY sisat.tsisatprotocolos
    ADD CONSTRAINT tsisatprotocolos_pkey PRIMARY KEY (cod_protocolo);


--
-- TOC entry 4036 (class 2606 OID 47805)
-- Name: tsisatproyectos tsisatproyectos_pkey; Type: CONSTRAINT; Schema: sisat; Owner: suite
--

ALTER TABLE ONLY sisat.tsisatproyectos
    ADD CONSTRAINT tsisatproyectos_pkey PRIMARY KEY (cod_proyecto);


--
-- TOC entry 4038 (class 2606 OID 47807)
-- Name: tsisatqa tsisatqa_pkey; Type: CONSTRAINT; Schema: sisat; Owner: postgres
--

ALTER TABLE ONLY sisat.tsisatqa
    ADD CONSTRAINT tsisatqa_pkey PRIMARY KEY (cod_qa);


--
-- TOC entry 4040 (class 2606 OID 47809)
-- Name: tsisatrepositoriolibrerias tsisatrepositoriolibrerias_pkey; Type: CONSTRAINT; Schema: sisat; Owner: postgres
--

ALTER TABLE ONLY sisat.tsisatrepositoriolibrerias
    ADD CONSTRAINT tsisatrepositoriolibrerias_pkey PRIMARY KEY (cod_repositoriolibreria);


--
-- TOC entry 4042 (class 2606 OID 47811)
-- Name: tsisatrepositorios tsisatrepositorios_pkey; Type: CONSTRAINT; Schema: sisat; Owner: postgres
--

ALTER TABLE ONLY sisat.tsisatrepositorios
    ADD CONSTRAINT tsisatrepositorios_pkey PRIMARY KEY (cod_repositorio);


--
-- TOC entry 4044 (class 2606 OID 47813)
-- Name: tsisatsgbd tsisatsgbd_pkey; Type: CONSTRAINT; Schema: sisat; Owner: postgres
--

ALTER TABLE ONLY sisat.tsisatsgbd
    ADD CONSTRAINT tsisatsgbd_pkey PRIMARY KEY (cod_sgbd);


--
-- TOC entry 4046 (class 2606 OID 47815)
-- Name: tsisatso tsisatso_pkey; Type: CONSTRAINT; Schema: sisat; Owner: postgres
--

ALTER TABLE ONLY sisat.tsisatso
    ADD CONSTRAINT tsisatso_pkey PRIMARY KEY (cod_so);


--
-- TOC entry 4048 (class 2606 OID 47817)
-- Name: tsisatvacantes tsisatvacantes_pkey; Type: CONSTRAINT; Schema: sisat; Owner: suite
--

ALTER TABLE ONLY sisat.tsisatvacantes
    ADD CONSTRAINT tsisatvacantes_pkey PRIMARY KEY (cod_vacante);


--
-- TOC entry 3877 (class 1259 OID 47818)
-- Name: fki_fk_cod_chat; Type: INDEX; Schema: sgrt; Owner: postgres
--

CREATE INDEX fki_fk_cod_chat ON sgrt.tsgrtcompromisos USING btree (cod_chat);


--
-- TOC entry 3922 (class 1259 OID 47819)
-- Name: fki_fk_cod_empleado; Type: INDEX; Schema: sgrt; Owner: postgres
--

CREATE INDEX fki_fk_cod_empleado ON sgrt.tsgrtinvitados USING btree (cod_empleado);


--
-- TOC entry 3874 (class 1259 OID 47820)
-- Name: fki_fk_cod_invitado; Type: INDEX; Schema: sgrt; Owner: postgres
--

CREATE INDEX fki_fk_cod_invitado ON sgrt.tsgrtcomentariosreunion USING btree (cod_invitado);


--
-- TOC entry 3871 (class 1259 OID 47821)
-- Name: fki_fk_cod_invitados; Type: INDEX; Schema: sgrt; Owner: postgres
--

CREATE INDEX fki_fk_cod_invitados ON sgrt.tsgrtcomentariosagenda USING btree (cod_invitado);


--
-- TOC entry 4321 (class 2620 OID 47822)
-- Name: tsgrhencuesta tg_actualizarfecha; Type: TRIGGER; Schema: sgrh; Owner: postgres
--

CREATE TRIGGER tg_actualizarfecha BEFORE UPDATE ON sgrh.tsgrhencuesta FOR EACH ROW EXECUTE PROCEDURE sgrh.factualizarfecha();


--
-- TOC entry 4049 (class 2606 OID 47823)
-- Name: tsgcousuarios fk_cod_empleado; Type: FK CONSTRAINT; Schema: sgco; Owner: postgres
--

ALTER TABLE ONLY sgco.tsgcousuarios
    ADD CONSTRAINT fk_cod_empleado FOREIGN KEY (cod_empleado) REFERENCES sgrh.tsgrhempleados(cod_empleado);


--
-- TOC entry 4066 (class 2606 OID 47828)
-- Name: tsgnomcncptoquincht concepto_quincena_id_copia_fk_conceptos_quincena; Type: FK CONSTRAINT; Schema: sgnom; Owner: suite
--

ALTER TABLE ONLY sgnom.tsgnomcncptoquincht
    ADD CONSTRAINT concepto_quincena_id_copia_fk_conceptos_quincena FOREIGN KEY (cod_conceptoid_fk) REFERENCES sgnom.tsgnomconcepto(cod_conceptoid) ON UPDATE CASCADE;


--
-- TOC entry 4064 (class 2606 OID 47833)
-- Name: tsgnomcncptoquinc concepto_quincena_id_fk_conceptos_quincena; Type: FK CONSTRAINT; Schema: sgnom; Owner: suite
--

ALTER TABLE ONLY sgnom.tsgnomcncptoquinc
    ADD CONSTRAINT concepto_quincena_id_fk_conceptos_quincena FOREIGN KEY (cod_conceptoid_fk) REFERENCES sgnom.tsgnomconcepto(cod_conceptoid) ON UPDATE CASCADE;


--
-- TOC entry 4067 (class 2606 OID 47838)
-- Name: tsgnomcncptoquincht empleado_concepto_id_copia_fk_conceptos_quincena; Type: FK CONSTRAINT; Schema: sgnom; Owner: suite
--

ALTER TABLE ONLY sgnom.tsgnomcncptoquincht
    ADD CONSTRAINT empleado_concepto_id_copia_fk_conceptos_quincena FOREIGN KEY (cod_empquincenaid_fk) REFERENCES sgnom.tsgnomempquincena(cod_empquincenaid) ON UPDATE CASCADE;


--
-- TOC entry 4065 (class 2606 OID 47843)
-- Name: tsgnomcncptoquinc empleado_concepto_id_fk_conceptos_quincena; Type: FK CONSTRAINT; Schema: sgnom; Owner: suite
--

ALTER TABLE ONLY sgnom.tsgnomcncptoquinc
    ADD CONSTRAINT empleado_concepto_id_fk_conceptos_quincena FOREIGN KEY (cod_empquincenaid_fk) REFERENCES sgnom.tsgnomempquincena(cod_empquincenaid) ON UPDATE CASCADE;


--
-- TOC entry 4080 (class 2606 OID 47848)
-- Name: tsgnomempquincena nom_cabecera_id_fk_empleados_quincena; Type: FK CONSTRAINT; Schema: sgnom; Owner: suite
--

ALTER TABLE ONLY sgnom.tsgnomempquincena
    ADD CONSTRAINT nom_cabecera_id_fk_empleados_quincena FOREIGN KEY (cod_cabeceraid_fk) REFERENCES sgnom.tsgnomcabecera(cod_cabeceraid) ON UPDATE CASCADE;


--
-- TOC entry 4082 (class 2606 OID 47853)
-- Name: tsgnomempquincenaht nom_cabecera_id_fk_empleados_quincena_copia; Type: FK CONSTRAINT; Schema: sgnom; Owner: suite
--

ALTER TABLE ONLY sgnom.tsgnomempquincenaht
    ADD CONSTRAINT nom_cabecera_id_fk_empleados_quincena_copia FOREIGN KEY (cod_cabeceraid_fk) REFERENCES sgnom.tsgnomcabecera(cod_cabeceraid) ON UPDATE CASCADE;


--
-- TOC entry 4068 (class 2606 OID 47858)
-- Name: tsgnomconcepto nom_cat_clasificador_id_fk_cat_conceptos; Type: FK CONSTRAINT; Schema: sgnom; Owner: suite
--

ALTER TABLE ONLY sgnom.tsgnomconcepto
    ADD CONSTRAINT nom_cat_clasificador_id_fk_cat_conceptos FOREIGN KEY (cod_clasificadorid_fk) REFERENCES sgnom.tsgnomclasificador(cod_clasificadorid) ON UPDATE CASCADE;


--
-- TOC entry 4090 (class 2606 OID 47863)
-- Name: tsgnommanterceros nom_cat_conceptos_fk_manuales_terceros; Type: FK CONSTRAINT; Schema: sgnom; Owner: suite
--

ALTER TABLE ONLY sgnom.tsgnommanterceros
    ADD CONSTRAINT nom_cat_conceptos_fk_manuales_terceros FOREIGN KEY (cod_conceptoid_fk) REFERENCES sgnom.tsgnomconcepto(cod_conceptoid) ON UPDATE CASCADE;


--
-- TOC entry 4096 (class 2606 OID 47868)
-- Name: tsgnomquincena nom_cat_ejercicio_id_fk_cat_quincenas; Type: FK CONSTRAINT; Schema: sgnom; Owner: suite
--

ALTER TABLE ONLY sgnom.tsgnomquincena
    ADD CONSTRAINT nom_cat_ejercicio_id_fk_cat_quincenas FOREIGN KEY (cod_ejercicioid_fk) REFERENCES sgnom.tsgnomejercicio(cod_ejercicioid) ON UPDATE CASCADE;


--
-- TOC entry 4059 (class 2606 OID 47873)
-- Name: tsgnomcabeceraht nom_cat_estatus_nomina_id_copia_fk_cabeceras; Type: FK CONSTRAINT; Schema: sgnom; Owner: suite
--

ALTER TABLE ONLY sgnom.tsgnomcabeceraht
    ADD CONSTRAINT nom_cat_estatus_nomina_id_copia_fk_cabeceras FOREIGN KEY (cod_estatusnomid_fk) REFERENCES sgnom.tsgnomestatusnom(cod_estatusnomid) ON UPDATE CASCADE;


--
-- TOC entry 4054 (class 2606 OID 47878)
-- Name: tsgnomcabecera nom_cat_estatus_nomina_id_fk_cabeceras; Type: FK CONSTRAINT; Schema: sgnom; Owner: suite
--

ALTER TABLE ONLY sgnom.tsgnomcabecera
    ADD CONSTRAINT nom_cat_estatus_nomina_id_fk_cabeceras FOREIGN KEY (cod_estatusnomid_fk) REFERENCES sgnom.tsgnomestatusnom(cod_estatusnomid) ON UPDATE CASCADE;


--
-- TOC entry 4084 (class 2606 OID 47883)
-- Name: tsgnomincidencia nom_cat_incidencia_id_fk_incidencias; Type: FK CONSTRAINT; Schema: sgnom; Owner: suite
--

ALTER TABLE ONLY sgnom.tsgnomincidencia
    ADD CONSTRAINT nom_cat_incidencia_id_fk_incidencias FOREIGN KEY (cod_catincidenciaid_fk) REFERENCES sgnom.tsgnomcatincidencia(cod_catincidenciaid) ON UPDATE CASCADE;


--
-- TOC entry 4060 (class 2606 OID 47888)
-- Name: tsgnomcabeceraht nom_cat_quincena_id_copia_fk_cabeceras; Type: FK CONSTRAINT; Schema: sgnom; Owner: suite
--

ALTER TABLE ONLY sgnom.tsgnomcabeceraht
    ADD CONSTRAINT nom_cat_quincena_id_copia_fk_cabeceras FOREIGN KEY (cod_quincenaid_fk) REFERENCES sgnom.tsgnomquincena(cod_quincenaid) ON UPDATE CASCADE;


--
-- TOC entry 4055 (class 2606 OID 47893)
-- Name: tsgnomcabecera nom_cat_quincena_id_fk_cabeceras; Type: FK CONSTRAINT; Schema: sgnom; Owner: suite
--

ALTER TABLE ONLY sgnom.tsgnomcabecera
    ADD CONSTRAINT nom_cat_quincena_id_fk_cabeceras FOREIGN KEY (cod_quincenaid_fk) REFERENCES sgnom.tsgnomquincena(cod_quincenaid) ON UPDATE CASCADE;


--
-- TOC entry 4085 (class 2606 OID 47898)
-- Name: tsgnomincidencia nom_cat_quincena_id_fk_incidencias; Type: FK CONSTRAINT; Schema: sgnom; Owner: suite
--

ALTER TABLE ONLY sgnom.tsgnomincidencia
    ADD CONSTRAINT nom_cat_quincena_id_fk_incidencias FOREIGN KEY (cod_quincenaid_fk) REFERENCES sgnom.tsgnomquincena(cod_quincenaid) ON UPDATE CASCADE;


--
-- TOC entry 4091 (class 2606 OID 47903)
-- Name: tsgnommanterceros nom_cat_quincenas_fk_manuales_terceros_fin; Type: FK CONSTRAINT; Schema: sgnom; Owner: suite
--

ALTER TABLE ONLY sgnom.tsgnommanterceros
    ADD CONSTRAINT nom_cat_quincenas_fk_manuales_terceros_fin FOREIGN KEY (cod_quincenafin_fk) REFERENCES sgnom.tsgnomquincena(cod_quincenaid) ON UPDATE CASCADE;


--
-- TOC entry 4092 (class 2606 OID 47908)
-- Name: tsgnommanterceros nom_cat_quincenas_fk_manuales_terceros_inicio; Type: FK CONSTRAINT; Schema: sgnom; Owner: suite
--

ALTER TABLE ONLY sgnom.tsgnommanterceros
    ADD CONSTRAINT nom_cat_quincenas_fk_manuales_terceros_inicio FOREIGN KEY (cod_quincenainicio_fk) REFERENCES sgnom.tsgnomquincena(cod_quincenaid) ON UPDATE CASCADE;


--
-- TOC entry 4053 (class 2606 OID 47913)
-- Name: tsgnombitacora nom_cat_tabla_id_fk_nom_cat_tablas; Type: FK CONSTRAINT; Schema: sgnom; Owner: suite
--

ALTER TABLE ONLY sgnom.tsgnombitacora
    ADD CONSTRAINT nom_cat_tabla_id_fk_nom_cat_tablas FOREIGN KEY (cod_tablaid_fk) REFERENCES sgnom.tsgnomhisttabla(cod_tablaid) ON UPDATE CASCADE;


--
-- TOC entry 4061 (class 2606 OID 47918)
-- Name: tsgnomcabeceraht nom_cat_tipo_nomina_id_copia_fk_cabeceras; Type: FK CONSTRAINT; Schema: sgnom; Owner: suite
--

ALTER TABLE ONLY sgnom.tsgnomcabeceraht
    ADD CONSTRAINT nom_cat_tipo_nomina_id_copia_fk_cabeceras FOREIGN KEY (cod_tiponominaid_fk) REFERENCES sgnom.tsgnomtiponomina(cod_tiponominaid) ON UPDATE CASCADE;


--
-- TOC entry 4056 (class 2606 OID 47923)
-- Name: tsgnomcabecera nom_cat_tipo_nomina_id_fk_cabeceras; Type: FK CONSTRAINT; Schema: sgnom; Owner: suite
--

ALTER TABLE ONLY sgnom.tsgnomcabecera
    ADD CONSTRAINT nom_cat_tipo_nomina_id_fk_cabeceras FOREIGN KEY (cod_tiponominaid_fk) REFERENCES sgnom.tsgnomtiponomina(cod_tiponominaid) ON UPDATE CASCADE;


--
-- TOC entry 4069 (class 2606 OID 47928)
-- Name: tsgnomconcepto nom_concepto_sat_id_fk_cat_conceptos; Type: FK CONSTRAINT; Schema: sgnom; Owner: suite
--

ALTER TABLE ONLY sgnom.tsgnomconcepto
    ADD CONSTRAINT nom_concepto_sat_id_fk_cat_conceptos FOREIGN KEY (cod_conceptosatid_fk) REFERENCES sgnom.tsgnomconceptosat(cod_conceptosatid) ON UPDATE CASCADE;


--
-- TOC entry 4086 (class 2606 OID 47933)
-- Name: tsgnomincidencia nom_emp_autoriza_fk_incidencias; Type: FK CONSTRAINT; Schema: sgnom; Owner: suite
--

ALTER TABLE ONLY sgnom.tsgnomincidencia
    ADD CONSTRAINT nom_emp_autoriza_fk_incidencias FOREIGN KEY (cod_empautoriza_fk) REFERENCES sgnom.tsgnomempleados(cod_empleadoid) ON UPDATE CASCADE;


--
-- TOC entry 4087 (class 2606 OID 47938)
-- Name: tsgnomincidencia nom_emp_reporta_fk_incidencias; Type: FK CONSTRAINT; Schema: sgnom; Owner: suite
--

ALTER TABLE ONLY sgnom.tsgnomincidencia
    ADD CONSTRAINT nom_emp_reporta_fk_incidencias FOREIGN KEY (cod_empreporta_fk) REFERENCES sgnom.tsgnomempleados(cod_empleadoid) ON UPDATE CASCADE;


--
-- TOC entry 4081 (class 2606 OID 47943)
-- Name: tsgnomempquincena nom_empleado_quincena_id_fk_empleados_quincena; Type: FK CONSTRAINT; Schema: sgnom; Owner: suite
--

ALTER TABLE ONLY sgnom.tsgnomempquincena
    ADD CONSTRAINT nom_empleado_quincena_id_fk_empleados_quincena FOREIGN KEY (cod_empleadoid_fk) REFERENCES sgnom.tsgnomempleados(cod_empleadoid) ON UPDATE CASCADE;


--
-- TOC entry 4083 (class 2606 OID 47948)
-- Name: tsgnomempquincenaht nom_empleado_quincena_id_fk_empleados_quincena_copia; Type: FK CONSTRAINT; Schema: sgnom; Owner: suite
--

ALTER TABLE ONLY sgnom.tsgnomempquincenaht
    ADD CONSTRAINT nom_empleado_quincena_id_fk_empleados_quincena_copia FOREIGN KEY (cod_empleadoid_fk) REFERENCES sgnom.tsgnomempleados(cod_empleadoid) ON UPDATE CASCADE;


--
-- TOC entry 4093 (class 2606 OID 47953)
-- Name: tsgnommanterceros nom_empleados_fk_manuales_terceros; Type: FK CONSTRAINT; Schema: sgnom; Owner: suite
--

ALTER TABLE ONLY sgnom.tsgnommanterceros
    ADD CONSTRAINT nom_empleados_fk_manuales_terceros FOREIGN KEY (cod_empleadoid_fk) REFERENCES sgnom.tsgnomempleados(cod_empleadoid) ON UPDATE CASCADE;


--
-- TOC entry 4050 (class 2606 OID 47958)
-- Name: tsgnomaguinaldo nom_empleados_quincena_fk_aguinaldos; Type: FK CONSTRAINT; Schema: sgnom; Owner: suite
--

ALTER TABLE ONLY sgnom.tsgnomaguinaldo
    ADD CONSTRAINT nom_empleados_quincena_fk_aguinaldos FOREIGN KEY (cod_empquincenaid_fk) REFERENCES sgnom.tsgnomempquincena(cod_empquincenaid) ON UPDATE CASCADE;


--
-- TOC entry 4076 (class 2606 OID 47963)
-- Name: tsgnomconfpago nom_empleados_quincena_fk_conf_pago; Type: FK CONSTRAINT; Schema: sgnom; Owner: suite
--

ALTER TABLE ONLY sgnom.tsgnomconfpago
    ADD CONSTRAINT nom_empleados_quincena_fk_conf_pago FOREIGN KEY (cod_empquincenaid_fk) REFERENCES sgnom.tsgnomempquincena(cod_empquincenaid) ON UPDATE CASCADE;


--
-- TOC entry 4070 (class 2606 OID 47968)
-- Name: tsgnomconcepto nom_formula_id_fk_cat_conceptos; Type: FK CONSTRAINT; Schema: sgnom; Owner: suite
--

ALTER TABLE ONLY sgnom.tsgnomconcepto
    ADD CONSTRAINT nom_formula_id_fk_cat_conceptos FOREIGN KEY (cod_formulaid_fk) REFERENCES sgnom.tsgnomformula(cod_formulaid) ON UPDATE CASCADE;


--
-- TOC entry 4071 (class 2606 OID 47973)
-- Name: tsgnomconcepto nom_tipo_calculo_id_fk_cat_conceptos; Type: FK CONSTRAINT; Schema: sgnom; Owner: suite
--

ALTER TABLE ONLY sgnom.tsgnomconcepto
    ADD CONSTRAINT nom_tipo_calculo_id_fk_cat_conceptos FOREIGN KEY (cod_calculoid_fk) REFERENCES sgnom.tsgnomcalculo(cod_calculoid) ON UPDATE CASCADE;


--
-- TOC entry 4072 (class 2606 OID 47978)
-- Name: tsgnomconcepto nom_tipo_concepto_id_fk_cat_conceptos; Type: FK CONSTRAINT; Schema: sgnom; Owner: suite
--

ALTER TABLE ONLY sgnom.tsgnomconcepto
    ADD CONSTRAINT nom_tipo_concepto_id_fk_cat_conceptos FOREIGN KEY (cod_tipoconceptoid_fk) REFERENCES sgnom.tsgnomtipoconcepto(cod_tipoconceptoid) ON UPDATE CASCADE;


--
-- TOC entry 4073 (class 2606 OID 47983)
-- Name: tsgnomconcepto nom_tipo_nomina_id_fk_cat_conceptos; Type: FK CONSTRAINT; Schema: sgnom; Owner: suite
--

ALTER TABLE ONLY sgnom.tsgnomconcepto
    ADD CONSTRAINT nom_tipo_nomina_id_fk_cat_conceptos FOREIGN KEY (cod_tiponominaid_fk) REFERENCES sgnom.tsgnomtiponomina(cod_tiponominaid) ON UPDATE CASCADE;


--
-- TOC entry 4062 (class 2606 OID 47988)
-- Name: tsgnomcabeceraht tsgrh_empleados_id_copia_fk_cabeceras_c; Type: FK CONSTRAINT; Schema: sgnom; Owner: suite
--

ALTER TABLE ONLY sgnom.tsgnomcabeceraht
    ADD CONSTRAINT tsgrh_empleados_id_copia_fk_cabeceras_c FOREIGN KEY (aud_codcreadopor) REFERENCES sgrh.tsgrhempleados(cod_empleado);


--
-- TOC entry 4063 (class 2606 OID 47993)
-- Name: tsgnomcabeceraht tsgrh_empleados_id_copia_fk_cabeceras_m; Type: FK CONSTRAINT; Schema: sgnom; Owner: suite
--

ALTER TABLE ONLY sgnom.tsgnomcabeceraht
    ADD CONSTRAINT tsgrh_empleados_id_copia_fk_cabeceras_m FOREIGN KEY (aud_codmodificadopor) REFERENCES sgrh.tsgrhempleados(cod_empleado);


--
-- TOC entry 4051 (class 2606 OID 47998)
-- Name: tsgnomargumento tsgrh_empleados_id_fk_argumento_c; Type: FK CONSTRAINT; Schema: sgnom; Owner: suite
--

ALTER TABLE ONLY sgnom.tsgnomargumento
    ADD CONSTRAINT tsgrh_empleados_id_fk_argumento_c FOREIGN KEY (aud_codcreadopor) REFERENCES sgrh.tsgrhempleados(cod_empleado);


--
-- TOC entry 4052 (class 2606 OID 48003)
-- Name: tsgnomargumento tsgrh_empleados_id_fk_argumento_m; Type: FK CONSTRAINT; Schema: sgnom; Owner: suite
--

ALTER TABLE ONLY sgnom.tsgnomargumento
    ADD CONSTRAINT tsgrh_empleados_id_fk_argumento_m FOREIGN KEY (aud_codmodificadopor) REFERENCES sgrh.tsgrhempleados(cod_empleado);


--
-- TOC entry 4057 (class 2606 OID 48008)
-- Name: tsgnomcabecera tsgrh_empleados_id_fk_cabeceras_c; Type: FK CONSTRAINT; Schema: sgnom; Owner: suite
--

ALTER TABLE ONLY sgnom.tsgnomcabecera
    ADD CONSTRAINT tsgrh_empleados_id_fk_cabeceras_c FOREIGN KEY (aud_codcreadopor) REFERENCES sgrh.tsgrhempleados(cod_empleado);


--
-- TOC entry 4058 (class 2606 OID 48013)
-- Name: tsgnomcabecera tsgrh_empleados_id_fk_cabeceras_m; Type: FK CONSTRAINT; Schema: sgnom; Owner: suite
--

ALTER TABLE ONLY sgnom.tsgnomcabecera
    ADD CONSTRAINT tsgrh_empleados_id_fk_cabeceras_m FOREIGN KEY (aud_codmodificadopor) REFERENCES sgrh.tsgrhempleados(cod_empleado);


--
-- TOC entry 4077 (class 2606 OID 48018)
-- Name: tsgnomempleados tsgrh_empleados_id_fk_cabeceras_m; Type: FK CONSTRAINT; Schema: sgnom; Owner: suite
--

ALTER TABLE ONLY sgnom.tsgnomempleados
    ADD CONSTRAINT tsgrh_empleados_id_fk_cabeceras_m FOREIGN KEY (aud_codmodificadopor) REFERENCES sgrh.tsgrhempleados(cod_empleado);


--
-- TOC entry 4074 (class 2606 OID 48023)
-- Name: tsgnomconcepto tsgrh_empleados_id_fk_cat_conceptos_c; Type: FK CONSTRAINT; Schema: sgnom; Owner: suite
--

ALTER TABLE ONLY sgnom.tsgnomconcepto
    ADD CONSTRAINT tsgrh_empleados_id_fk_cat_conceptos_c FOREIGN KEY (aud_codcreadopor) REFERENCES sgrh.tsgrhempleados(cod_empleado);


--
-- TOC entry 4075 (class 2606 OID 48028)
-- Name: tsgnomconcepto tsgrh_empleados_id_fk_cat_conceptos_m; Type: FK CONSTRAINT; Schema: sgnom; Owner: suite
--

ALTER TABLE ONLY sgnom.tsgnomconcepto
    ADD CONSTRAINT tsgrh_empleados_id_fk_cat_conceptos_m FOREIGN KEY (aud_codmodificadopor) REFERENCES sgrh.tsgrhempleados(cod_empleado);


--
-- TOC entry 4078 (class 2606 OID 48033)
-- Name: tsgnomempleados tsgrh_empleados_id_fk_empleados; Type: FK CONSTRAINT; Schema: sgnom; Owner: suite
--

ALTER TABLE ONLY sgnom.tsgnomempleados
    ADD CONSTRAINT tsgrh_empleados_id_fk_empleados FOREIGN KEY (cod_empleado_fk) REFERENCES sgrh.tsgrhempleados(cod_empleado);


--
-- TOC entry 4079 (class 2606 OID 48038)
-- Name: tsgnomempleados tsgrh_empleados_id_fk_empleados_c; Type: FK CONSTRAINT; Schema: sgnom; Owner: suite
--

ALTER TABLE ONLY sgnom.tsgnomempleados
    ADD CONSTRAINT tsgrh_empleados_id_fk_empleados_c FOREIGN KEY (aud_codcreadopor) REFERENCES sgrh.tsgrhempleados(cod_empleado);


--
-- TOC entry 4088 (class 2606 OID 48043)
-- Name: tsgnomincidencia tsgrh_empleados_id_fk_incidencias_c; Type: FK CONSTRAINT; Schema: sgnom; Owner: suite
--

ALTER TABLE ONLY sgnom.tsgnomincidencia
    ADD CONSTRAINT tsgrh_empleados_id_fk_incidencias_c FOREIGN KEY (aud_codcreadopor) REFERENCES sgrh.tsgrhempleados(cod_empleado);


--
-- TOC entry 4089 (class 2606 OID 48048)
-- Name: tsgnomincidencia tsgrh_empleados_id_fk_incidencias_m; Type: FK CONSTRAINT; Schema: sgnom; Owner: suite
--

ALTER TABLE ONLY sgnom.tsgnomincidencia
    ADD CONSTRAINT tsgrh_empleados_id_fk_incidencias_m FOREIGN KEY (aud_codmodificadopor) REFERENCES sgrh.tsgrhempleados(cod_empleado);


--
-- TOC entry 4094 (class 2606 OID 48053)
-- Name: tsgnommanterceros tsgrh_empleados_id_fk_manuales_terceros_c; Type: FK CONSTRAINT; Schema: sgnom; Owner: suite
--

ALTER TABLE ONLY sgnom.tsgnommanterceros
    ADD CONSTRAINT tsgrh_empleados_id_fk_manuales_terceros_c FOREIGN KEY (aud_codcreadopor) REFERENCES sgrh.tsgrhempleados(cod_empleado);


--
-- TOC entry 4095 (class 2606 OID 48058)
-- Name: tsgnommanterceros tsgrh_empleados_id_fk_manuales_terceros_m; Type: FK CONSTRAINT; Schema: sgnom; Owner: suite
--

ALTER TABLE ONLY sgnom.tsgnommanterceros
    ADD CONSTRAINT tsgrh_empleados_id_fk_manuales_terceros_m FOREIGN KEY (aud_codmodificadopor) REFERENCES sgrh.tsgrhempleados(cod_empleado);


--
-- TOC entry 4139 (class 2606 OID 48063)
-- Name: tsgrhlogistica cod_capacitacion_fk; Type: FK CONSTRAINT; Schema: sgrh; Owner: postgres
--

ALTER TABLE ONLY sgrh.tsgrhlogistica
    ADD CONSTRAINT cod_capacitacion_fk FOREIGN KEY (cod_capacitacion) REFERENCES sgrh.tsgrhplancapacitacion(cod_plancapacitacion);


--
-- TOC entry 4144 (class 2606 OID 48068)
-- Name: tsgrhmodo cod_creadopor_fk; Type: FK CONSTRAINT; Schema: sgrh; Owner: postgres
--

ALTER TABLE ONLY sgrh.tsgrhmodo
    ADD CONSTRAINT cod_creadopor_fk FOREIGN KEY (aud_creadopor) REFERENCES sgrh.tsgrhempleados(cod_empleado);


--
-- TOC entry 4181 (class 2606 OID 48073)
-- Name: tsgrhrolempleado cod_creadopor_fk; Type: FK CONSTRAINT; Schema: sgrh; Owner: postgres
--

ALTER TABLE ONLY sgrh.tsgrhrolempleado
    ADD CONSTRAINT cod_creadopor_fk FOREIGN KEY (aud_creadopor) REFERENCES sgrh.tsgrhempleados(cod_empleado);


--
-- TOC entry 4159 (class 2606 OID 48078)
-- Name: tsgrhprocesos cod_creadopor_fk; Type: FK CONSTRAINT; Schema: sgrh; Owner: postgres
--

ALTER TABLE ONLY sgrh.tsgrhprocesos
    ADD CONSTRAINT cod_creadopor_fk FOREIGN KEY (aud_creadopor) REFERENCES sgrh.tsgrhempleados(cod_empleado);


--
-- TOC entry 4161 (class 2606 OID 48083)
-- Name: tsgrhproveedores cod_creadopor_fk; Type: FK CONSTRAINT; Schema: sgrh; Owner: postgres
--

ALTER TABLE ONLY sgrh.tsgrhproveedores
    ADD CONSTRAINT cod_creadopor_fk FOREIGN KEY (aud_creadopor) REFERENCES sgrh.tsgrhempleados(cod_empleado);


--
-- TOC entry 4142 (class 2606 OID 48088)
-- Name: tsgrhlugares cod_creadopor_fk; Type: FK CONSTRAINT; Schema: sgrh; Owner: postgres
--

ALTER TABLE ONLY sgrh.tsgrhlugares
    ADD CONSTRAINT cod_creadopor_fk FOREIGN KEY (aud_creadopor) REFERENCES sgrh.tsgrhempleados(cod_empleado);


--
-- TOC entry 4127 (class 2606 OID 48093)
-- Name: tsgrhestatuscapacitacion cod_creadopor_fk; Type: FK CONSTRAINT; Schema: sgrh; Owner: postgres
--

ALTER TABLE ONLY sgrh.tsgrhestatuscapacitacion
    ADD CONSTRAINT cod_creadopor_fk FOREIGN KEY (aud_creadopor) REFERENCES sgrh.tsgrhempleados(cod_empleado);


--
-- TOC entry 4184 (class 2606 OID 48098)
-- Name: tsgrhtipocapacitacion cod_creadopor_fk; Type: FK CONSTRAINT; Schema: sgrh; Owner: postgres
--

ALTER TABLE ONLY sgrh.tsgrhtipocapacitacion
    ADD CONSTRAINT cod_creadopor_fk FOREIGN KEY (aud_creadopor) REFERENCES sgrh.tsgrhempleados(cod_empleado);


--
-- TOC entry 4146 (class 2606 OID 48103)
-- Name: tsgrhplancapacitacion cod_creadopor_fk; Type: FK CONSTRAINT; Schema: sgrh; Owner: postgres
--

ALTER TABLE ONLY sgrh.tsgrhplancapacitacion
    ADD CONSTRAINT cod_creadopor_fk FOREIGN KEY (aud_creadopor) REFERENCES sgrh.tsgrhempleados(cod_empleado);


--
-- TOC entry 4140 (class 2606 OID 48108)
-- Name: tsgrhlogistica cod_creadopor_fk; Type: FK CONSTRAINT; Schema: sgrh; Owner: postgres
--

ALTER TABLE ONLY sgrh.tsgrhlogistica
    ADD CONSTRAINT cod_creadopor_fk FOREIGN KEY (aud_creadopor) REFERENCES sgrh.tsgrhempleados(cod_empleado);


--
-- TOC entry 4164 (class 2606 OID 48113)
-- Name: tsgrhrelacionroles cod_creadopor_fk; Type: FK CONSTRAINT; Schema: sgrh; Owner: postgres
--

ALTER TABLE ONLY sgrh.tsgrhrelacionroles
    ADD CONSTRAINT cod_creadopor_fk FOREIGN KEY (aud_creadopor) REFERENCES sgrh.tsgrhempleados(cod_empleado);


--
-- TOC entry 4129 (class 2606 OID 48118)
-- Name: tsgrhevacapacitacion cod_creadopor_fk; Type: FK CONSTRAINT; Schema: sgrh; Owner: postgres
--

ALTER TABLE ONLY sgrh.tsgrhevacapacitacion
    ADD CONSTRAINT cod_creadopor_fk FOREIGN KEY (aud_creadopor) REFERENCES sgrh.tsgrhempleados(cod_empleado);


--
-- TOC entry 4145 (class 2606 OID 48123)
-- Name: tsgrhmodo cod_modificadopor_fk; Type: FK CONSTRAINT; Schema: sgrh; Owner: postgres
--

ALTER TABLE ONLY sgrh.tsgrhmodo
    ADD CONSTRAINT cod_modificadopor_fk FOREIGN KEY (aud_modificadopor) REFERENCES sgrh.tsgrhempleados(cod_empleado);


--
-- TOC entry 4182 (class 2606 OID 48128)
-- Name: tsgrhrolempleado cod_modificadopor_fk; Type: FK CONSTRAINT; Schema: sgrh; Owner: postgres
--

ALTER TABLE ONLY sgrh.tsgrhrolempleado
    ADD CONSTRAINT cod_modificadopor_fk FOREIGN KEY (aud_modificadopor) REFERENCES sgrh.tsgrhempleados(cod_empleado);


--
-- TOC entry 4160 (class 2606 OID 48133)
-- Name: tsgrhprocesos cod_modificadopor_fk; Type: FK CONSTRAINT; Schema: sgrh; Owner: postgres
--

ALTER TABLE ONLY sgrh.tsgrhprocesos
    ADD CONSTRAINT cod_modificadopor_fk FOREIGN KEY (aud_modificadopor) REFERENCES sgrh.tsgrhempleados(cod_empleado);


--
-- TOC entry 4162 (class 2606 OID 48138)
-- Name: tsgrhproveedores cod_modificadopor_fk; Type: FK CONSTRAINT; Schema: sgrh; Owner: postgres
--

ALTER TABLE ONLY sgrh.tsgrhproveedores
    ADD CONSTRAINT cod_modificadopor_fk FOREIGN KEY (aud_modificadopor) REFERENCES sgrh.tsgrhempleados(cod_empleado);


--
-- TOC entry 4143 (class 2606 OID 48143)
-- Name: tsgrhlugares cod_modificadopor_fk; Type: FK CONSTRAINT; Schema: sgrh; Owner: postgres
--

ALTER TABLE ONLY sgrh.tsgrhlugares
    ADD CONSTRAINT cod_modificadopor_fk FOREIGN KEY (aud_modificadopor) REFERENCES sgrh.tsgrhempleados(cod_empleado);


--
-- TOC entry 4128 (class 2606 OID 48148)
-- Name: tsgrhestatuscapacitacion cod_modificadopor_fk; Type: FK CONSTRAINT; Schema: sgrh; Owner: postgres
--

ALTER TABLE ONLY sgrh.tsgrhestatuscapacitacion
    ADD CONSTRAINT cod_modificadopor_fk FOREIGN KEY (aud_modificadopor) REFERENCES sgrh.tsgrhempleados(cod_empleado);


--
-- TOC entry 4185 (class 2606 OID 48153)
-- Name: tsgrhtipocapacitacion cod_modificadopor_fk; Type: FK CONSTRAINT; Schema: sgrh; Owner: postgres
--

ALTER TABLE ONLY sgrh.tsgrhtipocapacitacion
    ADD CONSTRAINT cod_modificadopor_fk FOREIGN KEY (aud_modificadopor) REFERENCES sgrh.tsgrhempleados(cod_empleado);


--
-- TOC entry 4147 (class 2606 OID 48158)
-- Name: tsgrhplancapacitacion cod_modificadopor_fk; Type: FK CONSTRAINT; Schema: sgrh; Owner: postgres
--

ALTER TABLE ONLY sgrh.tsgrhplancapacitacion
    ADD CONSTRAINT cod_modificadopor_fk FOREIGN KEY (aud_modificadopor) REFERENCES sgrh.tsgrhempleados(cod_empleado);


--
-- TOC entry 4141 (class 2606 OID 48163)
-- Name: tsgrhlogistica cod_modificadopor_fk; Type: FK CONSTRAINT; Schema: sgrh; Owner: postgres
--

ALTER TABLE ONLY sgrh.tsgrhlogistica
    ADD CONSTRAINT cod_modificadopor_fk FOREIGN KEY (aud_modificadopor) REFERENCES sgrh.tsgrhempleados(cod_empleado);


--
-- TOC entry 4165 (class 2606 OID 48168)
-- Name: tsgrhrelacionroles cod_modificadopor_fk; Type: FK CONSTRAINT; Schema: sgrh; Owner: postgres
--

ALTER TABLE ONLY sgrh.tsgrhrelacionroles
    ADD CONSTRAINT cod_modificadopor_fk FOREIGN KEY (aud_modificadopor) REFERENCES sgrh.tsgrhempleados(cod_empleado);


--
-- TOC entry 4130 (class 2606 OID 48173)
-- Name: tsgrhevacapacitacion cod_modificadopor_fk; Type: FK CONSTRAINT; Schema: sgrh; Owner: postgres
--

ALTER TABLE ONLY sgrh.tsgrhevacapacitacion
    ADD CONSTRAINT cod_modificadopor_fk FOREIGN KEY (aud_modificadopor) REFERENCES sgrh.tsgrhempleados(cod_empleado);


--
-- TOC entry 4166 (class 2606 OID 48178)
-- Name: tsgrhrelacionroles cod_plancapacitacion_fk; Type: FK CONSTRAINT; Schema: sgrh; Owner: postgres
--

ALTER TABLE ONLY sgrh.tsgrhrelacionroles
    ADD CONSTRAINT cod_plancapacitacion_fk FOREIGN KEY (cod_plancapacitacion) REFERENCES sgrh.tsgrhplancapacitacion(cod_plancapacitacion);


--
-- TOC entry 4167 (class 2606 OID 48183)
-- Name: tsgrhrelacionroles cod_rolempleado_fk; Type: FK CONSTRAINT; Schema: sgrh; Owner: postgres
--

ALTER TABLE ONLY sgrh.tsgrhrelacionroles
    ADD CONSTRAINT cod_rolempleado_fk FOREIGN KEY (cod_rolempleado) REFERENCES sgrh.tsgrhrolempleado(cod_rolempleado);


--
-- TOC entry 4102 (class 2606 OID 48188)
-- Name: tsgrhcartaasignacion fk_cod_ape; Type: FK CONSTRAINT; Schema: sgrh; Owner: postgres
--

ALTER TABLE ONLY sgrh.tsgrhcartaasignacion
    ADD CONSTRAINT fk_cod_ape FOREIGN KEY (cod_ape) REFERENCES sgrh.tsgrhempleados(cod_empleado) ON UPDATE CASCADE ON DELETE CASCADE;


--
-- TOC entry 4115 (class 2606 OID 48193)
-- Name: tsgrhempleados fk_cod_area; Type: FK CONSTRAINT; Schema: sgrh; Owner: postgres
--

ALTER TABLE ONLY sgrh.tsgrhempleados
    ADD CONSTRAINT fk_cod_area FOREIGN KEY (cod_area) REFERENCES sgrh.tsgrhareas(cod_area) ON UPDATE CASCADE ON DELETE CASCADE;


--
-- TOC entry 4163 (class 2606 OID 48198)
-- Name: tsgrhpuestos fk_cod_area; Type: FK CONSTRAINT; Schema: sgrh; Owner: postgres
--

ALTER TABLE ONLY sgrh.tsgrhpuestos
    ADD CONSTRAINT fk_cod_area FOREIGN KEY (cod_area) REFERENCES sgrh.tsgrhareas(cod_area) ON UPDATE CASCADE ON DELETE CASCADE;


--
-- TOC entry 4168 (class 2606 OID 48203)
-- Name: tsgrhrespuestasenc fk_cod_catrespuesta; Type: FK CONSTRAINT; Schema: sgrh; Owner: postgres
--

ALTER TABLE ONLY sgrh.tsgrhrespuestasenc
    ADD CONSTRAINT fk_cod_catrespuesta FOREIGN KEY (cod_catrespuesta) REFERENCES sgrh.tsgrhcatrespuestas(cod_catrespuesta);


--
-- TOC entry 4103 (class 2606 OID 48208)
-- Name: tsgrhcartaasignacion fk_cod_cliente; Type: FK CONSTRAINT; Schema: sgrh; Owner: postgres
--

ALTER TABLE ONLY sgrh.tsgrhcartaasignacion
    ADD CONSTRAINT fk_cod_cliente FOREIGN KEY (cod_cliente) REFERENCES sgrh.tsgrhclientes(cod_cliente) ON UPDATE CASCADE ON DELETE CASCADE;


--
-- TOC entry 4116 (class 2606 OID 48213)
-- Name: tsgrhempleados fk_cod_creadopor; Type: FK CONSTRAINT; Schema: sgrh; Owner: postgres
--

ALTER TABLE ONLY sgrh.tsgrhempleados
    ADD CONSTRAINT fk_cod_creadopor FOREIGN KEY (cod_creadopor) REFERENCES sgrh.tsgrhempleados(cod_empleado) ON UPDATE CASCADE ON DELETE CASCADE;


--
-- TOC entry 4113 (class 2606 OID 48218)
-- Name: tsgrhcontratos fk_cod_creadopor; Type: FK CONSTRAINT; Schema: sgrh; Owner: postgres
--

ALTER TABLE ONLY sgrh.tsgrhcontratos
    ADD CONSTRAINT fk_cod_creadopor FOREIGN KEY (cod_creadopor) REFERENCES sgrh.tsgrhempleados(cod_empleado) ON UPDATE CASCADE ON DELETE CASCADE;


--
-- TOC entry 4111 (class 2606 OID 48223)
-- Name: tsgrhcontrataciones fk_cod_creadopor; Type: FK CONSTRAINT; Schema: sgrh; Owner: postgres
--

ALTER TABLE ONLY sgrh.tsgrhcontrataciones
    ADD CONSTRAINT fk_cod_creadopor FOREIGN KEY (cod_creadopor) REFERENCES sgrh.tsgrhempleados(cod_empleado) ON UPDATE CASCADE ON DELETE CASCADE;


--
-- TOC entry 4120 (class 2606 OID 48228)
-- Name: tsgrhencuesta fk_cod_creadopor; Type: FK CONSTRAINT; Schema: sgrh; Owner: postgres
--

ALTER TABLE ONLY sgrh.tsgrhencuesta
    ADD CONSTRAINT fk_cod_creadopor FOREIGN KEY (cod_creadopor) REFERENCES sgrh.tsgrhempleados(cod_empleado) ON UPDATE CASCADE ON DELETE CASCADE;


--
-- TOC entry 4136 (class 2606 OID 48233)
-- Name: tsgrhevaluaciones fk_cod_creadopor; Type: FK CONSTRAINT; Schema: sgrh; Owner: postgres
--

ALTER TABLE ONLY sgrh.tsgrhevaluaciones
    ADD CONSTRAINT fk_cod_creadopor FOREIGN KEY (cod_creadopor) REFERENCES sgrh.tsgrhempleados(cod_empleado) ON UPDATE CASCADE ON DELETE CASCADE;


--
-- TOC entry 4154 (class 2606 OID 48238)
-- Name: tsgrhplanoperativo fk_cod_creadopor; Type: FK CONSTRAINT; Schema: sgrh; Owner: postgres
--

ALTER TABLE ONLY sgrh.tsgrhplanoperativo
    ADD CONSTRAINT fk_cod_creadopor FOREIGN KEY (cod_creadopor) REFERENCES sgrh.tsgrhempleados(cod_empleado) ON UPDATE CASCADE ON DELETE CASCADE;


--
-- TOC entry 4172 (class 2606 OID 48243)
-- Name: tsgrhrevplanoperativo fk_cod_creadopor; Type: FK CONSTRAINT; Schema: sgrh; Owner: postgres
--

ALTER TABLE ONLY sgrh.tsgrhrevplanoperativo
    ADD CONSTRAINT fk_cod_creadopor FOREIGN KEY (cod_creadopor) REFERENCES sgrh.tsgrhempleados(cod_empleado) ON UPDATE CASCADE ON DELETE CASCADE;


--
-- TOC entry 4104 (class 2606 OID 48248)
-- Name: tsgrhcartaasignacion fk_cod_creadopor; Type: FK CONSTRAINT; Schema: sgrh; Owner: postgres
--

ALTER TABLE ONLY sgrh.tsgrhcartaasignacion
    ADD CONSTRAINT fk_cod_creadopor FOREIGN KEY (cod_creadopor) REFERENCES sgrh.tsgrhempleados(cod_empleado) ON UPDATE CASCADE ON DELETE CASCADE;


--
-- TOC entry 4138 (class 2606 OID 48253)
-- Name: tsgrhexperienciaslaborales fk_cod_empleado; Type: FK CONSTRAINT; Schema: sgrh; Owner: postgres
--

ALTER TABLE ONLY sgrh.tsgrhexperienciaslaborales
    ADD CONSTRAINT fk_cod_empleado FOREIGN KEY (cod_empleado) REFERENCES sgrh.tsgrhempleados(cod_empleado) ON UPDATE CASCADE ON DELETE CASCADE;


--
-- TOC entry 4126 (class 2606 OID 48258)
-- Name: tsgrhescolaridad fk_cod_empleado; Type: FK CONSTRAINT; Schema: sgrh; Owner: postgres
--

ALTER TABLE ONLY sgrh.tsgrhescolaridad
    ADD CONSTRAINT fk_cod_empleado FOREIGN KEY (cod_empleado) REFERENCES sgrh.tsgrhempleados(cod_empleado) ON UPDATE CASCADE ON DELETE CASCADE;


--
-- TOC entry 4101 (class 2606 OID 48263)
-- Name: tsgrhcapacitaciones fk_cod_empleado; Type: FK CONSTRAINT; Schema: sgrh; Owner: postgres
--

ALTER TABLE ONLY sgrh.tsgrhcapacitaciones
    ADD CONSTRAINT fk_cod_empleado FOREIGN KEY (cod_empleado) REFERENCES sgrh.tsgrhempleados(cod_empleado) ON UPDATE CASCADE ON DELETE CASCADE;


--
-- TOC entry 4105 (class 2606 OID 48268)
-- Name: tsgrhcartaasignacion fk_cod_empleado; Type: FK CONSTRAINT; Schema: sgrh; Owner: postgres
--

ALTER TABLE ONLY sgrh.tsgrhcartaasignacion
    ADD CONSTRAINT fk_cod_empleado FOREIGN KEY (cod_empleado) REFERENCES sgrh.tsgrhempleados(cod_empleado) ON UPDATE CASCADE ON DELETE CASCADE;


--
-- TOC entry 4156 (class 2606 OID 48273)
-- Name: tsgrhpreguntasenc fk_cod_encuesta; Type: FK CONSTRAINT; Schema: sgrh; Owner: postgres
--

ALTER TABLE ONLY sgrh.tsgrhpreguntasenc
    ADD CONSTRAINT fk_cod_encuesta FOREIGN KEY (cod_encuesta) REFERENCES sgrh.tsgrhencuesta(cod_encuesta) ON UPDATE CASCADE ON DELETE CASCADE;


--
-- TOC entry 4170 (class 2606 OID 48278)
-- Name: tsgrhrespuestaseva fk_cod_evacontestada; Type: FK CONSTRAINT; Schema: sgrh; Owner: postgres
--

ALTER TABLE ONLY sgrh.tsgrhrespuestaseva
    ADD CONSTRAINT fk_cod_evacontestada FOREIGN KEY (cod_evacontestada) REFERENCES sgrh.tsgrhevacontestadas(cod_evacontestada) ON UPDATE CASCADE ON DELETE CASCADE;


--
-- TOC entry 4157 (class 2606 OID 48283)
-- Name: tsgrhpreguntaseva fk_cod_evaluacion; Type: FK CONSTRAINT; Schema: sgrh; Owner: postgres
--

ALTER TABLE ONLY sgrh.tsgrhpreguntaseva
    ADD CONSTRAINT fk_cod_evaluacion FOREIGN KEY (cod_evaluacion) REFERENCES sgrh.tsgrhevaluaciones(cod_evaluacion) ON UPDATE CASCADE ON DELETE CASCADE;


--
-- TOC entry 4133 (class 2606 OID 48288)
-- Name: tsgrhevacontestadas fk_cod_evaluacion; Type: FK CONSTRAINT; Schema: sgrh; Owner: postgres
--

ALTER TABLE ONLY sgrh.tsgrhevacontestadas
    ADD CONSTRAINT fk_cod_evaluacion FOREIGN KEY (cod_evaluacion) REFERENCES sgrh.tsgrhevaluaciones(cod_evaluacion) ON UPDATE CASCADE ON DELETE CASCADE;


--
-- TOC entry 4186 (class 2606 OID 48293)
-- Name: tsgrhvalidaevaluaciondes fk_cod_evaluacion; Type: FK CONSTRAINT; Schema: sgrh; Owner: postgres
--

ALTER TABLE ONLY sgrh.tsgrhvalidaevaluaciondes
    ADD CONSTRAINT fk_cod_evaluacion FOREIGN KEY (cod_evaluacion) REFERENCES sgrh.tsgrhevaluaciones(cod_evaluacion) ON UPDATE CASCADE ON DELETE CASCADE;


--
-- TOC entry 4134 (class 2606 OID 48298)
-- Name: tsgrhevacontestadas fk_cod_evaluado; Type: FK CONSTRAINT; Schema: sgrh; Owner: postgres
--

ALTER TABLE ONLY sgrh.tsgrhevacontestadas
    ADD CONSTRAINT fk_cod_evaluado FOREIGN KEY (cod_evaluado) REFERENCES sgrh.tsgrhempleados(cod_empleado) ON UPDATE CASCADE ON DELETE CASCADE;


--
-- TOC entry 4187 (class 2606 OID 48303)
-- Name: tsgrhvalidaevaluaciondes fk_cod_evaluado; Type: FK CONSTRAINT; Schema: sgrh; Owner: postgres
--

ALTER TABLE ONLY sgrh.tsgrhvalidaevaluaciondes
    ADD CONSTRAINT fk_cod_evaluado FOREIGN KEY (cod_evaluado) REFERENCES sgrh.tsgrhempleados(cod_empleado) ON UPDATE CASCADE ON DELETE CASCADE;


--
-- TOC entry 4135 (class 2606 OID 48308)
-- Name: tsgrhevacontestadas fk_cod_evaluador; Type: FK CONSTRAINT; Schema: sgrh; Owner: postgres
--

ALTER TABLE ONLY sgrh.tsgrhevacontestadas
    ADD CONSTRAINT fk_cod_evaluador FOREIGN KEY (cod_evaluador) REFERENCES sgrh.tsgrhempleados(cod_empleado) ON UPDATE CASCADE ON DELETE CASCADE;


--
-- TOC entry 4188 (class 2606 OID 48313)
-- Name: tsgrhvalidaevaluaciondes fk_cod_evaluador; Type: FK CONSTRAINT; Schema: sgrh; Owner: postgres
--

ALTER TABLE ONLY sgrh.tsgrhvalidaevaluaciondes
    ADD CONSTRAINT fk_cod_evaluador FOREIGN KEY (cod_evaluador) REFERENCES sgrh.tsgrhempleados(cod_empleado) ON UPDATE CASCADE ON DELETE CASCADE;


--
-- TOC entry 4183 (class 2606 OID 48318)
-- Name: tsgrhsubfactoreseva fk_cod_factor; Type: FK CONSTRAINT; Schema: sgrh; Owner: postgres
--

ALTER TABLE ONLY sgrh.tsgrhsubfactoreseva
    ADD CONSTRAINT fk_cod_factor FOREIGN KEY (cod_factor) REFERENCES sgrh.tsgrhfactoreseva(cod_factor) ON UPDATE CASCADE ON DELETE CASCADE;


--
-- TOC entry 4106 (class 2606 OID 48323)
-- Name: tsgrhcartaasignacion fk_cod_gpy; Type: FK CONSTRAINT; Schema: sgrh; Owner: postgres
--

ALTER TABLE ONLY sgrh.tsgrhcartaasignacion
    ADD CONSTRAINT fk_cod_gpy FOREIGN KEY (cod_gpy) REFERENCES sgrh.tsgrhempleados(cod_empleado) ON UPDATE CASCADE ON DELETE CASCADE;


--
-- TOC entry 4189 (class 2606 OID 48328)
-- Name: tsgrhvalidaevaluaciondes fk_cod_lugar; Type: FK CONSTRAINT; Schema: sgrh; Owner: postgres
--

ALTER TABLE ONLY sgrh.tsgrhvalidaevaluaciondes
    ADD CONSTRAINT fk_cod_lugar FOREIGN KEY (cod_lugar) REFERENCES sgrt.tsgrtlugares(cod_lugar) ON UPDATE CASCADE ON DELETE CASCADE;


--
-- TOC entry 4173 (class 2606 OID 48333)
-- Name: tsgrhrevplanoperativo fk_cod_lugar; Type: FK CONSTRAINT; Schema: sgrh; Owner: postgres
--

ALTER TABLE ONLY sgrh.tsgrhrevplanoperativo
    ADD CONSTRAINT fk_cod_lugar FOREIGN KEY (cod_lugar) REFERENCES sgrt.tsgrtlugares(cod_lugar) ON UPDATE CASCADE ON DELETE CASCADE;


--
-- TOC entry 4117 (class 2606 OID 48338)
-- Name: tsgrhempleados fk_cod_modificadopor; Type: FK CONSTRAINT; Schema: sgrh; Owner: postgres
--

ALTER TABLE ONLY sgrh.tsgrhempleados
    ADD CONSTRAINT fk_cod_modificadopor FOREIGN KEY (cod_modificadopor) REFERENCES sgrh.tsgrhempleados(cod_empleado) ON UPDATE CASCADE ON DELETE CASCADE;


--
-- TOC entry 4114 (class 2606 OID 48343)
-- Name: tsgrhcontratos fk_cod_modificadopor; Type: FK CONSTRAINT; Schema: sgrh; Owner: postgres
--

ALTER TABLE ONLY sgrh.tsgrhcontratos
    ADD CONSTRAINT fk_cod_modificadopor FOREIGN KEY (cod_modificadopor) REFERENCES sgrh.tsgrhempleados(cod_empleado) ON UPDATE CASCADE ON DELETE CASCADE;


--
-- TOC entry 4112 (class 2606 OID 48348)
-- Name: tsgrhcontrataciones fk_cod_modificadopor; Type: FK CONSTRAINT; Schema: sgrh; Owner: postgres
--

ALTER TABLE ONLY sgrh.tsgrhcontrataciones
    ADD CONSTRAINT fk_cod_modificadopor FOREIGN KEY (cod_modificadopor) REFERENCES sgrh.tsgrhempleados(cod_empleado) ON UPDATE CASCADE ON DELETE CASCADE;


--
-- TOC entry 4121 (class 2606 OID 48353)
-- Name: tsgrhencuesta fk_cod_modificadopor; Type: FK CONSTRAINT; Schema: sgrh; Owner: postgres
--

ALTER TABLE ONLY sgrh.tsgrhencuesta
    ADD CONSTRAINT fk_cod_modificadopor FOREIGN KEY (cod_modificadopor) REFERENCES sgrh.tsgrhempleados(cod_empleado) ON UPDATE CASCADE ON DELETE CASCADE;


--
-- TOC entry 4137 (class 2606 OID 48358)
-- Name: tsgrhevaluaciones fk_cod_modificadopor; Type: FK CONSTRAINT; Schema: sgrh; Owner: postgres
--

ALTER TABLE ONLY sgrh.tsgrhevaluaciones
    ADD CONSTRAINT fk_cod_modificadopor FOREIGN KEY (cod_modificadopor) REFERENCES sgrh.tsgrhempleados(cod_empleado) ON UPDATE CASCADE ON DELETE CASCADE;


--
-- TOC entry 4155 (class 2606 OID 48363)
-- Name: tsgrhplanoperativo fk_cod_modificadopor; Type: FK CONSTRAINT; Schema: sgrh; Owner: postgres
--

ALTER TABLE ONLY sgrh.tsgrhplanoperativo
    ADD CONSTRAINT fk_cod_modificadopor FOREIGN KEY (cod_modificadopor) REFERENCES sgrh.tsgrhempleados(cod_empleado) ON UPDATE CASCADE ON DELETE CASCADE;


--
-- TOC entry 4174 (class 2606 OID 48368)
-- Name: tsgrhrevplanoperativo fk_cod_modificadopor; Type: FK CONSTRAINT; Schema: sgrh; Owner: postgres
--

ALTER TABLE ONLY sgrh.tsgrhrevplanoperativo
    ADD CONSTRAINT fk_cod_modificadopor FOREIGN KEY (cod_modificadopor) REFERENCES sgrh.tsgrhempleados(cod_empleado) ON UPDATE CASCADE ON DELETE CASCADE;


--
-- TOC entry 4107 (class 2606 OID 48373)
-- Name: tsgrhcartaasignacion fk_cod_modificadopor; Type: FK CONSTRAINT; Schema: sgrh; Owner: postgres
--

ALTER TABLE ONLY sgrh.tsgrhcartaasignacion
    ADD CONSTRAINT fk_cod_modificadopor FOREIGN KEY (cod_modificadopor) REFERENCES sgrh.tsgrhempleados(cod_empleado) ON UPDATE CASCADE ON DELETE CASCADE;


--
-- TOC entry 4190 (class 2606 OID 48378)
-- Name: tsgrhvalidaevaluaciondes fk_cod_participante1; Type: FK CONSTRAINT; Schema: sgrh; Owner: postgres
--

ALTER TABLE ONLY sgrh.tsgrhvalidaevaluaciondes
    ADD CONSTRAINT fk_cod_participante1 FOREIGN KEY (cod_participante1) REFERENCES sgrh.tsgrhempleados(cod_empleado) ON UPDATE CASCADE ON DELETE CASCADE;


--
-- TOC entry 4175 (class 2606 OID 48383)
-- Name: tsgrhrevplanoperativo fk_cod_participante1; Type: FK CONSTRAINT; Schema: sgrh; Owner: postgres
--

ALTER TABLE ONLY sgrh.tsgrhrevplanoperativo
    ADD CONSTRAINT fk_cod_participante1 FOREIGN KEY (cod_participante1) REFERENCES sgrh.tsgrhempleados(cod_empleado) ON UPDATE CASCADE ON DELETE CASCADE;


--
-- TOC entry 4191 (class 2606 OID 48388)
-- Name: tsgrhvalidaevaluaciondes fk_cod_participante2; Type: FK CONSTRAINT; Schema: sgrh; Owner: postgres
--

ALTER TABLE ONLY sgrh.tsgrhvalidaevaluaciondes
    ADD CONSTRAINT fk_cod_participante2 FOREIGN KEY (cod_participante2) REFERENCES sgrh.tsgrhempleados(cod_empleado) ON UPDATE CASCADE ON DELETE CASCADE;


--
-- TOC entry 4176 (class 2606 OID 48393)
-- Name: tsgrhrevplanoperativo fk_cod_participante2; Type: FK CONSTRAINT; Schema: sgrh; Owner: postgres
--

ALTER TABLE ONLY sgrh.tsgrhrevplanoperativo
    ADD CONSTRAINT fk_cod_participante2 FOREIGN KEY (cod_participante2) REFERENCES sgrh.tsgrhempleados(cod_empleado) ON UPDATE CASCADE ON DELETE CASCADE;


--
-- TOC entry 4192 (class 2606 OID 48398)
-- Name: tsgrhvalidaevaluaciondes fk_cod_participante3; Type: FK CONSTRAINT; Schema: sgrh; Owner: postgres
--

ALTER TABLE ONLY sgrh.tsgrhvalidaevaluaciondes
    ADD CONSTRAINT fk_cod_participante3 FOREIGN KEY (cod_participante3) REFERENCES sgrh.tsgrhempleados(cod_empleado) ON UPDATE CASCADE ON DELETE CASCADE;


--
-- TOC entry 4177 (class 2606 OID 48403)
-- Name: tsgrhrevplanoperativo fk_cod_participante3; Type: FK CONSTRAINT; Schema: sgrh; Owner: postgres
--

ALTER TABLE ONLY sgrh.tsgrhrevplanoperativo
    ADD CONSTRAINT fk_cod_participante3 FOREIGN KEY (cod_participante3) REFERENCES sgrh.tsgrhempleados(cod_empleado) ON UPDATE CASCADE ON DELETE CASCADE;


--
-- TOC entry 4193 (class 2606 OID 48408)
-- Name: tsgrhvalidaevaluaciondes fk_cod_participante4; Type: FK CONSTRAINT; Schema: sgrh; Owner: postgres
--

ALTER TABLE ONLY sgrh.tsgrhvalidaevaluaciondes
    ADD CONSTRAINT fk_cod_participante4 FOREIGN KEY (cod_participante4) REFERENCES sgrh.tsgrhempleados(cod_empleado) ON UPDATE CASCADE ON DELETE CASCADE;


--
-- TOC entry 4178 (class 2606 OID 48413)
-- Name: tsgrhrevplanoperativo fk_cod_participante4; Type: FK CONSTRAINT; Schema: sgrh; Owner: postgres
--

ALTER TABLE ONLY sgrh.tsgrhrevplanoperativo
    ADD CONSTRAINT fk_cod_participante4 FOREIGN KEY (cod_participante4) REFERENCES sgrh.tsgrhempleados(cod_empleado) ON UPDATE CASCADE ON DELETE CASCADE;


--
-- TOC entry 4179 (class 2606 OID 48418)
-- Name: tsgrhrevplanoperativo fk_cod_participante5; Type: FK CONSTRAINT; Schema: sgrh; Owner: postgres
--

ALTER TABLE ONLY sgrh.tsgrhrevplanoperativo
    ADD CONSTRAINT fk_cod_participante5 FOREIGN KEY (cod_participante5) REFERENCES sgrh.tsgrhempleados(cod_empleado) ON UPDATE CASCADE ON DELETE CASCADE;


--
-- TOC entry 4108 (class 2606 OID 48423)
-- Name: tsgrhcartaasignacion fk_cod_perfil; Type: FK CONSTRAINT; Schema: sgrh; Owner: postgres
--

ALTER TABLE ONLY sgrh.tsgrhcartaasignacion
    ADD CONSTRAINT fk_cod_perfil FOREIGN KEY (cod_perfil) REFERENCES sgrh.tsgrhperfiles(cod_perfil) ON UPDATE CASCADE ON DELETE CASCADE;


--
-- TOC entry 4180 (class 2606 OID 48428)
-- Name: tsgrhrevplanoperativo fk_cod_planoperativo; Type: FK CONSTRAINT; Schema: sgrh; Owner: postgres
--

ALTER TABLE ONLY sgrh.tsgrhrevplanoperativo
    ADD CONSTRAINT fk_cod_planoperativo FOREIGN KEY (cod_planoperativo) REFERENCES sgrh.tsgrhplanoperativo(cod_planoperativo) ON UPDATE CASCADE ON DELETE CASCADE;


--
-- TOC entry 4169 (class 2606 OID 48433)
-- Name: tsgrhrespuestasenc fk_cod_pregunta; Type: FK CONSTRAINT; Schema: sgrh; Owner: postgres
--

ALTER TABLE ONLY sgrh.tsgrhrespuestasenc
    ADD CONSTRAINT fk_cod_pregunta FOREIGN KEY (cod_pregunta) REFERENCES sgrh.tsgrhpreguntasenc(cod_pregunta) ON UPDATE CASCADE ON DELETE CASCADE;


--
-- TOC entry 4171 (class 2606 OID 48438)
-- Name: tsgrhrespuestaseva fk_cod_pregunta; Type: FK CONSTRAINT; Schema: sgrh; Owner: postgres
--

ALTER TABLE ONLY sgrh.tsgrhrespuestaseva
    ADD CONSTRAINT fk_cod_pregunta FOREIGN KEY (cod_pregunta) REFERENCES sgrh.tsgrhpreguntaseva(cod_pregunta) ON UPDATE CASCADE ON DELETE CASCADE;


--
-- TOC entry 4118 (class 2606 OID 48443)
-- Name: tsgrhempleados fk_cod_puesto; Type: FK CONSTRAINT; Schema: sgrh; Owner: postgres
--

ALTER TABLE ONLY sgrh.tsgrhempleados
    ADD CONSTRAINT fk_cod_puesto FOREIGN KEY (cod_puesto) REFERENCES sgrh.tsgrhpuestos(cod_puesto) ON UPDATE CASCADE ON DELETE CASCADE;


--
-- TOC entry 4109 (class 2606 OID 48448)
-- Name: tsgrhcartaasignacion fk_cod_rhat; Type: FK CONSTRAINT; Schema: sgrh; Owner: postgres
--

ALTER TABLE ONLY sgrh.tsgrhcartaasignacion
    ADD CONSTRAINT fk_cod_rhat FOREIGN KEY (cod_rhta) REFERENCES sgrh.tsgrhempleados(cod_empleado) ON UPDATE CASCADE ON DELETE CASCADE;


--
-- TOC entry 4110 (class 2606 OID 48453)
-- Name: tsgrhcartaasignacion fk_cod_rys; Type: FK CONSTRAINT; Schema: sgrh; Owner: postgres
--

ALTER TABLE ONLY sgrh.tsgrhcartaasignacion
    ADD CONSTRAINT fk_cod_rys FOREIGN KEY (cod_rys) REFERENCES sgrh.tsgrhempleados(cod_empleado) ON UPDATE CASCADE ON DELETE CASCADE;


--
-- TOC entry 4097 (class 2606 OID 48458)
-- Name: tsgrhareas fk_cod_sistemasuite; Type: FK CONSTRAINT; Schema: sgrh; Owner: postgres
--

ALTER TABLE ONLY sgrh.tsgrhareas
    ADD CONSTRAINT fk_cod_sistemasuite FOREIGN KEY (cod_sistemasuite) REFERENCES sgco.tsgcosistemas(cod_sistema) ON UPDATE CASCADE ON DELETE CASCADE;


--
-- TOC entry 4119 (class 2606 OID 48463)
-- Name: tsgrhempleados fk_cod_sistemasuite; Type: FK CONSTRAINT; Schema: sgrh; Owner: postgres
--

ALTER TABLE ONLY sgrh.tsgrhempleados
    ADD CONSTRAINT fk_cod_sistemasuite FOREIGN KEY (cod_sistemasuite) REFERENCES sgco.tsgcosistemas(cod_sistema) ON UPDATE CASCADE ON DELETE CASCADE;


--
-- TOC entry 4158 (class 2606 OID 48468)
-- Name: tsgrhpreguntaseva fk_cod_subfactor; Type: FK CONSTRAINT; Schema: sgrh; Owner: postgres
--

ALTER TABLE ONLY sgrh.tsgrhpreguntaseva
    ADD CONSTRAINT fk_cod_subfactor FOREIGN KEY (cod_subfactor) REFERENCES sgrh.tsgrhsubfactoreseva(cod_subfactor) ON UPDATE CASCADE ON DELETE CASCADE;


--
-- TOC entry 4098 (class 2606 OID 48473)
-- Name: tsgrhasignacionesemp fk_codasignadopor_asignacionesempleados; Type: FK CONSTRAINT; Schema: sgrh; Owner: postgres
--

ALTER TABLE ONLY sgrh.tsgrhasignacionesemp
    ADD CONSTRAINT fk_codasignadopor_asignacionesempleados FOREIGN KEY (cod_asignadopor) REFERENCES sgrh.tsgrhempleados(cod_empleado);


--
-- TOC entry 4131 (class 2606 OID 48478)
-- Name: tsgrhevacapacitacion fk_codempleado_evacapacitacionesemp; Type: FK CONSTRAINT; Schema: sgrh; Owner: postgres
--

ALTER TABLE ONLY sgrh.tsgrhevacapacitacion
    ADD CONSTRAINT fk_codempleado_evacapacitacionesemp FOREIGN KEY (cod_empleado) REFERENCES sgrh.tsgrhempleados(cod_empleado);


--
-- TOC entry 4099 (class 2606 OID 48483)
-- Name: tsgrhasignacionesemp fk_codprospecto_asignacionesempleados; Type: FK CONSTRAINT; Schema: sgrh; Owner: postgres
--

ALTER TABLE ONLY sgrh.tsgrhasignacionesemp
    ADD CONSTRAINT fk_codprospecto_asignacionesempleados FOREIGN KEY (cod_empleado) REFERENCES sgrh.tsgrhempleados(cod_empleado);


--
-- TOC entry 4100 (class 2606 OID 48488)
-- Name: tsgrhasignacionesemp fk_codpuesto_asignacionesempleados; Type: FK CONSTRAINT; Schema: sgrh; Owner: postgres
--

ALTER TABLE ONLY sgrh.tsgrhasignacionesemp
    ADD CONSTRAINT fk_codpuesto_asignacionesempleados FOREIGN KEY (cod_puesto) REFERENCES sgrh.tsgrhpuestos(cod_puesto);


--
-- TOC entry 4132 (class 2606 OID 48493)
-- Name: tsgrhevacapacitacion fk_plancapacitacion_evacapacitacionesemp; Type: FK CONSTRAINT; Schema: sgrh; Owner: postgres
--

ALTER TABLE ONLY sgrh.tsgrhevacapacitacion
    ADD CONSTRAINT fk_plancapacitacion_evacapacitacionesemp FOREIGN KEY (cod_plancapacitacion) REFERENCES sgrh.tsgrhplancapacitacion(cod_plancapacitacion);


--
-- TOC entry 4148 (class 2606 OID 48498)
-- Name: tsgrhplancapacitacion plancap_tipocapacitacion_fk; Type: FK CONSTRAINT; Schema: sgrh; Owner: postgres
--

ALTER TABLE ONLY sgrh.tsgrhplancapacitacion
    ADD CONSTRAINT plancap_tipocapacitacion_fk FOREIGN KEY (cod_tipocapacitacion) REFERENCES sgrh.tsgrhtipocapacitacion(cod_tipocapacitacion);


--
-- TOC entry 4149 (class 2606 OID 48503)
-- Name: tsgrhplancapacitacion plancapacitacion_estatus_fk; Type: FK CONSTRAINT; Schema: sgrh; Owner: postgres
--

ALTER TABLE ONLY sgrh.tsgrhplancapacitacion
    ADD CONSTRAINT plancapacitacion_estatus_fk FOREIGN KEY (cod_estatus) REFERENCES sgrh.tsgrhestatuscapacitacion(cod_estatus);


--
-- TOC entry 4150 (class 2606 OID 48508)
-- Name: tsgrhplancapacitacion plancapacitacion_lugar_fk; Type: FK CONSTRAINT; Schema: sgrh; Owner: postgres
--

ALTER TABLE ONLY sgrh.tsgrhplancapacitacion
    ADD CONSTRAINT plancapacitacion_lugar_fk FOREIGN KEY (cod_lugar) REFERENCES sgrh.tsgrhlugares(cod_lugar);


--
-- TOC entry 4151 (class 2606 OID 48513)
-- Name: tsgrhplancapacitacion plancapacitacion_modo_fk; Type: FK CONSTRAINT; Schema: sgrh; Owner: postgres
--

ALTER TABLE ONLY sgrh.tsgrhplancapacitacion
    ADD CONSTRAINT plancapacitacion_modo_fk FOREIGN KEY (cod_modo) REFERENCES sgrh.tsgrhmodo(cod_modo);


--
-- TOC entry 4152 (class 2606 OID 48518)
-- Name: tsgrhplancapacitacion plancapacitacion_proceso_fk; Type: FK CONSTRAINT; Schema: sgrh; Owner: postgres
--

ALTER TABLE ONLY sgrh.tsgrhplancapacitacion
    ADD CONSTRAINT plancapacitacion_proceso_fk FOREIGN KEY (cod_proceso) REFERENCES sgrh.tsgrhprocesos(cod_proceso);


--
-- TOC entry 4153 (class 2606 OID 48523)
-- Name: tsgrhplancapacitacion plancapacitacion_proveedor_fk; Type: FK CONSTRAINT; Schema: sgrh; Owner: postgres
--

ALTER TABLE ONLY sgrh.tsgrhplancapacitacion
    ADD CONSTRAINT plancapacitacion_proveedor_fk FOREIGN KEY (cod_proveedor) REFERENCES sgrh.tsgrhproveedores(cod_proveedor);


--
-- TOC entry 4122 (class 2606 OID 48528)
-- Name: tsgrhencuesta_participantes tsgrhencuesta_participantes_cod_empleado_fkey; Type: FK CONSTRAINT; Schema: sgrh; Owner: postgres
--

ALTER TABLE ONLY sgrh.tsgrhencuesta_participantes
    ADD CONSTRAINT tsgrhencuesta_participantes_cod_empleado_fkey FOREIGN KEY (cod_empleado) REFERENCES sgrh.tsgrhempleados(cod_empleado);


--
-- TOC entry 4123 (class 2606 OID 48533)
-- Name: tsgrhencuesta_participantes tsgrhencuesta_participantes_cod_encuesta_fkey; Type: FK CONSTRAINT; Schema: sgrh; Owner: postgres
--

ALTER TABLE ONLY sgrh.tsgrhencuesta_participantes
    ADD CONSTRAINT tsgrhencuesta_participantes_cod_encuesta_fkey FOREIGN KEY (cod_encuesta) REFERENCES sgrh.tsgrhencuesta(cod_encuesta);


--
-- TOC entry 4124 (class 2606 OID 48538)
-- Name: tsgrhencuesta_participantes tsgrhencuesta_participantes_cod_pregunta_fkey; Type: FK CONSTRAINT; Schema: sgrh; Owner: postgres
--

ALTER TABLE ONLY sgrh.tsgrhencuesta_participantes
    ADD CONSTRAINT tsgrhencuesta_participantes_cod_pregunta_fkey FOREIGN KEY (cod_pregunta) REFERENCES sgrh.tsgrhpreguntasenc(cod_pregunta);


--
-- TOC entry 4125 (class 2606 OID 48543)
-- Name: tsgrhencuesta_participantes tsgrhencuesta_participantes_cod_respuesta_fkey; Type: FK CONSTRAINT; Schema: sgrh; Owner: postgres
--

ALTER TABLE ONLY sgrh.tsgrhencuesta_participantes
    ADD CONSTRAINT tsgrhencuesta_participantes_cod_respuesta_fkey FOREIGN KEY (cod_respuesta) REFERENCES sgrh.tsgrhrespuestasenc(cod_respuesta);


--
-- TOC entry 4209 (class 2606 OID 48548)
-- Name: tsgrtcomentariosagenda fk_cod_agenda; Type: FK CONSTRAINT; Schema: sgrt; Owner: postgres
--

ALTER TABLE ONLY sgrt.tsgrtcomentariosagenda
    ADD CONSTRAINT fk_cod_agenda FOREIGN KEY (cod_agenda) REFERENCES sgrt.tsgrtagenda(cod_agenda) ON UPDATE CASCADE ON DELETE CASCADE;


--
-- TOC entry 4228 (class 2606 OID 48553)
-- Name: tsgrtfaq fk_cod_categoria; Type: FK CONSTRAINT; Schema: sgrt; Owner: postgres
--

ALTER TABLE ONLY sgrt.tsgrtfaq
    ADD CONSTRAINT fk_cod_categoria FOREIGN KEY (cod_categoriafaq) REFERENCES sgrt.tsgrtcategoriafaq(cod_categoriafaq) ON UPDATE CASCADE ON DELETE CASCADE;


--
-- TOC entry 4213 (class 2606 OID 48558)
-- Name: tsgrtcompromisos fk_cod_chat; Type: FK CONSTRAINT; Schema: sgrt; Owner: postgres
--

ALTER TABLE ONLY sgrt.tsgrtcompromisos
    ADD CONSTRAINT fk_cod_chat FOREIGN KEY (cod_chat) REFERENCES sgrt.tsgrtchat(cod_chat);


--
-- TOC entry 4236 (class 2606 OID 48563)
-- Name: tsgrtlugares fk_cod_ciudad; Type: FK CONSTRAINT; Schema: sgrt; Owner: postgres
--

ALTER TABLE ONLY sgrt.tsgrtlugares
    ADD CONSTRAINT fk_cod_ciudad FOREIGN KEY (cod_ciudad) REFERENCES sgrt.tsgrtciudades(cod_ciudad) ON UPDATE CASCADE ON DELETE CASCADE;


--
-- TOC entry 4223 (class 2606 OID 48568)
-- Name: tsgrtdepartamento fk_cod_correo; Type: FK CONSTRAINT; Schema: sgrt; Owner: postgres
--

ALTER TABLE ONLY sgrt.tsgrtdepartamento
    ADD CONSTRAINT fk_cod_correo FOREIGN KEY (cod_correo) REFERENCES sgrt.tsgrtcorreo(cod_correo) ON UPDATE CASCADE ON DELETE CASCADE;


--
-- TOC entry 4207 (class 2606 OID 48573)
-- Name: tsgrtcategoriafaq fk_cod_creadopor; Type: FK CONSTRAINT; Schema: sgrt; Owner: postgres
--

ALTER TABLE ONLY sgrt.tsgrtcategoriafaq
    ADD CONSTRAINT fk_cod_creadopor FOREIGN KEY (cod_creadopor) REFERENCES sgrh.tsgrhempleados(cod_empleado) ON UPDATE CASCADE ON DELETE CASCADE;


--
-- TOC entry 4215 (class 2606 OID 48578)
-- Name: tsgrtcorreo fk_cod_creadopor; Type: FK CONSTRAINT; Schema: sgrt; Owner: postgres
--

ALTER TABLE ONLY sgrt.tsgrtcorreo
    ADD CONSTRAINT fk_cod_creadopor FOREIGN KEY (cod_creadopor) REFERENCES sgrh.tsgrhempleados(cod_empleado) ON UPDATE CASCADE ON DELETE CASCADE;


--
-- TOC entry 4224 (class 2606 OID 48583)
-- Name: tsgrtdepartamento fk_cod_creadopor; Type: FK CONSTRAINT; Schema: sgrt; Owner: postgres
--

ALTER TABLE ONLY sgrt.tsgrtdepartamento
    ADD CONSTRAINT fk_cod_creadopor FOREIGN KEY (cod_creadopor) REFERENCES sgrh.tsgrhempleados(cod_empleado) ON UPDATE CASCADE ON DELETE CASCADE;


--
-- TOC entry 4229 (class 2606 OID 48588)
-- Name: tsgrtfaq fk_cod_creadopor; Type: FK CONSTRAINT; Schema: sgrt; Owner: postgres
--

ALTER TABLE ONLY sgrt.tsgrtfaq
    ADD CONSTRAINT fk_cod_creadopor FOREIGN KEY (cod_creadopor) REFERENCES sgrh.tsgrhempleados(cod_empleado) ON UPDATE CASCADE ON DELETE CASCADE;


--
-- TOC entry 4231 (class 2606 OID 48593)
-- Name: tsgrtgrupo fk_cod_creadopor; Type: FK CONSTRAINT; Schema: sgrt; Owner: postgres
--

ALTER TABLE ONLY sgrt.tsgrtgrupo
    ADD CONSTRAINT fk_cod_creadopor FOREIGN KEY (cod_creadopor) REFERENCES sgrh.tsgrhempleados(cod_empleado) ON UPDATE CASCADE ON DELETE CASCADE;


--
-- TOC entry 4202 (class 2606 OID 48598)
-- Name: tsgrtayudatopico fk_cod_creadopor; Type: FK CONSTRAINT; Schema: sgrt; Owner: postgres
--

ALTER TABLE ONLY sgrt.tsgrtayudatopico
    ADD CONSTRAINT fk_cod_creadopor FOREIGN KEY (cod_creadopor) REFERENCES sgrh.tsgrhempleados(cod_empleado) ON UPDATE CASCADE ON DELETE CASCADE;


--
-- TOC entry 4241 (class 2606 OID 48603)
-- Name: tsgrtnota fk_cod_creadopor; Type: FK CONSTRAINT; Schema: sgrt; Owner: postgres
--

ALTER TABLE ONLY sgrt.tsgrtnota
    ADD CONSTRAINT fk_cod_creadopor FOREIGN KEY (cod_creadopor) REFERENCES sgrh.tsgrhempleados(cod_empleado) ON UPDATE CASCADE ON DELETE CASCADE;


--
-- TOC entry 4246 (class 2606 OID 48608)
-- Name: tsgrtplantillacorreos fk_cod_creadopor; Type: FK CONSTRAINT; Schema: sgrt; Owner: postgres
--

ALTER TABLE ONLY sgrt.tsgrtplantillacorreos
    ADD CONSTRAINT fk_cod_creadopor FOREIGN KEY (cod_creadopor) REFERENCES sgrh.tsgrhempleados(cod_empleado) ON UPDATE CASCADE ON DELETE CASCADE;


--
-- TOC entry 4249 (class 2606 OID 48613)
-- Name: tsgrtprioridad fk_cod_creadopor; Type: FK CONSTRAINT; Schema: sgrt; Owner: postgres
--

ALTER TABLE ONLY sgrt.tsgrtprioridad
    ADD CONSTRAINT fk_cod_creadopor FOREIGN KEY (cod_creadopor) REFERENCES sgrh.tsgrhempleados(cod_empleado) ON UPDATE CASCADE ON DELETE CASCADE;


--
-- TOC entry 4256 (class 2606 OID 48618)
-- Name: tsgrtrespuesta fk_cod_creadopor; Type: FK CONSTRAINT; Schema: sgrt; Owner: postgres
--

ALTER TABLE ONLY sgrt.tsgrtrespuesta
    ADD CONSTRAINT fk_cod_creadopor FOREIGN KEY (cod_creadopor) REFERENCES sgrh.tsgrhempleados(cod_empleado) ON UPDATE CASCADE ON DELETE CASCADE;


--
-- TOC entry 4252 (class 2606 OID 48623)
-- Name: tsgrtresppredefinida fk_cod_creadopor; Type: FK CONSTRAINT; Schema: sgrt; Owner: postgres
--

ALTER TABLE ONLY sgrt.tsgrtresppredefinida
    ADD CONSTRAINT fk_cod_creadopor FOREIGN KEY (cod_creadopor) REFERENCES sgrh.tsgrhempleados(cod_empleado) ON UPDATE CASCADE ON DELETE CASCADE;


--
-- TOC entry 4269 (class 2606 OID 48628)
-- Name: tsgrtticket fk_cod_creadopor; Type: FK CONSTRAINT; Schema: sgrt; Owner: postgres
--

ALTER TABLE ONLY sgrt.tsgrtticket
    ADD CONSTRAINT fk_cod_creadopor FOREIGN KEY (cod_creadopor) REFERENCES sgrh.tsgrhempleados(cod_empleado) ON UPDATE CASCADE ON DELETE CASCADE;


--
-- TOC entry 4198 (class 2606 OID 48633)
-- Name: tsgrtattchticket fk_cod_creadopor; Type: FK CONSTRAINT; Schema: sgrt; Owner: postgres
--

ALTER TABLE ONLY sgrt.tsgrtattchticket
    ADD CONSTRAINT fk_cod_creadopor FOREIGN KEY (cod_creadopor) REFERENCES sgrh.tsgrhempleados(cod_empleado) ON UPDATE CASCADE ON DELETE CASCADE;


--
-- TOC entry 4237 (class 2606 OID 48638)
-- Name: tsgrtmsjticket fk_cod_creadopor; Type: FK CONSTRAINT; Schema: sgrt; Owner: postgres
--

ALTER TABLE ONLY sgrt.tsgrtmsjticket
    ADD CONSTRAINT fk_cod_creadopor FOREIGN KEY (cod_creadopor) REFERENCES sgrh.tsgrhempleados(cod_empleado) ON UPDATE CASCADE ON DELETE CASCADE;


--
-- TOC entry 4262 (class 2606 OID 48643)
-- Name: tsgrtreuniones fk_cod_creadorreunion; Type: FK CONSTRAINT; Schema: sgrt; Owner: postgres
--

ALTER TABLE ONLY sgrt.tsgrtreuniones
    ADD CONSTRAINT fk_cod_creadorreunion FOREIGN KEY (cod_creadorreunion) REFERENCES sgrh.tsgrhempleados(cod_empleado) ON UPDATE CASCADE ON DELETE CASCADE;


--
-- TOC entry 4216 (class 2606 OID 48648)
-- Name: tsgrtcorreo fk_cod_depto; Type: FK CONSTRAINT; Schema: sgrt; Owner: postgres
--

ALTER TABLE ONLY sgrt.tsgrtcorreo
    ADD CONSTRAINT fk_cod_depto FOREIGN KEY (cod_depto) REFERENCES sgrt.tsgrtdepartamento(cod_depto) ON UPDATE CASCADE ON DELETE CASCADE;


--
-- TOC entry 4203 (class 2606 OID 48653)
-- Name: tsgrtayudatopico fk_cod_depto; Type: FK CONSTRAINT; Schema: sgrt; Owner: postgres
--

ALTER TABLE ONLY sgrt.tsgrtayudatopico
    ADD CONSTRAINT fk_cod_depto FOREIGN KEY (cod_depto) REFERENCES sgrt.tsgrtdepartamento(cod_depto) ON UPDATE CASCADE ON DELETE CASCADE;


--
-- TOC entry 4253 (class 2606 OID 48658)
-- Name: tsgrtresppredefinida fk_cod_depto; Type: FK CONSTRAINT; Schema: sgrt; Owner: postgres
--

ALTER TABLE ONLY sgrt.tsgrtresppredefinida
    ADD CONSTRAINT fk_cod_depto FOREIGN KEY (cod_depto) REFERENCES sgrt.tsgrtdepartamento(cod_depto) ON UPDATE CASCADE ON DELETE CASCADE;


--
-- TOC entry 4270 (class 2606 OID 48663)
-- Name: tsgrtticket fk_cod_depto; Type: FK CONSTRAINT; Schema: sgrt; Owner: postgres
--

ALTER TABLE ONLY sgrt.tsgrtticket
    ADD CONSTRAINT fk_cod_depto FOREIGN KEY (cod_depto) REFERENCES sgrt.tsgrtdepartamento(cod_depto) ON UPDATE CASCADE ON DELETE CASCADE;


--
-- TOC entry 4220 (class 2606 OID 48668)
-- Name: tsgrtdatossolicitud fk_cod_edosolicitud; Type: FK CONSTRAINT; Schema: sgrt; Owner: postgres
--

ALTER TABLE ONLY sgrt.tsgrtdatossolicitud
    ADD CONSTRAINT fk_cod_edosolicitud FOREIGN KEY (cod_edosolicitud) REFERENCES sgrt.tsgrtedosolicitudes(cod_edosolicitud) ON UPDATE CASCADE ON DELETE CASCADE;


--
-- TOC entry 4221 (class 2606 OID 48673)
-- Name: tsgrtdatossolicitud fk_cod_elemento; Type: FK CONSTRAINT; Schema: sgrt; Owner: postgres
--

ALTER TABLE ONLY sgrt.tsgrtdatossolicitud
    ADD CONSTRAINT fk_cod_elemento FOREIGN KEY (cod_elemento) REFERENCES sgrt.tsgrtelementos(cod_elemento) ON UPDATE CASCADE ON DELETE CASCADE;


--
-- TOC entry 4196 (class 2606 OID 48678)
-- Name: tsgrtasistentes fk_cod_empleado; Type: FK CONSTRAINT; Schema: sgrt; Owner: postgres
--

ALTER TABLE ONLY sgrt.tsgrtasistentes
    ADD CONSTRAINT fk_cod_empleado FOREIGN KEY (cod_empleado) REFERENCES sgrh.tsgrhempleados(cod_empleado) ON UPDATE CASCADE ON DELETE CASCADE;


--
-- TOC entry 4242 (class 2606 OID 48683)
-- Name: tsgrtnota fk_cod_empleado; Type: FK CONSTRAINT; Schema: sgrt; Owner: postgres
--

ALTER TABLE ONLY sgrt.tsgrtnota
    ADD CONSTRAINT fk_cod_empleado FOREIGN KEY (cod_empleado) REFERENCES sgrh.tsgrhempleados(cod_empleado) ON UPDATE CASCADE ON DELETE CASCADE;


--
-- TOC entry 4257 (class 2606 OID 48688)
-- Name: tsgrtrespuesta fk_cod_empleado; Type: FK CONSTRAINT; Schema: sgrt; Owner: postgres
--

ALTER TABLE ONLY sgrt.tsgrtrespuesta
    ADD CONSTRAINT fk_cod_empleado FOREIGN KEY (cod_empleado) REFERENCES sgrh.tsgrhempleados(cod_empleado) ON UPDATE CASCADE ON DELETE CASCADE;


--
-- TOC entry 4266 (class 2606 OID 48693)
-- Name: tsgrtsolicitudservicios fk_cod_empleado; Type: FK CONSTRAINT; Schema: sgrt; Owner: postgres
--

ALTER TABLE ONLY sgrt.tsgrtsolicitudservicios
    ADD CONSTRAINT fk_cod_empleado FOREIGN KEY (cod_empleado) REFERENCES sgrh.tsgrhempleados(cod_empleado) ON UPDATE CASCADE ON DELETE CASCADE;


--
-- TOC entry 4271 (class 2606 OID 48698)
-- Name: tsgrtticket fk_cod_empleado; Type: FK CONSTRAINT; Schema: sgrt; Owner: postgres
--

ALTER TABLE ONLY sgrt.tsgrtticket
    ADD CONSTRAINT fk_cod_empleado FOREIGN KEY (cod_empleado) REFERENCES sgrh.tsgrhempleados(cod_empleado) ON UPDATE CASCADE ON DELETE CASCADE;


--
-- TOC entry 4234 (class 2606 OID 48703)
-- Name: tsgrtinvitados fk_cod_empleado; Type: FK CONSTRAINT; Schema: sgrt; Owner: postgres
--

ALTER TABLE ONLY sgrt.tsgrtinvitados
    ADD CONSTRAINT fk_cod_empleado FOREIGN KEY (cod_empleado) REFERENCES sgrh.tsgrhempleados(cod_empleado) ON UPDATE CASCADE ON DELETE CASCADE;


--
-- TOC entry 4197 (class 2606 OID 48708)
-- Name: tsgrtasistentes fk_cod_invitado; Type: FK CONSTRAINT; Schema: sgrt; Owner: postgres
--

ALTER TABLE ONLY sgrt.tsgrtasistentes
    ADD CONSTRAINT fk_cod_invitado FOREIGN KEY (cod_invitado) REFERENCES sgrt.tsgrtinvitados(cod_invitado) ON UPDATE CASCADE ON DELETE CASCADE;


--
-- TOC entry 4211 (class 2606 OID 48713)
-- Name: tsgrtcomentariosreunion fk_cod_invitado; Type: FK CONSTRAINT; Schema: sgrt; Owner: postgres
--

ALTER TABLE ONLY sgrt.tsgrtcomentariosreunion
    ADD CONSTRAINT fk_cod_invitado FOREIGN KEY (cod_invitado) REFERENCES sgrt.tsgrtinvitados(cod_invitado) ON UPDATE CASCADE ON DELETE CASCADE;


--
-- TOC entry 4210 (class 2606 OID 48718)
-- Name: tsgrtcomentariosagenda fk_cod_invitado; Type: FK CONSTRAINT; Schema: sgrt; Owner: postgres
--

ALTER TABLE ONLY sgrt.tsgrtcomentariosagenda
    ADD CONSTRAINT fk_cod_invitado FOREIGN KEY (cod_invitado) REFERENCES sgrt.tsgrtinvitados(cod_invitado) ON UPDATE CASCADE ON DELETE CASCADE;


--
-- TOC entry 4263 (class 2606 OID 48723)
-- Name: tsgrtreuniones fk_cod_lugar; Type: FK CONSTRAINT; Schema: sgrt; Owner: postgres
--

ALTER TABLE ONLY sgrt.tsgrtreuniones
    ADD CONSTRAINT fk_cod_lugar FOREIGN KEY (cod_lugar) REFERENCES sgrt.tsgrtlugares(cod_lugar) ON UPDATE CASCADE ON DELETE CASCADE;


--
-- TOC entry 4258 (class 2606 OID 48728)
-- Name: tsgrtrespuesta fk_cod_mensaje; Type: FK CONSTRAINT; Schema: sgrt; Owner: postgres
--

ALTER TABLE ONLY sgrt.tsgrtrespuesta
    ADD CONSTRAINT fk_cod_mensaje FOREIGN KEY (cod_mensaje) REFERENCES sgrt.tsgrtmsjticket(cod_mensaje) ON UPDATE CASCADE ON DELETE CASCADE;


--
-- TOC entry 4225 (class 2606 OID 48733)
-- Name: tsgrtdepartamento fk_cod_plantillacorreo; Type: FK CONSTRAINT; Schema: sgrt; Owner: postgres
--

ALTER TABLE ONLY sgrt.tsgrtdepartamento
    ADD CONSTRAINT fk_cod_plantillacorreo FOREIGN KEY (cod_plantillacorreo) REFERENCES sgrt.tsgrtplantillacorreos(cod_plantillacorreo) ON UPDATE CASCADE ON DELETE CASCADE;


--
-- TOC entry 4204 (class 2606 OID 48738)
-- Name: tsgrtayudatopico fk_cod_prioridad; Type: FK CONSTRAINT; Schema: sgrt; Owner: postgres
--

ALTER TABLE ONLY sgrt.tsgrtayudatopico
    ADD CONSTRAINT fk_cod_prioridad FOREIGN KEY (cod_prioridad) REFERENCES sgrt.tsgrtprioridad(cod_prioridad) ON UPDATE CASCADE ON DELETE CASCADE;


--
-- TOC entry 4272 (class 2606 OID 48743)
-- Name: tsgrtticket fk_cod_prioridad; Type: FK CONSTRAINT; Schema: sgrt; Owner: postgres
--

ALTER TABLE ONLY sgrt.tsgrtticket
    ADD CONSTRAINT fk_cod_prioridad FOREIGN KEY (cod_prioridad) REFERENCES sgrt.tsgrtprioridad(cod_prioridad) ON UPDATE CASCADE ON DELETE CASCADE;


--
-- TOC entry 4264 (class 2606 OID 48748)
-- Name: tsgrtreuniones fk_cod_responsable; Type: FK CONSTRAINT; Schema: sgrt; Owner: postgres
--

ALTER TABLE ONLY sgrt.tsgrtreuniones
    ADD CONSTRAINT fk_cod_responsable FOREIGN KEY (cod_responsable) REFERENCES sgrh.tsgrhempleados(cod_empleado) ON UPDATE CASCADE ON DELETE CASCADE;


--
-- TOC entry 4214 (class 2606 OID 48753)
-- Name: tsgrtcompromisos fk_cod_reunion; Type: FK CONSTRAINT; Schema: sgrt; Owner: postgres
--

ALTER TABLE ONLY sgrt.tsgrtcompromisos
    ADD CONSTRAINT fk_cod_reunion FOREIGN KEY (cod_reunion) REFERENCES sgrt.tsgrtreuniones(cod_reunion) ON UPDATE CASCADE ON DELETE CASCADE;


--
-- TOC entry 4195 (class 2606 OID 48758)
-- Name: tsgrtarchivos fk_cod_reunion; Type: FK CONSTRAINT; Schema: sgrt; Owner: postgres
--

ALTER TABLE ONLY sgrt.tsgrtarchivos
    ADD CONSTRAINT fk_cod_reunion FOREIGN KEY (cod_reunion) REFERENCES sgrt.tsgrtreuniones(cod_reunion) ON UPDATE CASCADE ON DELETE CASCADE;


--
-- TOC entry 4235 (class 2606 OID 48763)
-- Name: tsgrtinvitados fk_cod_reunion; Type: FK CONSTRAINT; Schema: sgrt; Owner: postgres
--

ALTER TABLE ONLY sgrt.tsgrtinvitados
    ADD CONSTRAINT fk_cod_reunion FOREIGN KEY (cod_reunion) REFERENCES sgrt.tsgrtreuniones(cod_reunion) ON UPDATE CASCADE ON DELETE CASCADE;


--
-- TOC entry 4212 (class 2606 OID 48768)
-- Name: tsgrtcomentariosreunion fk_cod_reunion; Type: FK CONSTRAINT; Schema: sgrt; Owner: postgres
--

ALTER TABLE ONLY sgrt.tsgrtcomentariosreunion
    ADD CONSTRAINT fk_cod_reunion FOREIGN KEY (cod_reunion) REFERENCES sgrt.tsgrtreuniones(cod_reunion) ON UPDATE CASCADE ON DELETE CASCADE;


--
-- TOC entry 4194 (class 2606 OID 48773)
-- Name: tsgrtagenda fk_cod_reunion; Type: FK CONSTRAINT; Schema: sgrt; Owner: postgres
--

ALTER TABLE ONLY sgrt.tsgrtagenda
    ADD CONSTRAINT fk_cod_reunion FOREIGN KEY (cod_reunion) REFERENCES sgrt.tsgrtreuniones(cod_reunion) ON UPDATE CASCADE ON DELETE CASCADE;


--
-- TOC entry 4265 (class 2606 OID 48778)
-- Name: tsgrtreuniones fk_cod_reunionanterior; Type: FK CONSTRAINT; Schema: sgrt; Owner: postgres
--

ALTER TABLE ONLY sgrt.tsgrtreuniones
    ADD CONSTRAINT fk_cod_reunionanterior FOREIGN KEY (cod_proximareunion) REFERENCES sgrt.tsgrtreuniones(cod_reunion) ON UPDATE CASCADE ON DELETE CASCADE;


--
-- TOC entry 4267 (class 2606 OID 48783)
-- Name: tsgrtsolicitudservicios fk_cod_servicio; Type: FK CONSTRAINT; Schema: sgrt; Owner: postgres
--

ALTER TABLE ONLY sgrt.tsgrtsolicitudservicios
    ADD CONSTRAINT fk_cod_servicio FOREIGN KEY (cod_servicio) REFERENCES sgrt.tsgrtservicios(cod_servicio) ON UPDATE CASCADE ON DELETE CASCADE;


--
-- TOC entry 4217 (class 2606 OID 48788)
-- Name: tsgrtcorreo fk_cod_sistemasuite; Type: FK CONSTRAINT; Schema: sgrt; Owner: postgres
--

ALTER TABLE ONLY sgrt.tsgrtcorreo
    ADD CONSTRAINT fk_cod_sistemasuite FOREIGN KEY (cod_sistemasuite) REFERENCES sgco.tsgcosistemas(cod_sistema) ON UPDATE CASCADE ON DELETE CASCADE;


--
-- TOC entry 4226 (class 2606 OID 48793)
-- Name: tsgrtdepartamento fk_cod_sistemasuite; Type: FK CONSTRAINT; Schema: sgrt; Owner: postgres
--

ALTER TABLE ONLY sgrt.tsgrtdepartamento
    ADD CONSTRAINT fk_cod_sistemasuite FOREIGN KEY (cod_sistemasuite) REFERENCES sgco.tsgcosistemas(cod_sistema) ON UPDATE CASCADE ON DELETE CASCADE;


--
-- TOC entry 4232 (class 2606 OID 48798)
-- Name: tsgrtgrupo fk_cod_sistemasuite; Type: FK CONSTRAINT; Schema: sgrt; Owner: postgres
--

ALTER TABLE ONLY sgrt.tsgrtgrupo
    ADD CONSTRAINT fk_cod_sistemasuite FOREIGN KEY (cod_sistemasuite) REFERENCES sgco.tsgcosistemas(cod_sistema) ON UPDATE CASCADE ON DELETE CASCADE;


--
-- TOC entry 4205 (class 2606 OID 48803)
-- Name: tsgrtayudatopico fk_cod_sistemasuite; Type: FK CONSTRAINT; Schema: sgrt; Owner: postgres
--

ALTER TABLE ONLY sgrt.tsgrtayudatopico
    ADD CONSTRAINT fk_cod_sistemasuite FOREIGN KEY (cod_sistemasuite) REFERENCES sgco.tsgcosistemas(cod_sistema) ON UPDATE CASCADE ON DELETE CASCADE;


--
-- TOC entry 4243 (class 2606 OID 48808)
-- Name: tsgrtnota fk_cod_sistemasuite; Type: FK CONSTRAINT; Schema: sgrt; Owner: postgres
--

ALTER TABLE ONLY sgrt.tsgrtnota
    ADD CONSTRAINT fk_cod_sistemasuite FOREIGN KEY (cod_sistemasuite) REFERENCES sgco.tsgcosistemas(cod_sistema) ON UPDATE CASCADE ON DELETE CASCADE;


--
-- TOC entry 4247 (class 2606 OID 48813)
-- Name: tsgrtplantillacorreos fk_cod_sistemasuite; Type: FK CONSTRAINT; Schema: sgrt; Owner: postgres
--

ALTER TABLE ONLY sgrt.tsgrtplantillacorreos
    ADD CONSTRAINT fk_cod_sistemasuite FOREIGN KEY (cod_sistemasuite) REFERENCES sgco.tsgcosistemas(cod_sistema) ON UPDATE CASCADE ON DELETE CASCADE;


--
-- TOC entry 4250 (class 2606 OID 48818)
-- Name: tsgrtprioridad fk_cod_sistemasuite; Type: FK CONSTRAINT; Schema: sgrt; Owner: postgres
--

ALTER TABLE ONLY sgrt.tsgrtprioridad
    ADD CONSTRAINT fk_cod_sistemasuite FOREIGN KEY (cod_sistemasuite) REFERENCES sgco.tsgcosistemas(cod_sistema) ON UPDATE CASCADE ON DELETE CASCADE;


--
-- TOC entry 4259 (class 2606 OID 48823)
-- Name: tsgrtrespuesta fk_cod_sistemasuite; Type: FK CONSTRAINT; Schema: sgrt; Owner: postgres
--

ALTER TABLE ONLY sgrt.tsgrtrespuesta
    ADD CONSTRAINT fk_cod_sistemasuite FOREIGN KEY (cod_sistemasuite) REFERENCES sgco.tsgcosistemas(cod_sistema) ON UPDATE CASCADE ON DELETE CASCADE;


--
-- TOC entry 4254 (class 2606 OID 48828)
-- Name: tsgrtresppredefinida fk_cod_sistemasuite; Type: FK CONSTRAINT; Schema: sgrt; Owner: postgres
--

ALTER TABLE ONLY sgrt.tsgrtresppredefinida
    ADD CONSTRAINT fk_cod_sistemasuite FOREIGN KEY (cod_sistemasuite) REFERENCES sgco.tsgcosistemas(cod_sistema) ON UPDATE CASCADE ON DELETE CASCADE;


--
-- TOC entry 4273 (class 2606 OID 48833)
-- Name: tsgrtticket fk_cod_sistemasuite; Type: FK CONSTRAINT; Schema: sgrt; Owner: postgres
--

ALTER TABLE ONLY sgrt.tsgrtticket
    ADD CONSTRAINT fk_cod_sistemasuite FOREIGN KEY (cod_sistemasuite) REFERENCES sgco.tsgcosistemas(cod_sistema) ON UPDATE CASCADE ON DELETE CASCADE;


--
-- TOC entry 4199 (class 2606 OID 48838)
-- Name: tsgrtattchticket fk_cod_sistemasuite; Type: FK CONSTRAINT; Schema: sgrt; Owner: postgres
--

ALTER TABLE ONLY sgrt.tsgrtattchticket
    ADD CONSTRAINT fk_cod_sistemasuite FOREIGN KEY (cod_sistemasuite) REFERENCES sgco.tsgcosistemas(cod_sistema) ON UPDATE CASCADE ON DELETE CASCADE;


--
-- TOC entry 4238 (class 2606 OID 48843)
-- Name: tsgrtmsjticket fk_cod_sistemasuite; Type: FK CONSTRAINT; Schema: sgrt; Owner: postgres
--

ALTER TABLE ONLY sgrt.tsgrtmsjticket
    ADD CONSTRAINT fk_cod_sistemasuite FOREIGN KEY (cod_sistemasuite) REFERENCES sgco.tsgcosistemas(cod_sistema) ON UPDATE CASCADE ON DELETE CASCADE;


--
-- TOC entry 4222 (class 2606 OID 48848)
-- Name: tsgrtdatossolicitud fk_cod_solicitud; Type: FK CONSTRAINT; Schema: sgrt; Owner: postgres
--

ALTER TABLE ONLY sgrt.tsgrtdatossolicitud
    ADD CONSTRAINT fk_cod_solicitud FOREIGN KEY (cod_solicitud) REFERENCES sgrt.tsgrtsolicitudservicios(cod_solicitud) ON UPDATE CASCADE ON DELETE CASCADE;


--
-- TOC entry 4244 (class 2606 OID 48853)
-- Name: tsgrtnota fk_cod_ticket; Type: FK CONSTRAINT; Schema: sgrt; Owner: postgres
--

ALTER TABLE ONLY sgrt.tsgrtnota
    ADD CONSTRAINT fk_cod_ticket FOREIGN KEY (cod_ticket) REFERENCES sgrt.tsgrtticket(cod_ticket) ON UPDATE CASCADE ON DELETE CASCADE;


--
-- TOC entry 4260 (class 2606 OID 48858)
-- Name: tsgrtrespuesta fk_cod_ticket; Type: FK CONSTRAINT; Schema: sgrt; Owner: postgres
--

ALTER TABLE ONLY sgrt.tsgrtrespuesta
    ADD CONSTRAINT fk_cod_ticket FOREIGN KEY (cod_ticket) REFERENCES sgrt.tsgrtticket(cod_ticket) ON UPDATE CASCADE ON DELETE CASCADE;


--
-- TOC entry 4268 (class 2606 OID 48863)
-- Name: tsgrtsolicitudservicios fk_cod_ticket; Type: FK CONSTRAINT; Schema: sgrt; Owner: postgres
--

ALTER TABLE ONLY sgrt.tsgrtsolicitudservicios
    ADD CONSTRAINT fk_cod_ticket FOREIGN KEY (cod_ticket) REFERENCES sgrt.tsgrtticket(cod_ticket) ON UPDATE CASCADE ON DELETE CASCADE;


--
-- TOC entry 4200 (class 2606 OID 48868)
-- Name: tsgrtattchticket fk_cod_ticket; Type: FK CONSTRAINT; Schema: sgrt; Owner: postgres
--

ALTER TABLE ONLY sgrt.tsgrtattchticket
    ADD CONSTRAINT fk_cod_ticket FOREIGN KEY (cod_ticket) REFERENCES sgrt.tsgrtticket(cod_ticket) ON UPDATE CASCADE ON DELETE CASCADE;


--
-- TOC entry 4239 (class 2606 OID 48873)
-- Name: tsgrtmsjticket fk_cod_ticket; Type: FK CONSTRAINT; Schema: sgrt; Owner: postgres
--

ALTER TABLE ONLY sgrt.tsgrtmsjticket
    ADD CONSTRAINT fk_cod_ticket FOREIGN KEY (cod_ticket) REFERENCES sgrt.tsgrtticket(cod_ticket) ON UPDATE CASCADE ON DELETE CASCADE;


--
-- TOC entry 4274 (class 2606 OID 48878)
-- Name: tsgrtticket fk_cod_topico; Type: FK CONSTRAINT; Schema: sgrt; Owner: postgres
--

ALTER TABLE ONLY sgrt.tsgrtticket
    ADD CONSTRAINT fk_cod_topico FOREIGN KEY (cod_topico) REFERENCES sgrt.tsgrtayudatopico(cod_topico) ON UPDATE CASCADE ON DELETE CASCADE;


--
-- TOC entry 4218 (class 2606 OID 48883)
-- Name: tsgrtcorreo fk_cod_ultactualizacionpor; Type: FK CONSTRAINT; Schema: sgrt; Owner: postgres
--

ALTER TABLE ONLY sgrt.tsgrtcorreo
    ADD CONSTRAINT fk_cod_ultactualizacionpor FOREIGN KEY (cod_ultactualizacionpor) REFERENCES sgrh.tsgrhempleados(cod_empleado) ON UPDATE CASCADE ON DELETE CASCADE;


--
-- TOC entry 4227 (class 2606 OID 48888)
-- Name: tsgrtdepartamento fk_cod_ultactualizacionpor; Type: FK CONSTRAINT; Schema: sgrt; Owner: postgres
--

ALTER TABLE ONLY sgrt.tsgrtdepartamento
    ADD CONSTRAINT fk_cod_ultactualizacionpor FOREIGN KEY (cod_ultactualizacionpor) REFERENCES sgrh.tsgrhempleados(cod_empleado) ON UPDATE CASCADE ON DELETE CASCADE;


--
-- TOC entry 4230 (class 2606 OID 48893)
-- Name: tsgrtfaq fk_cod_ultactualizacionpor; Type: FK CONSTRAINT; Schema: sgrt; Owner: postgres
--

ALTER TABLE ONLY sgrt.tsgrtfaq
    ADD CONSTRAINT fk_cod_ultactualizacionpor FOREIGN KEY (cod_ultactualizacionpor) REFERENCES sgrh.tsgrhempleados(cod_empleado) ON UPDATE CASCADE ON DELETE CASCADE;


--
-- TOC entry 4233 (class 2606 OID 48898)
-- Name: tsgrtgrupo fk_cod_ultactualizacionpor; Type: FK CONSTRAINT; Schema: sgrt; Owner: postgres
--

ALTER TABLE ONLY sgrt.tsgrtgrupo
    ADD CONSTRAINT fk_cod_ultactualizacionpor FOREIGN KEY (cod_ultactualizacionpor) REFERENCES sgrh.tsgrhempleados(cod_empleado) ON UPDATE CASCADE ON DELETE CASCADE;


--
-- TOC entry 4206 (class 2606 OID 48903)
-- Name: tsgrtayudatopico fk_cod_ultactualizacionpor; Type: FK CONSTRAINT; Schema: sgrt; Owner: postgres
--

ALTER TABLE ONLY sgrt.tsgrtayudatopico
    ADD CONSTRAINT fk_cod_ultactualizacionpor FOREIGN KEY (cod_ultactualizacionpor) REFERENCES sgrh.tsgrhempleados(cod_empleado) ON UPDATE CASCADE ON DELETE CASCADE;


--
-- TOC entry 4245 (class 2606 OID 48908)
-- Name: tsgrtnota fk_cod_ultactualizacionpor; Type: FK CONSTRAINT; Schema: sgrt; Owner: postgres
--

ALTER TABLE ONLY sgrt.tsgrtnota
    ADD CONSTRAINT fk_cod_ultactualizacionpor FOREIGN KEY (cod_ultactualizacionpor) REFERENCES sgrh.tsgrhempleados(cod_empleado) ON UPDATE CASCADE ON DELETE CASCADE;


--
-- TOC entry 4248 (class 2606 OID 48913)
-- Name: tsgrtplantillacorreos fk_cod_ultactualizacionpor; Type: FK CONSTRAINT; Schema: sgrt; Owner: postgres
--

ALTER TABLE ONLY sgrt.tsgrtplantillacorreos
    ADD CONSTRAINT fk_cod_ultactualizacionpor FOREIGN KEY (cod_ultactualizacionpor) REFERENCES sgrh.tsgrhempleados(cod_empleado) ON UPDATE CASCADE ON DELETE CASCADE;


--
-- TOC entry 4251 (class 2606 OID 48918)
-- Name: tsgrtprioridad fk_cod_ultactualizacionpor; Type: FK CONSTRAINT; Schema: sgrt; Owner: postgres
--

ALTER TABLE ONLY sgrt.tsgrtprioridad
    ADD CONSTRAINT fk_cod_ultactualizacionpor FOREIGN KEY (cod_ultactualizacionpor) REFERENCES sgrh.tsgrhempleados(cod_empleado) ON UPDATE CASCADE ON DELETE CASCADE;


--
-- TOC entry 4261 (class 2606 OID 48923)
-- Name: tsgrtrespuesta fk_cod_ultactualizacionpor; Type: FK CONSTRAINT; Schema: sgrt; Owner: postgres
--

ALTER TABLE ONLY sgrt.tsgrtrespuesta
    ADD CONSTRAINT fk_cod_ultactualizacionpor FOREIGN KEY (cod_ultactualizacionpor) REFERENCES sgrh.tsgrhempleados(cod_empleado) ON UPDATE CASCADE ON DELETE CASCADE;


--
-- TOC entry 4255 (class 2606 OID 48928)
-- Name: tsgrtresppredefinida fk_cod_ultactualizacionpor; Type: FK CONSTRAINT; Schema: sgrt; Owner: postgres
--

ALTER TABLE ONLY sgrt.tsgrtresppredefinida
    ADD CONSTRAINT fk_cod_ultactualizacionpor FOREIGN KEY (cod_ultactualizacionpor) REFERENCES sgrh.tsgrhempleados(cod_empleado) ON UPDATE CASCADE ON DELETE CASCADE;


--
-- TOC entry 4275 (class 2606 OID 48933)
-- Name: tsgrtticket fk_cod_ultactualizacionpor; Type: FK CONSTRAINT; Schema: sgrt; Owner: postgres
--

ALTER TABLE ONLY sgrt.tsgrtticket
    ADD CONSTRAINT fk_cod_ultactualizacionpor FOREIGN KEY (cod_ultactualizacionpor) REFERENCES sgrh.tsgrhempleados(cod_empleado) ON UPDATE CASCADE ON DELETE CASCADE;


--
-- TOC entry 4201 (class 2606 OID 48938)
-- Name: tsgrtattchticket fk_cod_ultactualizacionpor; Type: FK CONSTRAINT; Schema: sgrt; Owner: postgres
--

ALTER TABLE ONLY sgrt.tsgrtattchticket
    ADD CONSTRAINT fk_cod_ultactualizacionpor FOREIGN KEY (cod_ultactualizacionpor) REFERENCES sgrh.tsgrhempleados(cod_empleado) ON UPDATE CASCADE ON DELETE CASCADE;


--
-- TOC entry 4240 (class 2606 OID 48943)
-- Name: tsgrtmsjticket fk_cod_ultactualizacionpor; Type: FK CONSTRAINT; Schema: sgrt; Owner: postgres
--

ALTER TABLE ONLY sgrt.tsgrtmsjticket
    ADD CONSTRAINT fk_cod_ultactualizacionpor FOREIGN KEY (cod_ultactualizacionpor) REFERENCES sgrh.tsgrhempleados(cod_empleado) ON UPDATE CASCADE ON DELETE CASCADE;


--
-- TOC entry 4219 (class 2606 OID 48948)
-- Name: tsgrtcorreo fk_cod_usuario; Type: FK CONSTRAINT; Schema: sgrt; Owner: postgres
--

ALTER TABLE ONLY sgrt.tsgrtcorreo
    ADD CONSTRAINT fk_cod_usuario FOREIGN KEY (cod_usuario) REFERENCES sgco.tsgcousuarios(cod_usuario) ON UPDATE CASCADE ON DELETE CASCADE;


--
-- TOC entry 4208 (class 2606 OID 48953)
-- Name: tsgrtciudades fk_estadorep; Type: FK CONSTRAINT; Schema: sgrt; Owner: postgres
--

ALTER TABLE ONLY sgrt.tsgrtciudades
    ADD CONSTRAINT fk_estadorep FOREIGN KEY (cod_estadorep) REFERENCES sgrt.tsgrtestados(cod_estadorep) ON UPDATE CASCADE ON DELETE CASCADE;


--
-- TOC entry 4285 (class 2606 OID 48958)
-- Name: tsisatcartaasignacion fk__cod_gpy; Type: FK CONSTRAINT; Schema: sisat; Owner: suite
--

ALTER TABLE ONLY sisat.tsisatcartaasignacion
    ADD CONSTRAINT fk__cod_gpy FOREIGN KEY (cod_gpy) REFERENCES sgrh.tsgrhempleados(cod_empleado);


--
-- TOC entry 4286 (class 2606 OID 48963)
-- Name: tsisatcartaasignacion fk_cod_ape; Type: FK CONSTRAINT; Schema: sisat; Owner: suite
--

ALTER TABLE ONLY sisat.tsisatcartaasignacion
    ADD CONSTRAINT fk_cod_ape FOREIGN KEY (cod_ape) REFERENCES sgrh.tsgrhempleados(cod_empleado);


--
-- TOC entry 4298 (class 2606 OID 48968)
-- Name: tsisatcotizaciones fk_cod_ciudad; Type: FK CONSTRAINT; Schema: sisat; Owner: postgres
--

ALTER TABLE ONLY sisat.tsisatcotizaciones
    ADD CONSTRAINT fk_cod_ciudad FOREIGN KEY (cod_ciudad) REFERENCES sgrt.tsgrtciudades(cod_ciudad);


--
-- TOC entry 4311 (class 2606 OID 48973)
-- Name: tsisatordenservicio fk_cod_ciudad; Type: FK CONSTRAINT; Schema: sisat; Owner: suite
--

ALTER TABLE ONLY sisat.tsisatordenservicio
    ADD CONSTRAINT fk_cod_ciudad FOREIGN KEY (cod_ciudad) REFERENCES sgrt.tsgrtciudades(cod_ciudad);


--
-- TOC entry 4276 (class 2606 OID 48978)
-- Name: tsisatasignaciones fk_cod_cliente; Type: FK CONSTRAINT; Schema: sisat; Owner: suite
--

ALTER TABLE ONLY sisat.tsisatasignaciones
    ADD CONSTRAINT fk_cod_cliente FOREIGN KEY (cod_cliente) REFERENCES sgrh.tsgrhclientes(cod_cliente);


--
-- TOC entry 4287 (class 2606 OID 48983)
-- Name: tsisatcartaasignacion fk_cod_cliente; Type: FK CONSTRAINT; Schema: sisat; Owner: suite
--

ALTER TABLE ONLY sisat.tsisatcartaasignacion
    ADD CONSTRAINT fk_cod_cliente FOREIGN KEY (cod_cliente) REFERENCES sgrh.tsgrhclientes(cod_cliente);


--
-- TOC entry 4312 (class 2606 OID 48988)
-- Name: tsisatordenservicio fk_cod_cliente; Type: FK CONSTRAINT; Schema: sisat; Owner: suite
--

ALTER TABLE ONLY sisat.tsisatordenservicio
    ADD CONSTRAINT fk_cod_cliente FOREIGN KEY (cod_cliente) REFERENCES sgrh.tsgrhclientes(cod_cliente);


--
-- TOC entry 4319 (class 2606 OID 48993)
-- Name: tsisatvacantes fk_cod_cliente; Type: FK CONSTRAINT; Schema: sisat; Owner: suite
--

ALTER TABLE ONLY sisat.tsisatvacantes
    ADD CONSTRAINT fk_cod_cliente FOREIGN KEY (cod_cliente) REFERENCES sgrh.tsgrhclientes(cod_cliente);


--
-- TOC entry 4299 (class 2606 OID 48998)
-- Name: tsisatcotizaciones fk_cod_creadopor; Type: FK CONSTRAINT; Schema: sisat; Owner: postgres
--

ALTER TABLE ONLY sisat.tsisatcotizaciones
    ADD CONSTRAINT fk_cod_creadopor FOREIGN KEY (cod_creadopor) REFERENCES sgrh.tsgrhempleados(cod_empleado);


--
-- TOC entry 4277 (class 2606 OID 49003)
-- Name: tsisatasignaciones fk_cod_empleado; Type: FK CONSTRAINT; Schema: sisat; Owner: suite
--

ALTER TABLE ONLY sisat.tsisatasignaciones
    ADD CONSTRAINT fk_cod_empleado FOREIGN KEY (cod_empleado) REFERENCES sgrh.tsgrhempleados(cod_empleado);


--
-- TOC entry 4316 (class 2606 OID 49008)
-- Name: tsisatprospectos fk_cod_entrevista; Type: FK CONSTRAINT; Schema: sisat; Owner: suite
--

ALTER TABLE ONLY sisat.tsisatprospectos
    ADD CONSTRAINT fk_cod_entrevista FOREIGN KEY (cod_entrevista) REFERENCES sisat.tsisatentrevistas(cod_entrevista);


--
-- TOC entry 4300 (class 2606 OID 49013)
-- Name: tsisatcotizaciones fk_cod_estado; Type: FK CONSTRAINT; Schema: sisat; Owner: postgres
--

ALTER TABLE ONLY sisat.tsisatcotizaciones
    ADD CONSTRAINT fk_cod_estado FOREIGN KEY (cod_estado) REFERENCES sgrt.tsgrtestados(cod_estadorep);


--
-- TOC entry 4313 (class 2606 OID 49018)
-- Name: tsisatordenservicio fk_cod_estadorep; Type: FK CONSTRAINT; Schema: sisat; Owner: suite
--

ALTER TABLE ONLY sisat.tsisatordenservicio
    ADD CONSTRAINT fk_cod_estadorep FOREIGN KEY (cod_estadorep) REFERENCES sgrt.tsgrtestados(cod_estadorep);


--
-- TOC entry 4314 (class 2606 OID 49023)
-- Name: tsisatordenservicio fk_cod_gpy; Type: FK CONSTRAINT; Schema: sisat; Owner: suite
--

ALTER TABLE ONLY sisat.tsisatordenservicio
    ADD CONSTRAINT fk_cod_gpy FOREIGN KEY (cod_gpy) REFERENCES sgrh.tsgrhempleados(cod_empleado);


--
-- TOC entry 4320 (class 2606 OID 49028)
-- Name: tsisatvacantes fk_cod_idioma; Type: FK CONSTRAINT; Schema: sisat; Owner: suite
--

ALTER TABLE ONLY sisat.tsisatvacantes
    ADD CONSTRAINT fk_cod_idioma FOREIGN KEY (cod_idioma) REFERENCES sisat.tsisatidiomas(cod_idioma);


--
-- TOC entry 4280 (class 2606 OID 49033)
-- Name: tsisatcandidatos fk_cod_perfil; Type: FK CONSTRAINT; Schema: sisat; Owner: suite
--

ALTER TABLE ONLY sisat.tsisatcandidatos
    ADD CONSTRAINT fk_cod_perfil FOREIGN KEY (cod_perfil) REFERENCES sgrh.tsgrhperfiles(cod_perfil);


--
-- TOC entry 4317 (class 2606 OID 49038)
-- Name: tsisatproyectos fk_cod_perfil; Type: FK CONSTRAINT; Schema: sisat; Owner: suite
--

ALTER TABLE ONLY sisat.tsisatproyectos
    ADD CONSTRAINT fk_cod_perfil FOREIGN KEY (cod_perfil) REFERENCES sgrh.tsgrhperfiles(cod_perfil);


--
-- TOC entry 4278 (class 2606 OID 49043)
-- Name: tsisatasignaciones fk_cod_perfil; Type: FK CONSTRAINT; Schema: sisat; Owner: suite
--

ALTER TABLE ONLY sisat.tsisatasignaciones
    ADD CONSTRAINT fk_cod_perfil FOREIGN KEY (cod_perfil) REFERENCES sgrh.tsgrhperfiles(cod_perfil);


--
-- TOC entry 4288 (class 2606 OID 49048)
-- Name: tsisatcartaasignacion fk_cod_perfil; Type: FK CONSTRAINT; Schema: sisat; Owner: suite
--

ALTER TABLE ONLY sisat.tsisatcartaasignacion
    ADD CONSTRAINT fk_cod_perfil FOREIGN KEY (cod_perfil) REFERENCES sgrh.tsgrhperfiles(cod_perfil);


--
-- TOC entry 4289 (class 2606 OID 49053)
-- Name: tsisatcartaasignacion fk_cod_prospecto; Type: FK CONSTRAINT; Schema: sisat; Owner: suite
--

ALTER TABLE ONLY sisat.tsisatcartaasignacion
    ADD CONSTRAINT fk_cod_prospecto FOREIGN KEY (cod_prospecto) REFERENCES sisat.tsisatprospectos(cod_prospecto) ON UPDATE CASCADE ON DELETE CASCADE;


--
-- TOC entry 4279 (class 2606 OID 49058)
-- Name: tsisatasignaciones fk_cod_prospecto; Type: FK CONSTRAINT; Schema: sisat; Owner: suite
--

ALTER TABLE ONLY sisat.tsisatasignaciones
    ADD CONSTRAINT fk_cod_prospecto FOREIGN KEY (cod_prospecto) REFERENCES sisat.tsisatprospectos(cod_prospecto) ON UPDATE CASCADE ON DELETE CASCADE;


--
-- TOC entry 4318 (class 2606 OID 49063)
-- Name: tsisatproyectos fk_cod_prospecto; Type: FK CONSTRAINT; Schema: sisat; Owner: suite
--

ALTER TABLE ONLY sisat.tsisatproyectos
    ADD CONSTRAINT fk_cod_prospecto FOREIGN KEY (cod_prospecto) REFERENCES sisat.tsisatprospectos(cod_prospecto) ON UPDATE CASCADE ON DELETE CASCADE;


--
-- TOC entry 4308 (class 2606 OID 49068)
-- Name: tsisatexperienciaslaborales fk_cod_prospecto; Type: FK CONSTRAINT; Schema: sisat; Owner: suite
--

ALTER TABLE ONLY sisat.tsisatexperienciaslaborales
    ADD CONSTRAINT fk_cod_prospecto FOREIGN KEY (cod_prospecto) REFERENCES sisat.tsisatprospectos(cod_prospecto) ON UPDATE CASCADE ON DELETE CASCADE;


--
-- TOC entry 4307 (class 2606 OID 49073)
-- Name: tsisatescolaridad fk_cod_prospecto; Type: FK CONSTRAINT; Schema: sisat; Owner: suite
--

ALTER TABLE ONLY sisat.tsisatescolaridad
    ADD CONSTRAINT fk_cod_prospecto FOREIGN KEY (cod_prospecto) REFERENCES sisat.tsisatprospectos(cod_prospecto) ON UPDATE CASCADE ON DELETE CASCADE;


--
-- TOC entry 4302 (class 2606 OID 49078)
-- Name: tsisatcursosycertificados fk_cod_prospecto; Type: FK CONSTRAINT; Schema: sisat; Owner: suite
--

ALTER TABLE ONLY sisat.tsisatcursosycertificados
    ADD CONSTRAINT fk_cod_prospecto FOREIGN KEY (cod_prospecto) REFERENCES sisat.tsisatprospectos(cod_prospecto) ON UPDATE CASCADE ON DELETE CASCADE;


--
-- TOC entry 4310 (class 2606 OID 49083)
-- Name: tsisatidiomas fk_cod_prospecto; Type: FK CONSTRAINT; Schema: sisat; Owner: suite
--

ALTER TABLE ONLY sisat.tsisatidiomas
    ADD CONSTRAINT fk_cod_prospecto FOREIGN KEY (cod_prospecto) REFERENCES sisat.tsisatprospectos(cod_prospecto) ON UPDATE CASCADE ON DELETE CASCADE;


--
-- TOC entry 4309 (class 2606 OID 49088)
-- Name: tsisathabilidades fk_cod_prospecto; Type: FK CONSTRAINT; Schema: sisat; Owner: suite
--

ALTER TABLE ONLY sisat.tsisathabilidades
    ADD CONSTRAINT fk_cod_prospecto FOREIGN KEY (cod_prospecto) REFERENCES sisat.tsisatprospectos(cod_prospecto);


--
-- TOC entry 4301 (class 2606 OID 49093)
-- Name: tsisatcotizaciones fk_cod_puesto; Type: FK CONSTRAINT; Schema: sisat; Owner: postgres
--

ALTER TABLE ONLY sisat.tsisatcotizaciones
    ADD CONSTRAINT fk_cod_puesto FOREIGN KEY (cod_puesto) REFERENCES sgrh.tsgrhpuestos(cod_puesto);


--
-- TOC entry 4315 (class 2606 OID 49098)
-- Name: tsisatordenservicio fk_cod_puesto; Type: FK CONSTRAINT; Schema: sisat; Owner: suite
--

ALTER TABLE ONLY sisat.tsisatordenservicio
    ADD CONSTRAINT fk_cod_puesto FOREIGN KEY (cod_puesto) REFERENCES sgrh.tsgrhpuestos(cod_puesto);


--
-- TOC entry 4290 (class 2606 OID 49103)
-- Name: tsisatcartaasignacion fk_cod_rhta; Type: FK CONSTRAINT; Schema: sisat; Owner: suite
--

ALTER TABLE ONLY sisat.tsisatcartaasignacion
    ADD CONSTRAINT fk_cod_rhta FOREIGN KEY (cod_rhta) REFERENCES sgrh.tsgrhempleados(cod_empleado);


--
-- TOC entry 4291 (class 2606 OID 49108)
-- Name: tsisatcartaasignacion fk_cod_rys; Type: FK CONSTRAINT; Schema: sisat; Owner: suite
--

ALTER TABLE ONLY sisat.tsisatcartaasignacion
    ADD CONSTRAINT fk_cod_rys FOREIGN KEY (cod_rys) REFERENCES sgrh.tsgrhempleados(cod_empleado);


--
-- TOC entry 4292 (class 2606 OID 49113)
-- Name: tsisatcomentarios fk_comentarioasignacion; Type: FK CONSTRAINT; Schema: sisat; Owner: postgres
--

ALTER TABLE ONLY sisat.tsisatcomentarios
    ADD CONSTRAINT fk_comentarioasignacion FOREIGN KEY (cod_comentario) REFERENCES sisat.tsisatcartaasignacion(cod_asignacion);


--
-- TOC entry 4293 (class 2606 OID 49118)
-- Name: tsisatcomentarios fk_comentarioprospecto; Type: FK CONSTRAINT; Schema: sisat; Owner: postgres
--

ALTER TABLE ONLY sisat.tsisatcomentarios
    ADD CONSTRAINT fk_comentarioprospecto FOREIGN KEY (cod_comentario) REFERENCES sisat.tsisatentrevistas(cod_entrevista);


--
-- TOC entry 4294 (class 2606 OID 49123)
-- Name: tsisatcomentarios fk_comentariorequisicion; Type: FK CONSTRAINT; Schema: sisat; Owner: postgres
--

ALTER TABLE ONLY sisat.tsisatcomentarios
    ADD CONSTRAINT fk_comentariorequisicion FOREIGN KEY (cod_comentario) REFERENCES sisat.tsisatvacantes(cod_vacante);


--
-- TOC entry 4295 (class 2606 OID 49128)
-- Name: tsisatcomentarios fk_comentarioscosteos; Type: FK CONSTRAINT; Schema: sisat; Owner: postgres
--

ALTER TABLE ONLY sisat.tsisatcomentarios
    ADD CONSTRAINT fk_comentarioscosteos FOREIGN KEY (cod_comentario) REFERENCES sisat.tsisatcandidatos(cod_candidato);


--
-- TOC entry 4296 (class 2606 OID 49133)
-- Name: tsisatcomentarios fk_contrataciones; Type: FK CONSTRAINT; Schema: sisat; Owner: postgres
--

ALTER TABLE ONLY sisat.tsisatcomentarios
    ADD CONSTRAINT fk_contrataciones FOREIGN KEY (cod_contratacion) REFERENCES sgrh.tsgrhcontrataciones(cod_contratacion);


--
-- TOC entry 4281 (class 2606 OID 49138)
-- Name: tsisatcandidatos fk_creadopor; Type: FK CONSTRAINT; Schema: sisat; Owner: suite
--

ALTER TABLE ONLY sisat.tsisatcandidatos
    ADD CONSTRAINT fk_creadopor FOREIGN KEY (cod_creadopor) REFERENCES sgrh.tsgrhempleados(cod_empleado);


--
-- TOC entry 4283 (class 2606 OID 49143)
-- Name: tsisatcartaaceptacion fk_creadopor; Type: FK CONSTRAINT; Schema: sisat; Owner: suite
--

ALTER TABLE ONLY sisat.tsisatcartaaceptacion
    ADD CONSTRAINT fk_creadopor FOREIGN KEY (cod_creadopor) REFERENCES sgrh.tsgrhempleados(cod_empleado);


--
-- TOC entry 4303 (class 2606 OID 49148)
-- Name: tsisatentrevistas fk_creadopor; Type: FK CONSTRAINT; Schema: sisat; Owner: suite
--

ALTER TABLE ONLY sisat.tsisatentrevistas
    ADD CONSTRAINT fk_creadopor FOREIGN KEY (cod_creadopor) REFERENCES sgrh.tsgrhempleados(cod_empleado);


--
-- TOC entry 4305 (class 2606 OID 49153)
-- Name: tsisatenviocorreos fk_creadopor; Type: FK CONSTRAINT; Schema: sisat; Owner: suite
--

ALTER TABLE ONLY sisat.tsisatenviocorreos
    ADD CONSTRAINT fk_creadopor FOREIGN KEY (cod_creadopor) REFERENCES sgrh.tsgrhempleados(cod_empleado);


--
-- TOC entry 4297 (class 2606 OID 49158)
-- Name: tsisatcomentarios fk_firma; Type: FK CONSTRAINT; Schema: sisat; Owner: postgres
--

ALTER TABLE ONLY sisat.tsisatcomentarios
    ADD CONSTRAINT fk_firma FOREIGN KEY (cod_firma) REFERENCES sisat.tsisatfirmas(cod_firma);


--
-- TOC entry 4282 (class 2606 OID 49163)
-- Name: tsisatcandidatos fk_modificadopor; Type: FK CONSTRAINT; Schema: sisat; Owner: suite
--

ALTER TABLE ONLY sisat.tsisatcandidatos
    ADD CONSTRAINT fk_modificadopor FOREIGN KEY (cod_modificadopor) REFERENCES sgrh.tsgrhempleados(cod_empleado);


--
-- TOC entry 4284 (class 2606 OID 49168)
-- Name: tsisatcartaaceptacion fk_modificadopor; Type: FK CONSTRAINT; Schema: sisat; Owner: suite
--

ALTER TABLE ONLY sisat.tsisatcartaaceptacion
    ADD CONSTRAINT fk_modificadopor FOREIGN KEY (cod_modificadopor) REFERENCES sgrh.tsgrhempleados(cod_empleado);


--
-- TOC entry 4304 (class 2606 OID 49173)
-- Name: tsisatentrevistas fk_modificadopor; Type: FK CONSTRAINT; Schema: sisat; Owner: suite
--

ALTER TABLE ONLY sisat.tsisatentrevistas
    ADD CONSTRAINT fk_modificadopor FOREIGN KEY (cod_modificadopor) REFERENCES sgrh.tsgrhempleados(cod_empleado);


--
-- TOC entry 4306 (class 2606 OID 49178)
-- Name: tsisatenviocorreos fk_modificadopor; Type: FK CONSTRAINT; Schema: sisat; Owner: suite
--

ALTER TABLE ONLY sisat.tsisatenviocorreos
    ADD CONSTRAINT fk_modificadopor FOREIGN KEY (cod_modificadopor) REFERENCES sgrh.tsgrhempleados(cod_empleado);


--
-- TOC entry 4674 (class 0 OID 0)
-- Dependencies: 5
-- Name: SCHEMA sgco; Type: ACL; Schema: -; Owner: suite
--

REVOKE ALL ON SCHEMA sgco FROM suite;
GRANT ALL ON SCHEMA sgco TO suite WITH GRANT OPTION;


--
-- TOC entry 4676 (class 0 OID 0)
-- Dependencies: 9
-- Name: SCHEMA sgnom; Type: ACL; Schema: -; Owner: suite
--

REVOKE ALL ON SCHEMA sgnom FROM suite;
GRANT ALL ON SCHEMA sgnom TO suite WITH GRANT OPTION;


--
-- TOC entry 4680 (class 0 OID 0)
-- Dependencies: 1452
-- Name: TYPE edo_encuesta; Type: ACL; Schema: sgrh; Owner: postgres
--

GRANT ALL ON TYPE sgrh.edo_encuesta TO suite WITH GRANT OPTION;


--
-- TOC entry 4681 (class 0 OID 0)
-- Dependencies: 457
-- Name: FUNCTION actualizar_comentarios_incidencia(incidenciaid integer, comentarios text, reporta integer); Type: ACL; Schema: sgnom; Owner: suite
--

REVOKE ALL ON FUNCTION sgnom.actualizar_comentarios_incidencia(incidenciaid integer, comentarios text, reporta integer) FROM suite;
GRANT ALL ON FUNCTION sgnom.actualizar_comentarios_incidencia(incidenciaid integer, comentarios text, reporta integer) TO suite WITH GRANT OPTION;


--
-- TOC entry 4682 (class 0 OID 0)
-- Dependencies: 460
-- Name: FUNCTION actualizar_importe_incidencia(incidenciaid integer, importe numeric, reporta integer); Type: ACL; Schema: sgnom; Owner: suite
--

REVOKE ALL ON FUNCTION sgnom.actualizar_importe_incidencia(incidenciaid integer, importe numeric, reporta integer) FROM suite;
GRANT ALL ON FUNCTION sgnom.actualizar_importe_incidencia(incidenciaid integer, importe numeric, reporta integer) TO suite WITH GRANT OPTION;


--
-- TOC entry 4683 (class 0 OID 0)
-- Dependencies: 471
-- Name: FUNCTION buscar_incidencias_por_empleado(idempleado integer); Type: ACL; Schema: sgnom; Owner: suite
--

REVOKE ALL ON FUNCTION sgnom.buscar_incidencias_por_empleado(idempleado integer) FROM suite;
GRANT ALL ON FUNCTION sgnom.buscar_incidencias_por_empleado(idempleado integer) TO suite WITH GRANT OPTION;


--
-- TOC entry 4684 (class 0 OID 0)
-- Dependencies: 472
-- Name: FUNCTION detalle_desglose_deduccion(cod_empleado integer, cod_cabecera integer); Type: ACL; Schema: sgnom; Owner: postgres
--

GRANT ALL ON FUNCTION sgnom.detalle_desglose_deduccion(cod_empleado integer, cod_cabecera integer) TO suite WITH GRANT OPTION;


--
-- TOC entry 4685 (class 0 OID 0)
-- Dependencies: 473
-- Name: FUNCTION detalle_desglose_percepcion(cod_empleado integer, cod_cabecera integer); Type: ACL; Schema: sgnom; Owner: postgres
--

GRANT ALL ON FUNCTION sgnom.detalle_desglose_percepcion(cod_empleado integer, cod_cabecera integer) TO suite WITH GRANT OPTION;


--
-- TOC entry 4686 (class 0 OID 0)
-- Dependencies: 474
-- Name: FUNCTION eliminar_incidencia_por_empleado(incidenciaid integer, reporta integer); Type: ACL; Schema: sgnom; Owner: postgres
--

GRANT ALL ON FUNCTION sgnom.eliminar_incidencia_por_empleado(incidenciaid integer, reporta integer) TO suite WITH GRANT OPTION;


--
-- TOC entry 4687 (class 0 OID 0)
-- Dependencies: 491
-- Name: FUNCTION empleados_por_cabecera(idcabecera integer); Type: ACL; Schema: sgnom; Owner: postgres
--

GRANT ALL ON FUNCTION sgnom.empleados_por_cabecera(idcabecera integer) TO suite WITH GRANT OPTION;


--
-- TOC entry 4688 (class 0 OID 0)
-- Dependencies: 476
-- Name: FUNCTION fn_calcula_importes_nomina(idnomina integer, vempleados character varying, todos numeric); Type: ACL; Schema: sgnom; Owner: suite
--

REVOKE ALL ON FUNCTION sgnom.fn_calcula_importes_nomina(idnomina integer, vempleados character varying, todos numeric) FROM suite;
GRANT ALL ON FUNCTION sgnom.fn_calcula_importes_nomina(idnomina integer, vempleados character varying, todos numeric) TO suite WITH GRANT OPTION;


--
-- TOC entry 4689 (class 0 OID 0)
-- Dependencies: 477
-- Name: FUNCTION fn_calcula_nomina(vidnomina integer); Type: ACL; Schema: sgnom; Owner: suite
--

REVOKE ALL ON FUNCTION sgnom.fn_calcula_nomina(vidnomina integer) FROM suite;
GRANT ALL ON FUNCTION sgnom.fn_calcula_nomina(vidnomina integer) TO suite WITH GRANT OPTION;


--
-- TOC entry 4690 (class 0 OID 0)
-- Dependencies: 478
-- Name: FUNCTION fn_calcula_nomina1(empid integer, vidnomina integer); Type: ACL; Schema: sgnom; Owner: suite
--

REVOKE ALL ON FUNCTION sgnom.fn_calcula_nomina1(empid integer, vidnomina integer) FROM suite;
GRANT ALL ON FUNCTION sgnom.fn_calcula_nomina1(empid integer, vidnomina integer) TO suite WITH GRANT OPTION;


--
-- TOC entry 4691 (class 0 OID 0)
-- Dependencies: 479
-- Name: FUNCTION fn_crearnomina(cabecera integer); Type: ACL; Schema: sgnom; Owner: suite
--

REVOKE ALL ON FUNCTION sgnom.fn_crearnomina(cabecera integer) FROM suite;
GRANT ALL ON FUNCTION sgnom.fn_crearnomina(cabecera integer) TO suite WITH GRANT OPTION;


--
-- TOC entry 4692 (class 0 OID 0)
-- Dependencies: 481
-- Name: FUNCTION fn_dias_laborados(empid integer, prmnumquincenacalculo integer); Type: ACL; Schema: sgnom; Owner: suite
--

REVOKE ALL ON FUNCTION sgnom.fn_dias_laborados(empid integer, prmnumquincenacalculo integer) FROM suite;
GRANT ALL ON FUNCTION sgnom.fn_dias_laborados(empid integer, prmnumquincenacalculo integer) TO suite WITH GRANT OPTION;


--
-- TOC entry 4693 (class 0 OID 0)
-- Dependencies: 482
-- Name: FUNCTION fn_sueldo_base(empid integer); Type: ACL; Schema: sgnom; Owner: suite
--

REVOKE ALL ON FUNCTION sgnom.fn_sueldo_base(empid integer) FROM suite;
GRANT ALL ON FUNCTION sgnom.fn_sueldo_base(empid integer) TO suite WITH GRANT OPTION;


--
-- TOC entry 4694 (class 0 OID 0)
-- Dependencies: 483
-- Name: FUNCTION incidencias_quincena(); Type: ACL; Schema: sgnom; Owner: postgres
--

GRANT ALL ON FUNCTION sgnom.incidencias_quincena() TO suite WITH GRANT OPTION;


--
-- TOC entry 4695 (class 0 OID 0)
-- Dependencies: 475
-- Name: FUNCTION insertar_incidencia_por_empleado(incidenciaid integer, cantidad integer, actividad character varying, comentarios text, reporta integer); Type: ACL; Schema: sgnom; Owner: suite
--

REVOKE ALL ON FUNCTION sgnom.insertar_incidencia_por_empleado(incidenciaid integer, cantidad integer, actividad character varying, comentarios text, reporta integer) FROM suite;
GRANT ALL ON FUNCTION sgnom.insertar_incidencia_por_empleado(incidenciaid integer, cantidad integer, actividad character varying, comentarios text, reporta integer) TO suite WITH GRANT OPTION;


--
-- TOC entry 4696 (class 0 OID 0)
-- Dependencies: 480
-- Name: FUNCTION totalimpcab(id integer); Type: ACL; Schema: sgnom; Owner: suite
--

REVOKE ALL ON FUNCTION sgnom.totalimpcab(id integer) FROM suite;
GRANT ALL ON FUNCTION sgnom.totalimpcab(id integer) TO suite WITH GRANT OPTION;


--
-- TOC entry 4697 (class 0 OID 0)
-- Dependencies: 490
-- Name: FUNCTION validaraltas(); Type: ACL; Schema: sgnom; Owner: postgres
--

GRANT ALL ON FUNCTION sgnom.validaraltas() TO suite WITH GRANT OPTION;


--
-- TOC entry 4698 (class 0 OID 0)
-- Dependencies: 484
-- Name: FUNCTION crosstab_report_encuesta(integer); Type: ACL; Schema: sgrh; Owner: postgres
--

GRANT ALL ON FUNCTION sgrh.crosstab_report_encuesta(integer) TO suite WITH GRANT OPTION;


--
-- TOC entry 4699 (class 0 OID 0)
-- Dependencies: 485
-- Name: FUNCTION factualizarfecha(); Type: ACL; Schema: sgrh; Owner: postgres
--

GRANT ALL ON FUNCTION sgrh.factualizarfecha() TO suite WITH GRANT OPTION;


--
-- TOC entry 4700 (class 0 OID 0)
-- Dependencies: 486
-- Name: FUNCTION buscar_asignaciones(fec_creacion date); Type: ACL; Schema: sisat; Owner: postgres
--

GRANT ALL ON FUNCTION sisat.buscar_asignaciones(fec_creacion date) TO suite WITH GRANT OPTION;


--
-- TOC entry 4701 (class 0 OID 0)
-- Dependencies: 487
-- Name: FUNCTION buscar_asignacionesporanio(anio integer); Type: ACL; Schema: sisat; Owner: postgres
--

GRANT ALL ON FUNCTION sisat.buscar_asignacionesporanio(anio integer) TO suite WITH GRANT OPTION;


--
-- TOC entry 4702 (class 0 OID 0)
-- Dependencies: 488
-- Name: FUNCTION buscar_asignacionesporaniomes(anio integer, mes integer); Type: ACL; Schema: sisat; Owner: postgres
--

GRANT ALL ON FUNCTION sisat.buscar_asignacionesporaniomes(anio integer, mes integer) TO suite WITH GRANT OPTION;


--
-- TOC entry 4703 (class 0 OID 0)
-- Dependencies: 489
-- Name: FUNCTION buscar_carta_detalle_asignacion(asignacion_cod integer); Type: ACL; Schema: sisat; Owner: postgres
--

GRANT ALL ON FUNCTION sisat.buscar_carta_detalle_asignacion(asignacion_cod integer) TO suite WITH GRANT OPTION;


--
-- TOC entry 4704 (class 0 OID 0)
-- Dependencies: 205
-- Name: TABLE rtsueldobase; Type: ACL; Schema: public; Owner: postgres
--

GRANT ALL ON TABLE public.rtsueldobase TO suite WITH GRANT OPTION;


--
-- TOC entry 4705 (class 0 OID 0)
-- Dependencies: 206
-- Name: SEQUENCE seq_sistema; Type: ACL; Schema: sgco; Owner: postgres
--

REVOKE ALL ON SEQUENCE sgco.seq_sistema FROM postgres;
GRANT UPDATE ON SEQUENCE sgco.seq_sistema TO postgres;
GRANT SELECT,USAGE ON SEQUENCE sgco.seq_sistema TO postgres WITH GRANT OPTION;


--
-- TOC entry 4706 (class 0 OID 0)
-- Dependencies: 207
-- Name: SEQUENCE seq_tipousuario; Type: ACL; Schema: sgco; Owner: postgres
--

REVOKE ALL ON SEQUENCE sgco.seq_tipousuario FROM postgres;
GRANT UPDATE ON SEQUENCE sgco.seq_tipousuario TO postgres;
GRANT SELECT,USAGE ON SEQUENCE sgco.seq_tipousuario TO postgres WITH GRANT OPTION;


--
-- TOC entry 4707 (class 0 OID 0)
-- Dependencies: 208
-- Name: SEQUENCE seq_usuarios; Type: ACL; Schema: sgco; Owner: postgres
--

REVOKE ALL ON SEQUENCE sgco.seq_usuarios FROM postgres;
GRANT UPDATE ON SEQUENCE sgco.seq_usuarios TO postgres;
GRANT SELECT,USAGE ON SEQUENCE sgco.seq_usuarios TO postgres WITH GRANT OPTION;


--
-- TOC entry 4708 (class 0 OID 0)
-- Dependencies: 209
-- Name: TABLE tsgcosistemas; Type: ACL; Schema: sgco; Owner: postgres
--

REVOKE ALL ON TABLE sgco.tsgcosistemas FROM postgres;
GRANT ALL ON TABLE sgco.tsgcosistemas TO postgres WITH GRANT OPTION;


--
-- TOC entry 4709 (class 0 OID 0)
-- Dependencies: 210
-- Name: TABLE tsgcotipousuario; Type: ACL; Schema: sgco; Owner: postgres
--

REVOKE ALL ON TABLE sgco.tsgcotipousuario FROM postgres;
GRANT ALL ON TABLE sgco.tsgcotipousuario TO postgres WITH GRANT OPTION;


--
-- TOC entry 4710 (class 0 OID 0)
-- Dependencies: 211
-- Name: TABLE tsgcousuarios; Type: ACL; Schema: sgco; Owner: postgres
--

REVOKE ALL ON TABLE sgco.tsgcousuarios FROM postgres;
GRANT ALL ON TABLE sgco.tsgcousuarios TO postgres WITH GRANT OPTION;


--
-- TOC entry 4711 (class 0 OID 0)
-- Dependencies: 212
-- Name: SEQUENCE seq_cabecera; Type: ACL; Schema: sgnom; Owner: suite
--

REVOKE ALL ON SEQUENCE sgnom.seq_cabecera FROM suite;
GRANT UPDATE ON SEQUENCE sgnom.seq_cabecera TO suite;
GRANT SELECT,USAGE ON SEQUENCE sgnom.seq_cabecera TO suite WITH GRANT OPTION;


--
-- TOC entry 4712 (class 0 OID 0)
-- Dependencies: 213
-- Name: SEQUENCE seq_empquincena; Type: ACL; Schema: sgnom; Owner: suite
--

REVOKE ALL ON SEQUENCE sgnom.seq_empquincena FROM suite;
GRANT UPDATE ON SEQUENCE sgnom.seq_empquincena TO suite;
GRANT SELECT,USAGE ON SEQUENCE sgnom.seq_empquincena TO suite WITH GRANT OPTION;


--
-- TOC entry 4714 (class 0 OID 0)
-- Dependencies: 215
-- Name: TABLE tsgnomaguinaldo; Type: ACL; Schema: sgnom; Owner: suite
--

REVOKE ALL ON TABLE sgnom.tsgnomaguinaldo FROM suite;
GRANT ALL ON TABLE sgnom.tsgnomaguinaldo TO suite WITH GRANT OPTION;


--
-- TOC entry 4715 (class 0 OID 0)
-- Dependencies: 216
-- Name: TABLE tsgnomargumento; Type: ACL; Schema: sgnom; Owner: suite
--

REVOKE ALL ON TABLE sgnom.tsgnomargumento FROM suite;
GRANT ALL ON TABLE sgnom.tsgnomargumento TO suite WITH GRANT OPTION;


--
-- TOC entry 4716 (class 0 OID 0)
-- Dependencies: 217
-- Name: TABLE tsgnombitacora; Type: ACL; Schema: sgnom; Owner: suite
--

REVOKE ALL ON TABLE sgnom.tsgnombitacora FROM suite;
GRANT ALL ON TABLE sgnom.tsgnombitacora TO suite WITH GRANT OPTION;


--
-- TOC entry 4717 (class 0 OID 0)
-- Dependencies: 218
-- Name: TABLE tsgnomcabecera; Type: ACL; Schema: sgnom; Owner: suite
--

REVOKE ALL ON TABLE sgnom.tsgnomcabecera FROM suite;
GRANT ALL ON TABLE sgnom.tsgnomcabecera TO suite WITH GRANT OPTION;


--
-- TOC entry 4718 (class 0 OID 0)
-- Dependencies: 219
-- Name: TABLE tsgnomcabeceraht; Type: ACL; Schema: sgnom; Owner: suite
--

REVOKE ALL ON TABLE sgnom.tsgnomcabeceraht FROM suite;
GRANT ALL ON TABLE sgnom.tsgnomcabeceraht TO suite WITH GRANT OPTION;


--
-- TOC entry 4720 (class 0 OID 0)
-- Dependencies: 220
-- Name: TABLE tsgnomcalculo; Type: ACL; Schema: sgnom; Owner: suite
--

REVOKE ALL ON TABLE sgnom.tsgnomcalculo FROM suite;
GRANT ALL ON TABLE sgnom.tsgnomcalculo TO suite WITH GRANT OPTION;


--
-- TOC entry 4722 (class 0 OID 0)
-- Dependencies: 221
-- Name: TABLE tsgnomcatincidencia; Type: ACL; Schema: sgnom; Owner: suite
--

REVOKE ALL ON TABLE sgnom.tsgnomcatincidencia FROM suite;
GRANT ALL ON TABLE sgnom.tsgnomcatincidencia TO suite WITH GRANT OPTION;


--
-- TOC entry 4723 (class 0 OID 0)
-- Dependencies: 222
-- Name: TABLE tsgnomclasificador; Type: ACL; Schema: sgnom; Owner: suite
--

REVOKE ALL ON TABLE sgnom.tsgnomclasificador FROM suite;
GRANT ALL ON TABLE sgnom.tsgnomclasificador TO suite WITH GRANT OPTION;


--
-- TOC entry 4724 (class 0 OID 0)
-- Dependencies: 223
-- Name: TABLE tsgnomcncptoquinc; Type: ACL; Schema: sgnom; Owner: suite
--

REVOKE ALL ON TABLE sgnom.tsgnomcncptoquinc FROM suite;
GRANT ALL ON TABLE sgnom.tsgnomcncptoquinc TO suite WITH GRANT OPTION;


--
-- TOC entry 4725 (class 0 OID 0)
-- Dependencies: 224
-- Name: TABLE tsgnomcncptoquincht; Type: ACL; Schema: sgnom; Owner: suite
--

REVOKE ALL ON TABLE sgnom.tsgnomcncptoquincht FROM suite;
GRANT ALL ON TABLE sgnom.tsgnomcncptoquincht TO suite WITH GRANT OPTION;


--
-- TOC entry 4727 (class 0 OID 0)
-- Dependencies: 225
-- Name: TABLE tsgnomconcepto; Type: ACL; Schema: sgnom; Owner: suite
--

REVOKE ALL ON TABLE sgnom.tsgnomconcepto FROM suite;
GRANT ALL ON TABLE sgnom.tsgnomconcepto TO suite WITH GRANT OPTION;


--
-- TOC entry 4729 (class 0 OID 0)
-- Dependencies: 226
-- Name: TABLE tsgnomconceptosat; Type: ACL; Schema: sgnom; Owner: suite
--

REVOKE ALL ON TABLE sgnom.tsgnomconceptosat FROM suite;
GRANT ALL ON TABLE sgnom.tsgnomconceptosat TO suite WITH GRANT OPTION;


--
-- TOC entry 4731 (class 0 OID 0)
-- Dependencies: 227
-- Name: TABLE tsgnomconfpago; Type: ACL; Schema: sgnom; Owner: suite
--

REVOKE ALL ON TABLE sgnom.tsgnomconfpago FROM suite;
GRANT ALL ON TABLE sgnom.tsgnomconfpago TO suite WITH GRANT OPTION;


--
-- TOC entry 4732 (class 0 OID 0)
-- Dependencies: 228
-- Name: TABLE tsgnomejercicio; Type: ACL; Schema: sgnom; Owner: suite
--

REVOKE ALL ON TABLE sgnom.tsgnomejercicio FROM suite;
GRANT ALL ON TABLE sgnom.tsgnomejercicio TO suite WITH GRANT OPTION;


--
-- TOC entry 4734 (class 0 OID 0)
-- Dependencies: 229
-- Name: TABLE tsgnomempleados; Type: ACL; Schema: sgnom; Owner: suite
--

REVOKE ALL ON TABLE sgnom.tsgnomempleados FROM suite;
GRANT ALL ON TABLE sgnom.tsgnomempleados TO suite WITH GRANT OPTION;


--
-- TOC entry 4736 (class 0 OID 0)
-- Dependencies: 230
-- Name: TABLE tsgnomempquincena; Type: ACL; Schema: sgnom; Owner: suite
--

REVOKE ALL ON TABLE sgnom.tsgnomempquincena FROM suite;
GRANT ALL ON TABLE sgnom.tsgnomempquincena TO suite WITH GRANT OPTION;


--
-- TOC entry 4737 (class 0 OID 0)
-- Dependencies: 231
-- Name: TABLE tsgnomempquincenaht; Type: ACL; Schema: sgnom; Owner: suite
--

REVOKE ALL ON TABLE sgnom.tsgnomempquincenaht FROM suite;
GRANT ALL ON TABLE sgnom.tsgnomempquincenaht TO suite WITH GRANT OPTION;


--
-- TOC entry 4739 (class 0 OID 0)
-- Dependencies: 232
-- Name: TABLE tsgnomestatusnom; Type: ACL; Schema: sgnom; Owner: suite
--

REVOKE ALL ON TABLE sgnom.tsgnomestatusnom FROM suite;
GRANT ALL ON TABLE sgnom.tsgnomestatusnom TO suite WITH GRANT OPTION;


--
-- TOC entry 4741 (class 0 OID 0)
-- Dependencies: 233
-- Name: TABLE tsgnomformula; Type: ACL; Schema: sgnom; Owner: suite
--

REVOKE ALL ON TABLE sgnom.tsgnomformula FROM suite;
GRANT ALL ON TABLE sgnom.tsgnomformula TO suite WITH GRANT OPTION;


--
-- TOC entry 4742 (class 0 OID 0)
-- Dependencies: 234
-- Name: TABLE tsgnomfuncion; Type: ACL; Schema: sgnom; Owner: suite
--

REVOKE ALL ON TABLE sgnom.tsgnomfuncion FROM suite;
GRANT ALL ON TABLE sgnom.tsgnomfuncion TO suite WITH GRANT OPTION;


--
-- TOC entry 4743 (class 0 OID 0)
-- Dependencies: 235
-- Name: TABLE tsgnomhisttabla; Type: ACL; Schema: sgnom; Owner: suite
--

REVOKE ALL ON TABLE sgnom.tsgnomhisttabla FROM suite;
GRANT ALL ON TABLE sgnom.tsgnomhisttabla TO suite WITH GRANT OPTION;


--
-- TOC entry 4745 (class 0 OID 0)
-- Dependencies: 236
-- Name: TABLE tsgnomincidencia; Type: ACL; Schema: sgnom; Owner: suite
--

REVOKE ALL ON TABLE sgnom.tsgnomincidencia FROM suite;
GRANT ALL ON TABLE sgnom.tsgnomincidencia TO suite WITH GRANT OPTION;


--
-- TOC entry 4746 (class 0 OID 0)
-- Dependencies: 237
-- Name: TABLE tsgnommanterceros; Type: ACL; Schema: sgnom; Owner: suite
--

REVOKE ALL ON TABLE sgnom.tsgnommanterceros FROM suite;
GRANT ALL ON TABLE sgnom.tsgnommanterceros TO suite WITH GRANT OPTION;


--
-- TOC entry 4747 (class 0 OID 0)
-- Dependencies: 238
-- Name: TABLE tsgnomquincena; Type: ACL; Schema: sgnom; Owner: suite
--

REVOKE ALL ON TABLE sgnom.tsgnomquincena FROM suite;
GRANT ALL ON TABLE sgnom.tsgnomquincena TO suite WITH GRANT OPTION;


--
-- TOC entry 4749 (class 0 OID 0)
-- Dependencies: 239
-- Name: TABLE tsgnomtipoconcepto; Type: ACL; Schema: sgnom; Owner: suite
--

REVOKE ALL ON TABLE sgnom.tsgnomtipoconcepto FROM suite;
GRANT ALL ON TABLE sgnom.tsgnomtipoconcepto TO suite WITH GRANT OPTION;


--
-- TOC entry 4751 (class 0 OID 0)
-- Dependencies: 240
-- Name: TABLE tsgnomtiponomina; Type: ACL; Schema: sgnom; Owner: suite
--

REVOKE ALL ON TABLE sgnom.tsgnomtiponomina FROM suite;
GRANT ALL ON TABLE sgnom.tsgnomtiponomina TO suite WITH GRANT OPTION;


--
-- TOC entry 4752 (class 0 OID 0)
-- Dependencies: 241
-- Name: SEQUENCE seq_area; Type: ACL; Schema: sgrh; Owner: postgres
--

GRANT SELECT,USAGE ON SEQUENCE sgrh.seq_area TO suite WITH GRANT OPTION;


--
-- TOC entry 4753 (class 0 OID 0)
-- Dependencies: 242
-- Name: SEQUENCE seq_capacitaciones; Type: ACL; Schema: sgrh; Owner: postgres
--

GRANT SELECT,USAGE ON SEQUENCE sgrh.seq_capacitaciones TO suite WITH GRANT OPTION;


--
-- TOC entry 4754 (class 0 OID 0)
-- Dependencies: 243
-- Name: SEQUENCE seq_cartaasignacion; Type: ACL; Schema: sgrh; Owner: postgres
--

GRANT SELECT,USAGE ON SEQUENCE sgrh.seq_cartaasignacion TO suite WITH GRANT OPTION;


--
-- TOC entry 4755 (class 0 OID 0)
-- Dependencies: 244
-- Name: SEQUENCE seq_cat_encuesta_participantes; Type: ACL; Schema: sgrh; Owner: postgres
--

GRANT SELECT,USAGE ON SEQUENCE sgrh.seq_cat_encuesta_participantes TO suite WITH GRANT OPTION;


--
-- TOC entry 4756 (class 0 OID 0)
-- Dependencies: 245
-- Name: SEQUENCE seq_catrespuestas; Type: ACL; Schema: sgrh; Owner: postgres
--

GRANT SELECT,USAGE ON SEQUENCE sgrh.seq_catrespuestas TO suite WITH GRANT OPTION;


--
-- TOC entry 4757 (class 0 OID 0)
-- Dependencies: 246
-- Name: SEQUENCE seq_clientes; Type: ACL; Schema: sgrh; Owner: postgres
--

GRANT SELECT,USAGE ON SEQUENCE sgrh.seq_clientes TO suite WITH GRANT OPTION;


--
-- TOC entry 4758 (class 0 OID 0)
-- Dependencies: 247
-- Name: SEQUENCE seq_contrataciones; Type: ACL; Schema: sgrh; Owner: postgres
--

GRANT SELECT,USAGE ON SEQUENCE sgrh.seq_contrataciones TO suite WITH GRANT OPTION;


--
-- TOC entry 4759 (class 0 OID 0)
-- Dependencies: 248
-- Name: SEQUENCE seq_contratos; Type: ACL; Schema: sgrh; Owner: postgres
--

GRANT SELECT,USAGE ON SEQUENCE sgrh.seq_contratos TO suite WITH GRANT OPTION;


--
-- TOC entry 4760 (class 0 OID 0)
-- Dependencies: 249
-- Name: SEQUENCE seq_empleado; Type: ACL; Schema: sgrh; Owner: postgres
--

GRANT SELECT,USAGE ON SEQUENCE sgrh.seq_empleado TO suite WITH GRANT OPTION;


--
-- TOC entry 4761 (class 0 OID 0)
-- Dependencies: 250
-- Name: SEQUENCE seq_encuestas; Type: ACL; Schema: sgrh; Owner: postgres
--

GRANT SELECT,USAGE ON SEQUENCE sgrh.seq_encuestas TO suite WITH GRANT OPTION;


--
-- TOC entry 4762 (class 0 OID 0)
-- Dependencies: 251
-- Name: SEQUENCE seq_escolaridad; Type: ACL; Schema: sgrh; Owner: postgres
--

GRANT SELECT,USAGE ON SEQUENCE sgrh.seq_escolaridad TO suite WITH GRANT OPTION;


--
-- TOC entry 4763 (class 0 OID 0)
-- Dependencies: 252
-- Name: SEQUENCE seq_estatus; Type: ACL; Schema: sgrh; Owner: postgres
--

GRANT SELECT,USAGE ON SEQUENCE sgrh.seq_estatus TO suite WITH GRANT OPTION;


--
-- TOC entry 4764 (class 0 OID 0)
-- Dependencies: 253
-- Name: SEQUENCE seq_evacapacitacion; Type: ACL; Schema: sgrh; Owner: postgres
--

GRANT SELECT,USAGE ON SEQUENCE sgrh.seq_evacapacitacion TO suite WITH GRANT OPTION;


--
-- TOC entry 4765 (class 0 OID 0)
-- Dependencies: 254
-- Name: SEQUENCE seq_evacontestadas; Type: ACL; Schema: sgrh; Owner: postgres
--

GRANT SELECT,USAGE ON SEQUENCE sgrh.seq_evacontestadas TO suite WITH GRANT OPTION;


--
-- TOC entry 4766 (class 0 OID 0)
-- Dependencies: 255
-- Name: SEQUENCE seq_evaluaciones; Type: ACL; Schema: sgrh; Owner: postgres
--

GRANT SELECT,USAGE ON SEQUENCE sgrh.seq_evaluaciones TO suite WITH GRANT OPTION;


--
-- TOC entry 4767 (class 0 OID 0)
-- Dependencies: 256
-- Name: SEQUENCE seq_experiencialab; Type: ACL; Schema: sgrh; Owner: postgres
--

GRANT SELECT,USAGE ON SEQUENCE sgrh.seq_experiencialab TO suite WITH GRANT OPTION;


--
-- TOC entry 4768 (class 0 OID 0)
-- Dependencies: 257
-- Name: SEQUENCE seq_factoreseva; Type: ACL; Schema: sgrh; Owner: postgres
--

GRANT SELECT,USAGE ON SEQUENCE sgrh.seq_factoreseva TO suite WITH GRANT OPTION;


--
-- TOC entry 4769 (class 0 OID 0)
-- Dependencies: 258
-- Name: SEQUENCE seq_idiomas; Type: ACL; Schema: sgrh; Owner: postgres
--

GRANT SELECT,USAGE ON SEQUENCE sgrh.seq_idiomas TO suite WITH GRANT OPTION;


--
-- TOC entry 4770 (class 0 OID 0)
-- Dependencies: 259
-- Name: SEQUENCE seq_logistica; Type: ACL; Schema: sgrh; Owner: postgres
--

GRANT SELECT,USAGE ON SEQUENCE sgrh.seq_logistica TO suite WITH GRANT OPTION;


--
-- TOC entry 4771 (class 0 OID 0)
-- Dependencies: 260
-- Name: SEQUENCE seq_lugar; Type: ACL; Schema: sgrh; Owner: postgres
--

GRANT SELECT,USAGE ON SEQUENCE sgrh.seq_lugar TO suite WITH GRANT OPTION;


--
-- TOC entry 4772 (class 0 OID 0)
-- Dependencies: 261
-- Name: SEQUENCE seq_modo; Type: ACL; Schema: sgrh; Owner: postgres
--

GRANT SELECT,USAGE ON SEQUENCE sgrh.seq_modo TO suite WITH GRANT OPTION;


--
-- TOC entry 4773 (class 0 OID 0)
-- Dependencies: 262
-- Name: SEQUENCE seq_perfiles; Type: ACL; Schema: sgrh; Owner: postgres
--

GRANT SELECT,USAGE ON SEQUENCE sgrh.seq_perfiles TO suite WITH GRANT OPTION;


--
-- TOC entry 4774 (class 0 OID 0)
-- Dependencies: 263
-- Name: SEQUENCE seq_plancapacitacion; Type: ACL; Schema: sgrh; Owner: postgres
--

GRANT SELECT,USAGE ON SEQUENCE sgrh.seq_plancapacitacion TO suite WITH GRANT OPTION;


--
-- TOC entry 4775 (class 0 OID 0)
-- Dependencies: 264
-- Name: SEQUENCE seq_planesoperativos; Type: ACL; Schema: sgrh; Owner: postgres
--

GRANT SELECT,USAGE ON SEQUENCE sgrh.seq_planesoperativos TO suite WITH GRANT OPTION;


--
-- TOC entry 4776 (class 0 OID 0)
-- Dependencies: 265
-- Name: SEQUENCE seq_preguntasenc; Type: ACL; Schema: sgrh; Owner: postgres
--

GRANT SELECT,USAGE ON SEQUENCE sgrh.seq_preguntasenc TO suite WITH GRANT OPTION;


--
-- TOC entry 4777 (class 0 OID 0)
-- Dependencies: 266
-- Name: SEQUENCE seq_preguntaseva; Type: ACL; Schema: sgrh; Owner: postgres
--

GRANT SELECT,USAGE ON SEQUENCE sgrh.seq_preguntaseva TO suite WITH GRANT OPTION;


--
-- TOC entry 4778 (class 0 OID 0)
-- Dependencies: 267
-- Name: SEQUENCE seq_proceso; Type: ACL; Schema: sgrh; Owner: postgres
--

GRANT SELECT,USAGE ON SEQUENCE sgrh.seq_proceso TO suite WITH GRANT OPTION;


--
-- TOC entry 4779 (class 0 OID 0)
-- Dependencies: 268
-- Name: SEQUENCE seq_proveedor; Type: ACL; Schema: sgrh; Owner: postgres
--

GRANT SELECT,USAGE ON SEQUENCE sgrh.seq_proveedor TO suite WITH GRANT OPTION;


--
-- TOC entry 4780 (class 0 OID 0)
-- Dependencies: 269
-- Name: SEQUENCE seq_puestos; Type: ACL; Schema: sgrh; Owner: postgres
--

GRANT SELECT,USAGE ON SEQUENCE sgrh.seq_puestos TO suite WITH GRANT OPTION;


--
-- TOC entry 4781 (class 0 OID 0)
-- Dependencies: 270
-- Name: SEQUENCE seq_respuestasenc; Type: ACL; Schema: sgrh; Owner: postgres
--

GRANT SELECT,USAGE ON SEQUENCE sgrh.seq_respuestasenc TO suite WITH GRANT OPTION;


--
-- TOC entry 4782 (class 0 OID 0)
-- Dependencies: 271
-- Name: SEQUENCE seq_respuestaseva; Type: ACL; Schema: sgrh; Owner: postgres
--

GRANT SELECT,USAGE ON SEQUENCE sgrh.seq_respuestaseva TO suite WITH GRANT OPTION;


--
-- TOC entry 4783 (class 0 OID 0)
-- Dependencies: 272
-- Name: SEQUENCE seq_revplanesoperativos; Type: ACL; Schema: sgrh; Owner: postgres
--

GRANT SELECT,USAGE ON SEQUENCE sgrh.seq_revplanesoperativos TO suite WITH GRANT OPTION;


--
-- TOC entry 4784 (class 0 OID 0)
-- Dependencies: 273
-- Name: SEQUENCE seq_rolempleado; Type: ACL; Schema: sgrh; Owner: postgres
--

GRANT SELECT,USAGE ON SEQUENCE sgrh.seq_rolempleado TO suite WITH GRANT OPTION;


--
-- TOC entry 4785 (class 0 OID 0)
-- Dependencies: 274
-- Name: SEQUENCE seq_subfactoreseva; Type: ACL; Schema: sgrh; Owner: postgres
--

GRANT SELECT,USAGE ON SEQUENCE sgrh.seq_subfactoreseva TO suite WITH GRANT OPTION;


--
-- TOC entry 4786 (class 0 OID 0)
-- Dependencies: 275
-- Name: SEQUENCE seq_tipocapacitacion; Type: ACL; Schema: sgrh; Owner: postgres
--

GRANT SELECT,USAGE ON SEQUENCE sgrh.seq_tipocapacitacion TO suite WITH GRANT OPTION;


--
-- TOC entry 4787 (class 0 OID 0)
-- Dependencies: 276
-- Name: SEQUENCE seq_validaevaluaciones; Type: ACL; Schema: sgrh; Owner: postgres
--

GRANT SELECT,USAGE ON SEQUENCE sgrh.seq_validaevaluaciones TO suite WITH GRANT OPTION;


--
-- TOC entry 4788 (class 0 OID 0)
-- Dependencies: 277
-- Name: TABLE tsgrhareas; Type: ACL; Schema: sgrh; Owner: postgres
--

GRANT ALL ON TABLE sgrh.tsgrhareas TO suite WITH GRANT OPTION;


--
-- TOC entry 4789 (class 0 OID 0)
-- Dependencies: 278
-- Name: TABLE tsgrhasignacionesemp; Type: ACL; Schema: sgrh; Owner: postgres
--

GRANT ALL ON TABLE sgrh.tsgrhasignacionesemp TO suite WITH GRANT OPTION;


--
-- TOC entry 4790 (class 0 OID 0)
-- Dependencies: 279
-- Name: TABLE tsgrhcapacitaciones; Type: ACL; Schema: sgrh; Owner: postgres
--

GRANT ALL ON TABLE sgrh.tsgrhcapacitaciones TO suite WITH GRANT OPTION;


--
-- TOC entry 4791 (class 0 OID 0)
-- Dependencies: 280
-- Name: TABLE tsgrhcartaasignacion; Type: ACL; Schema: sgrh; Owner: postgres
--

GRANT ALL ON TABLE sgrh.tsgrhcartaasignacion TO suite WITH GRANT OPTION;


--
-- TOC entry 4792 (class 0 OID 0)
-- Dependencies: 281
-- Name: TABLE tsgrhcatrespuestas; Type: ACL; Schema: sgrh; Owner: postgres
--

GRANT ALL ON TABLE sgrh.tsgrhcatrespuestas TO suite WITH GRANT OPTION;


--
-- TOC entry 4793 (class 0 OID 0)
-- Dependencies: 282
-- Name: TABLE tsgrhclientes; Type: ACL; Schema: sgrh; Owner: postgres
--

GRANT ALL ON TABLE sgrh.tsgrhclientes TO suite WITH GRANT OPTION;


--
-- TOC entry 4794 (class 0 OID 0)
-- Dependencies: 283
-- Name: TABLE tsgrhcontrataciones; Type: ACL; Schema: sgrh; Owner: postgres
--

GRANT ALL ON TABLE sgrh.tsgrhcontrataciones TO suite WITH GRANT OPTION;


--
-- TOC entry 4795 (class 0 OID 0)
-- Dependencies: 284
-- Name: TABLE tsgrhcontratos; Type: ACL; Schema: sgrh; Owner: postgres
--

GRANT ALL ON TABLE sgrh.tsgrhcontratos TO suite WITH GRANT OPTION;


--
-- TOC entry 4796 (class 0 OID 0)
-- Dependencies: 285
-- Name: TABLE tsgrhempleados; Type: ACL; Schema: sgrh; Owner: postgres
--

GRANT ALL ON TABLE sgrh.tsgrhempleados TO suite WITH GRANT OPTION;


--
-- TOC entry 4797 (class 0 OID 0)
-- Dependencies: 286
-- Name: TABLE tsgrhencuesta; Type: ACL; Schema: sgrh; Owner: postgres
--

GRANT ALL ON TABLE sgrh.tsgrhencuesta TO suite WITH GRANT OPTION;


--
-- TOC entry 4798 (class 0 OID 0)
-- Dependencies: 287
-- Name: TABLE tsgrhencuesta_participantes; Type: ACL; Schema: sgrh; Owner: postgres
--

GRANT ALL ON TABLE sgrh.tsgrhencuesta_participantes TO suite WITH GRANT OPTION;


--
-- TOC entry 4799 (class 0 OID 0)
-- Dependencies: 288
-- Name: TABLE tsgrhescolaridad; Type: ACL; Schema: sgrh; Owner: postgres
--

GRANT ALL ON TABLE sgrh.tsgrhescolaridad TO suite WITH GRANT OPTION;


--
-- TOC entry 4800 (class 0 OID 0)
-- Dependencies: 289
-- Name: TABLE tsgrhestatuscapacitacion; Type: ACL; Schema: sgrh; Owner: postgres
--

GRANT ALL ON TABLE sgrh.tsgrhestatuscapacitacion TO suite WITH GRANT OPTION;


--
-- TOC entry 4801 (class 0 OID 0)
-- Dependencies: 290
-- Name: TABLE tsgrhevacapacitacion; Type: ACL; Schema: sgrh; Owner: postgres
--

GRANT ALL ON TABLE sgrh.tsgrhevacapacitacion TO suite WITH GRANT OPTION;


--
-- TOC entry 4802 (class 0 OID 0)
-- Dependencies: 291
-- Name: TABLE tsgrhevacontestadas; Type: ACL; Schema: sgrh; Owner: postgres
--

GRANT ALL ON TABLE sgrh.tsgrhevacontestadas TO suite WITH GRANT OPTION;


--
-- TOC entry 4803 (class 0 OID 0)
-- Dependencies: 292
-- Name: TABLE tsgrhevaluaciones; Type: ACL; Schema: sgrh; Owner: postgres
--

GRANT ALL ON TABLE sgrh.tsgrhevaluaciones TO suite WITH GRANT OPTION;


--
-- TOC entry 4804 (class 0 OID 0)
-- Dependencies: 293
-- Name: TABLE tsgrhexperienciaslaborales; Type: ACL; Schema: sgrh; Owner: postgres
--

GRANT ALL ON TABLE sgrh.tsgrhexperienciaslaborales TO suite WITH GRANT OPTION;


--
-- TOC entry 4805 (class 0 OID 0)
-- Dependencies: 294
-- Name: TABLE tsgrhfactoreseva; Type: ACL; Schema: sgrh; Owner: postgres
--

GRANT ALL ON TABLE sgrh.tsgrhfactoreseva TO suite WITH GRANT OPTION;


--
-- TOC entry 4806 (class 0 OID 0)
-- Dependencies: 295
-- Name: TABLE tsgrhidiomas; Type: ACL; Schema: sgrh; Owner: postgres
--

GRANT ALL ON TABLE sgrh.tsgrhidiomas TO suite WITH GRANT OPTION;


--
-- TOC entry 4807 (class 0 OID 0)
-- Dependencies: 296
-- Name: TABLE tsgrhlogistica; Type: ACL; Schema: sgrh; Owner: postgres
--

GRANT ALL ON TABLE sgrh.tsgrhlogistica TO suite WITH GRANT OPTION;


--
-- TOC entry 4808 (class 0 OID 0)
-- Dependencies: 297
-- Name: TABLE tsgrhlugares; Type: ACL; Schema: sgrh; Owner: postgres
--

GRANT ALL ON TABLE sgrh.tsgrhlugares TO suite WITH GRANT OPTION;


--
-- TOC entry 4809 (class 0 OID 0)
-- Dependencies: 298
-- Name: TABLE tsgrhmodo; Type: ACL; Schema: sgrh; Owner: postgres
--

GRANT ALL ON TABLE sgrh.tsgrhmodo TO suite WITH GRANT OPTION;


--
-- TOC entry 4810 (class 0 OID 0)
-- Dependencies: 299
-- Name: TABLE tsgrhperfiles; Type: ACL; Schema: sgrh; Owner: postgres
--

GRANT ALL ON TABLE sgrh.tsgrhperfiles TO suite WITH GRANT OPTION;


--
-- TOC entry 4811 (class 0 OID 0)
-- Dependencies: 300
-- Name: TABLE tsgrhplancapacitacion; Type: ACL; Schema: sgrh; Owner: postgres
--

GRANT ALL ON TABLE sgrh.tsgrhplancapacitacion TO suite WITH GRANT OPTION;


--
-- TOC entry 4812 (class 0 OID 0)
-- Dependencies: 301
-- Name: TABLE tsgrhplanoperativo; Type: ACL; Schema: sgrh; Owner: postgres
--

GRANT ALL ON TABLE sgrh.tsgrhplanoperativo TO suite WITH GRANT OPTION;


--
-- TOC entry 4813 (class 0 OID 0)
-- Dependencies: 302
-- Name: TABLE tsgrhpreguntasenc; Type: ACL; Schema: sgrh; Owner: postgres
--

GRANT ALL ON TABLE sgrh.tsgrhpreguntasenc TO suite WITH GRANT OPTION;


--
-- TOC entry 4814 (class 0 OID 0)
-- Dependencies: 303
-- Name: TABLE tsgrhpreguntaseva; Type: ACL; Schema: sgrh; Owner: postgres
--

GRANT ALL ON TABLE sgrh.tsgrhpreguntaseva TO suite WITH GRANT OPTION;


--
-- TOC entry 4815 (class 0 OID 0)
-- Dependencies: 304
-- Name: TABLE tsgrhprocesos; Type: ACL; Schema: sgrh; Owner: postgres
--

GRANT ALL ON TABLE sgrh.tsgrhprocesos TO suite WITH GRANT OPTION;


--
-- TOC entry 4816 (class 0 OID 0)
-- Dependencies: 305
-- Name: TABLE tsgrhproveedores; Type: ACL; Schema: sgrh; Owner: postgres
--

GRANT ALL ON TABLE sgrh.tsgrhproveedores TO suite WITH GRANT OPTION;


--
-- TOC entry 4817 (class 0 OID 0)
-- Dependencies: 306
-- Name: TABLE tsgrhpuestos; Type: ACL; Schema: sgrh; Owner: postgres
--

GRANT ALL ON TABLE sgrh.tsgrhpuestos TO suite WITH GRANT OPTION;


--
-- TOC entry 4818 (class 0 OID 0)
-- Dependencies: 307
-- Name: TABLE tsgrhrelacionroles; Type: ACL; Schema: sgrh; Owner: postgres
--

GRANT ALL ON TABLE sgrh.tsgrhrelacionroles TO suite WITH GRANT OPTION;


--
-- TOC entry 4819 (class 0 OID 0)
-- Dependencies: 308
-- Name: TABLE tsgrhrespuestasenc; Type: ACL; Schema: sgrh; Owner: postgres
--

GRANT ALL ON TABLE sgrh.tsgrhrespuestasenc TO suite WITH GRANT OPTION;


--
-- TOC entry 4820 (class 0 OID 0)
-- Dependencies: 309
-- Name: TABLE tsgrhrespuestaseva; Type: ACL; Schema: sgrh; Owner: postgres
--

GRANT ALL ON TABLE sgrh.tsgrhrespuestaseva TO suite WITH GRANT OPTION;


--
-- TOC entry 4821 (class 0 OID 0)
-- Dependencies: 310
-- Name: TABLE tsgrhrevplanoperativo; Type: ACL; Schema: sgrh; Owner: postgres
--

GRANT ALL ON TABLE sgrh.tsgrhrevplanoperativo TO suite WITH GRANT OPTION;


--
-- TOC entry 4822 (class 0 OID 0)
-- Dependencies: 311
-- Name: TABLE tsgrhrolempleado; Type: ACL; Schema: sgrh; Owner: postgres
--

GRANT ALL ON TABLE sgrh.tsgrhrolempleado TO suite WITH GRANT OPTION;


--
-- TOC entry 4823 (class 0 OID 0)
-- Dependencies: 312
-- Name: TABLE tsgrhsubfactoreseva; Type: ACL; Schema: sgrh; Owner: postgres
--

GRANT ALL ON TABLE sgrh.tsgrhsubfactoreseva TO suite WITH GRANT OPTION;


--
-- TOC entry 4824 (class 0 OID 0)
-- Dependencies: 313
-- Name: TABLE tsgrhtipocapacitacion; Type: ACL; Schema: sgrh; Owner: postgres
--

GRANT ALL ON TABLE sgrh.tsgrhtipocapacitacion TO suite WITH GRANT OPTION;


--
-- TOC entry 4825 (class 0 OID 0)
-- Dependencies: 314
-- Name: TABLE tsgrhvalidaevaluaciondes; Type: ACL; Schema: sgrh; Owner: postgres
--

GRANT ALL ON TABLE sgrh.tsgrhvalidaevaluaciondes TO suite WITH GRANT OPTION;


--
-- TOC entry 4826 (class 0 OID 0)
-- Dependencies: 341
-- Name: SEQUENCE seq_respuestas_participantes; Type: ACL; Schema: sgrt; Owner: postgres
--

GRANT SELECT,USAGE ON SEQUENCE sgrt.seq_respuestas_participantes TO suite WITH GRANT OPTION;


--
-- TOC entry 4827 (class 0 OID 0)
-- Dependencies: 378
-- Name: SEQUENCE seq_aceptaciones; Type: ACL; Schema: sisat; Owner: suite
--

REVOKE ALL ON SEQUENCE sisat.seq_aceptaciones FROM suite;
GRANT UPDATE ON SEQUENCE sisat.seq_aceptaciones TO suite;
GRANT SELECT,USAGE ON SEQUENCE sisat.seq_aceptaciones TO suite WITH GRANT OPTION;


--
-- TOC entry 4828 (class 0 OID 0)
-- Dependencies: 379
-- Name: SEQUENCE seq_asignaciones; Type: ACL; Schema: sisat; Owner: suite
--

REVOKE ALL ON SEQUENCE sisat.seq_asignaciones FROM suite;
GRANT UPDATE ON SEQUENCE sisat.seq_asignaciones TO suite;
GRANT SELECT,USAGE ON SEQUENCE sisat.seq_asignaciones TO suite WITH GRANT OPTION;


--
-- TOC entry 4829 (class 0 OID 0)
-- Dependencies: 380
-- Name: SEQUENCE seq_candidatos; Type: ACL; Schema: sisat; Owner: suite
--

REVOKE ALL ON SEQUENCE sisat.seq_candidatos FROM suite;
GRANT UPDATE ON SEQUENCE sisat.seq_candidatos TO suite;
GRANT SELECT,USAGE ON SEQUENCE sisat.seq_candidatos TO suite WITH GRANT OPTION;


--
-- TOC entry 4830 (class 0 OID 0)
-- Dependencies: 381
-- Name: SEQUENCE seq_cartaasignaciones; Type: ACL; Schema: sisat; Owner: suite
--

REVOKE ALL ON SEQUENCE sisat.seq_cartaasignaciones FROM suite;
GRANT UPDATE ON SEQUENCE sisat.seq_cartaasignaciones TO suite;
GRANT SELECT,USAGE ON SEQUENCE sisat.seq_cartaasignaciones TO suite WITH GRANT OPTION;


--
-- TOC entry 4831 (class 0 OID 0)
-- Dependencies: 382
-- Name: SEQUENCE seq_cotizaciones; Type: ACL; Schema: sisat; Owner: suite
--

REVOKE ALL ON SEQUENCE sisat.seq_cotizaciones FROM suite;
GRANT UPDATE ON SEQUENCE sisat.seq_cotizaciones TO suite;
GRANT SELECT,USAGE ON SEQUENCE sisat.seq_cotizaciones TO suite WITH GRANT OPTION;


--
-- TOC entry 4832 (class 0 OID 0)
-- Dependencies: 383
-- Name: SEQUENCE seq_cursos; Type: ACL; Schema: sisat; Owner: suite
--

REVOKE ALL ON SEQUENCE sisat.seq_cursos FROM suite;
GRANT UPDATE ON SEQUENCE sisat.seq_cursos TO suite;
GRANT SELECT,USAGE ON SEQUENCE sisat.seq_cursos TO suite WITH GRANT OPTION;


--
-- TOC entry 4833 (class 0 OID 0)
-- Dependencies: 384
-- Name: SEQUENCE seq_entrevistas; Type: ACL; Schema: sisat; Owner: suite
--

REVOKE ALL ON SEQUENCE sisat.seq_entrevistas FROM suite;
GRANT UPDATE ON SEQUENCE sisat.seq_entrevistas TO suite;
GRANT SELECT,USAGE ON SEQUENCE sisat.seq_entrevistas TO suite WITH GRANT OPTION;


--
-- TOC entry 4834 (class 0 OID 0)
-- Dependencies: 385
-- Name: SEQUENCE seq_envios; Type: ACL; Schema: sisat; Owner: suite
--

REVOKE ALL ON SEQUENCE sisat.seq_envios FROM suite;
GRANT UPDATE ON SEQUENCE sisat.seq_envios TO suite;
GRANT SELECT,USAGE ON SEQUENCE sisat.seq_envios TO suite WITH GRANT OPTION;


--
-- TOC entry 4835 (class 0 OID 0)
-- Dependencies: 386
-- Name: SEQUENCE seq_escolaridad; Type: ACL; Schema: sisat; Owner: suite
--

REVOKE ALL ON SEQUENCE sisat.seq_escolaridad FROM suite;
GRANT UPDATE ON SEQUENCE sisat.seq_escolaridad TO suite;
GRANT SELECT,USAGE ON SEQUENCE sisat.seq_escolaridad TO suite WITH GRANT OPTION;


--
-- TOC entry 4836 (class 0 OID 0)
-- Dependencies: 387
-- Name: SEQUENCE seq_experiencias; Type: ACL; Schema: sisat; Owner: suite
--

REVOKE ALL ON SEQUENCE sisat.seq_experiencias FROM suite;
GRANT UPDATE ON SEQUENCE sisat.seq_experiencias TO suite;
GRANT SELECT,USAGE ON SEQUENCE sisat.seq_experiencias TO suite WITH GRANT OPTION;


--
-- TOC entry 4837 (class 0 OID 0)
-- Dependencies: 388
-- Name: SEQUENCE seq_firmas; Type: ACL; Schema: sisat; Owner: suite
--

REVOKE ALL ON SEQUENCE sisat.seq_firmas FROM suite;
GRANT UPDATE ON SEQUENCE sisat.seq_firmas TO suite;
GRANT SELECT,USAGE ON SEQUENCE sisat.seq_firmas TO suite WITH GRANT OPTION;


--
-- TOC entry 4838 (class 0 OID 0)
-- Dependencies: 389
-- Name: SEQUENCE seq_habilidades; Type: ACL; Schema: sisat; Owner: suite
--

REVOKE ALL ON SEQUENCE sisat.seq_habilidades FROM suite;
GRANT UPDATE ON SEQUENCE sisat.seq_habilidades TO suite;
GRANT SELECT,USAGE ON SEQUENCE sisat.seq_habilidades TO suite WITH GRANT OPTION;


--
-- TOC entry 4839 (class 0 OID 0)
-- Dependencies: 390
-- Name: SEQUENCE seq_idiomas; Type: ACL; Schema: sisat; Owner: suite
--

REVOKE ALL ON SEQUENCE sisat.seq_idiomas FROM suite;
GRANT UPDATE ON SEQUENCE sisat.seq_idiomas TO suite;
GRANT SELECT,USAGE ON SEQUENCE sisat.seq_idiomas TO suite WITH GRANT OPTION;


--
-- TOC entry 4840 (class 0 OID 0)
-- Dependencies: 391
-- Name: SEQUENCE seq_ordenservicios; Type: ACL; Schema: sisat; Owner: suite
--

REVOKE ALL ON SEQUENCE sisat.seq_ordenservicios FROM suite;
GRANT UPDATE ON SEQUENCE sisat.seq_ordenservicios TO suite;
GRANT SELECT,USAGE ON SEQUENCE sisat.seq_ordenservicios TO suite WITH GRANT OPTION;


--
-- TOC entry 4841 (class 0 OID 0)
-- Dependencies: 392
-- Name: SEQUENCE seq_prospectos; Type: ACL; Schema: sisat; Owner: suite
--

REVOKE ALL ON SEQUENCE sisat.seq_prospectos FROM suite;
GRANT UPDATE ON SEQUENCE sisat.seq_prospectos TO suite;
GRANT SELECT,USAGE ON SEQUENCE sisat.seq_prospectos TO suite WITH GRANT OPTION;


--
-- TOC entry 4842 (class 0 OID 0)
-- Dependencies: 393
-- Name: SEQUENCE seq_proyectos; Type: ACL; Schema: sisat; Owner: suite
--

REVOKE ALL ON SEQUENCE sisat.seq_proyectos FROM suite;
GRANT UPDATE ON SEQUENCE sisat.seq_proyectos TO suite;
GRANT SELECT,USAGE ON SEQUENCE sisat.seq_proyectos TO suite WITH GRANT OPTION;


--
-- TOC entry 4843 (class 0 OID 0)
-- Dependencies: 394
-- Name: SEQUENCE seq_vacantes; Type: ACL; Schema: sisat; Owner: suite
--

REVOKE ALL ON SEQUENCE sisat.seq_vacantes FROM suite;
GRANT UPDATE ON SEQUENCE sisat.seq_vacantes TO suite;
GRANT SELECT,USAGE ON SEQUENCE sisat.seq_vacantes TO suite WITH GRANT OPTION;


--
-- TOC entry 4844 (class 0 OID 0)
-- Dependencies: 395
-- Name: TABLE tsisatappservices; Type: ACL; Schema: sisat; Owner: postgres
--

GRANT ALL ON TABLE sisat.tsisatappservices TO suite WITH GRANT OPTION;


--
-- TOC entry 4845 (class 0 OID 0)
-- Dependencies: 396
-- Name: TABLE tsisatarquitecturas; Type: ACL; Schema: sisat; Owner: postgres
--

GRANT ALL ON TABLE sisat.tsisatarquitecturas TO suite WITH GRANT OPTION;


--
-- TOC entry 4846 (class 0 OID 0)
-- Dependencies: 397
-- Name: TABLE tsisatasignaciones; Type: ACL; Schema: sisat; Owner: suite
--

REVOKE ALL ON TABLE sisat.tsisatasignaciones FROM suite;
GRANT ALL ON TABLE sisat.tsisatasignaciones TO suite WITH GRANT OPTION;


--
-- TOC entry 4847 (class 0 OID 0)
-- Dependencies: 398
-- Name: TABLE tsisatcandidatos; Type: ACL; Schema: sisat; Owner: suite
--

REVOKE ALL ON TABLE sisat.tsisatcandidatos FROM suite;
GRANT ALL ON TABLE sisat.tsisatcandidatos TO suite WITH GRANT OPTION;


--
-- TOC entry 4848 (class 0 OID 0)
-- Dependencies: 399
-- Name: TABLE tsisatcartaaceptacion; Type: ACL; Schema: sisat; Owner: suite
--

REVOKE ALL ON TABLE sisat.tsisatcartaaceptacion FROM suite;
GRANT ALL ON TABLE sisat.tsisatcartaaceptacion TO suite WITH GRANT OPTION;


--
-- TOC entry 4849 (class 0 OID 0)
-- Dependencies: 400
-- Name: TABLE tsisatcartaasignacion; Type: ACL; Schema: sisat; Owner: suite
--

REVOKE ALL ON TABLE sisat.tsisatcartaasignacion FROM suite;
GRANT ALL ON TABLE sisat.tsisatcartaasignacion TO suite WITH GRANT OPTION;


--
-- TOC entry 4850 (class 0 OID 0)
-- Dependencies: 401
-- Name: TABLE tsisatcomentarios; Type: ACL; Schema: sisat; Owner: postgres
--

GRANT ALL ON TABLE sisat.tsisatcomentarios TO suite WITH GRANT OPTION;


--
-- TOC entry 4851 (class 0 OID 0)
-- Dependencies: 402
-- Name: TABLE tsisatcotizaciones; Type: ACL; Schema: sisat; Owner: postgres
--

GRANT ALL ON TABLE sisat.tsisatcotizaciones TO suite WITH GRANT OPTION;


--
-- TOC entry 4852 (class 0 OID 0)
-- Dependencies: 403
-- Name: TABLE tsisatcursosycertificados; Type: ACL; Schema: sisat; Owner: suite
--

REVOKE ALL ON TABLE sisat.tsisatcursosycertificados FROM suite;
GRANT ALL ON TABLE sisat.tsisatcursosycertificados TO suite WITH GRANT OPTION;


--
-- TOC entry 4853 (class 0 OID 0)
-- Dependencies: 404
-- Name: TABLE tsisatentrevistas; Type: ACL; Schema: sisat; Owner: suite
--

REVOKE ALL ON TABLE sisat.tsisatentrevistas FROM suite;
GRANT ALL ON TABLE sisat.tsisatentrevistas TO suite WITH GRANT OPTION;


--
-- TOC entry 4854 (class 0 OID 0)
-- Dependencies: 405
-- Name: TABLE tsisatenviocorreos; Type: ACL; Schema: sisat; Owner: suite
--

REVOKE ALL ON TABLE sisat.tsisatenviocorreos FROM suite;
GRANT ALL ON TABLE sisat.tsisatenviocorreos TO suite WITH GRANT OPTION;


--
-- TOC entry 4855 (class 0 OID 0)
-- Dependencies: 406
-- Name: TABLE tsisatescolaridad; Type: ACL; Schema: sisat; Owner: suite
--

REVOKE ALL ON TABLE sisat.tsisatescolaridad FROM suite;
GRANT ALL ON TABLE sisat.tsisatescolaridad TO suite WITH GRANT OPTION;


--
-- TOC entry 4856 (class 0 OID 0)
-- Dependencies: 407
-- Name: TABLE tsisatexperienciaslaborales; Type: ACL; Schema: sisat; Owner: suite
--

REVOKE ALL ON TABLE sisat.tsisatexperienciaslaborales FROM suite;
GRANT ALL ON TABLE sisat.tsisatexperienciaslaborales TO suite WITH GRANT OPTION;


--
-- TOC entry 4857 (class 0 OID 0)
-- Dependencies: 408
-- Name: TABLE tsisatfirmas; Type: ACL; Schema: sisat; Owner: suite
--

REVOKE ALL ON TABLE sisat.tsisatfirmas FROM suite;
GRANT ALL ON TABLE sisat.tsisatfirmas TO suite WITH GRANT OPTION;


--
-- TOC entry 4858 (class 0 OID 0)
-- Dependencies: 409
-- Name: TABLE tsisatframeworks; Type: ACL; Schema: sisat; Owner: postgres
--

GRANT ALL ON TABLE sisat.tsisatframeworks TO suite WITH GRANT OPTION;


--
-- TOC entry 4859 (class 0 OID 0)
-- Dependencies: 410
-- Name: TABLE tsisathabilidades; Type: ACL; Schema: sisat; Owner: suite
--

REVOKE ALL ON TABLE sisat.tsisathabilidades FROM suite;
GRANT ALL ON TABLE sisat.tsisathabilidades TO suite WITH GRANT OPTION;


--
-- TOC entry 4860 (class 0 OID 0)
-- Dependencies: 411
-- Name: TABLE tsisatherramientas; Type: ACL; Schema: sisat; Owner: postgres
--

GRANT ALL ON TABLE sisat.tsisatherramientas TO suite WITH GRANT OPTION;


--
-- TOC entry 4862 (class 0 OID 0)
-- Dependencies: 412
-- Name: SEQUENCE tsisatherramientas_cod_herramientas_seq; Type: ACL; Schema: sisat; Owner: postgres
--

GRANT SELECT,USAGE ON SEQUENCE sisat.tsisatherramientas_cod_herramientas_seq TO suite WITH GRANT OPTION;


--
-- TOC entry 4863 (class 0 OID 0)
-- Dependencies: 413
-- Name: TABLE tsisatides; Type: ACL; Schema: sisat; Owner: postgres
--

GRANT ALL ON TABLE sisat.tsisatides TO suite WITH GRANT OPTION;


--
-- TOC entry 4864 (class 0 OID 0)
-- Dependencies: 414
-- Name: TABLE tsisatidiomas; Type: ACL; Schema: sisat; Owner: suite
--

REVOKE ALL ON TABLE sisat.tsisatidiomas FROM suite;
GRANT ALL ON TABLE sisat.tsisatidiomas TO suite WITH GRANT OPTION;


--
-- TOC entry 4865 (class 0 OID 0)
-- Dependencies: 415
-- Name: TABLE tsisatlenguajes; Type: ACL; Schema: sisat; Owner: postgres
--

GRANT ALL ON TABLE sisat.tsisatlenguajes TO suite WITH GRANT OPTION;


--
-- TOC entry 4866 (class 0 OID 0)
-- Dependencies: 416
-- Name: TABLE tsisatmaquetados; Type: ACL; Schema: sisat; Owner: postgres
--

GRANT ALL ON TABLE sisat.tsisatmaquetados TO suite WITH GRANT OPTION;


--
-- TOC entry 4867 (class 0 OID 0)
-- Dependencies: 417
-- Name: TABLE tsisatmetodologias; Type: ACL; Schema: sisat; Owner: postgres
--

GRANT ALL ON TABLE sisat.tsisatmetodologias TO suite WITH GRANT OPTION;


--
-- TOC entry 4868 (class 0 OID 0)
-- Dependencies: 418
-- Name: TABLE tsisatmodelados; Type: ACL; Schema: sisat; Owner: postgres
--

GRANT ALL ON TABLE sisat.tsisatmodelados TO suite WITH GRANT OPTION;


--
-- TOC entry 4869 (class 0 OID 0)
-- Dependencies: 419
-- Name: TABLE tsisatordenservicio; Type: ACL; Schema: sisat; Owner: suite
--

REVOKE ALL ON TABLE sisat.tsisatordenservicio FROM suite;
GRANT ALL ON TABLE sisat.tsisatordenservicio TO suite WITH GRANT OPTION;


--
-- TOC entry 4870 (class 0 OID 0)
-- Dependencies: 420
-- Name: TABLE tsisatpatrones; Type: ACL; Schema: sisat; Owner: postgres
--

GRANT ALL ON TABLE sisat.tsisatpatrones TO suite WITH GRANT OPTION;


--
-- TOC entry 4871 (class 0 OID 0)
-- Dependencies: 421
-- Name: TABLE tsisatprospectos; Type: ACL; Schema: sisat; Owner: suite
--

REVOKE ALL ON TABLE sisat.tsisatprospectos FROM suite;
GRANT ALL ON TABLE sisat.tsisatprospectos TO suite WITH GRANT OPTION;


--
-- TOC entry 4872 (class 0 OID 0)
-- Dependencies: 422
-- Name: TABLE tsisatprotocolos; Type: ACL; Schema: sisat; Owner: postgres
--

GRANT ALL ON TABLE sisat.tsisatprotocolos TO suite WITH GRANT OPTION;


--
-- TOC entry 4873 (class 0 OID 0)
-- Dependencies: 423
-- Name: TABLE tsisatproyectos; Type: ACL; Schema: sisat; Owner: suite
--

REVOKE ALL ON TABLE sisat.tsisatproyectos FROM suite;
GRANT ALL ON TABLE sisat.tsisatproyectos TO suite WITH GRANT OPTION;


--
-- TOC entry 4874 (class 0 OID 0)
-- Dependencies: 424
-- Name: TABLE tsisatqa; Type: ACL; Schema: sisat; Owner: postgres
--

GRANT ALL ON TABLE sisat.tsisatqa TO suite WITH GRANT OPTION;


--
-- TOC entry 4875 (class 0 OID 0)
-- Dependencies: 425
-- Name: TABLE tsisatrepositoriolibrerias; Type: ACL; Schema: sisat; Owner: postgres
--

GRANT ALL ON TABLE sisat.tsisatrepositoriolibrerias TO suite WITH GRANT OPTION;


--
-- TOC entry 4876 (class 0 OID 0)
-- Dependencies: 426
-- Name: TABLE tsisatrepositorios; Type: ACL; Schema: sisat; Owner: postgres
--

GRANT ALL ON TABLE sisat.tsisatrepositorios TO suite WITH GRANT OPTION;


--
-- TOC entry 4877 (class 0 OID 0)
-- Dependencies: 427
-- Name: TABLE tsisatsgbd; Type: ACL; Schema: sisat; Owner: postgres
--

GRANT ALL ON TABLE sisat.tsisatsgbd TO suite WITH GRANT OPTION;


--
-- TOC entry 4878 (class 0 OID 0)
-- Dependencies: 428
-- Name: TABLE tsisatso; Type: ACL; Schema: sisat; Owner: postgres
--

GRANT ALL ON TABLE sisat.tsisatso TO suite WITH GRANT OPTION;


--
-- TOC entry 4879 (class 0 OID 0)
-- Dependencies: 429
-- Name: TABLE tsisatvacantes; Type: ACL; Schema: sisat; Owner: suite
--

REVOKE ALL ON TABLE sisat.tsisatvacantes FROM suite;
GRANT ALL ON TABLE sisat.tsisatvacantes TO suite WITH GRANT OPTION;


--
-- TOC entry 2536 (class 826 OID 49187)
-- Name: DEFAULT PRIVILEGES FOR SEQUENCES; Type: DEFAULT ACL; Schema: sgco; Owner: suite
--

ALTER DEFAULT PRIVILEGES FOR ROLE suite IN SCHEMA sgco REVOKE ALL ON SEQUENCES  FROM suite;
ALTER DEFAULT PRIVILEGES FOR ROLE suite IN SCHEMA sgco GRANT SELECT,USAGE ON SEQUENCES  TO suite WITH GRANT OPTION;


--
-- TOC entry 2537 (class 826 OID 49188)
-- Name: DEFAULT PRIVILEGES FOR TYPES; Type: DEFAULT ACL; Schema: sgco; Owner: suite
--

ALTER DEFAULT PRIVILEGES FOR ROLE suite IN SCHEMA sgco REVOKE ALL ON TYPES  FROM PUBLIC;
ALTER DEFAULT PRIVILEGES FOR ROLE suite IN SCHEMA sgco REVOKE ALL ON TYPES  FROM suite;
ALTER DEFAULT PRIVILEGES FOR ROLE suite IN SCHEMA sgco GRANT ALL ON TYPES  TO suite WITH GRANT OPTION;


--
-- TOC entry 2538 (class 826 OID 49189)
-- Name: DEFAULT PRIVILEGES FOR FUNCTIONS; Type: DEFAULT ACL; Schema: sgco; Owner: suite
--

ALTER DEFAULT PRIVILEGES FOR ROLE suite IN SCHEMA sgco REVOKE ALL ON FUNCTIONS  FROM PUBLIC;
ALTER DEFAULT PRIVILEGES FOR ROLE suite IN SCHEMA sgco REVOKE ALL ON FUNCTIONS  FROM suite;
ALTER DEFAULT PRIVILEGES FOR ROLE suite IN SCHEMA sgco GRANT ALL ON FUNCTIONS  TO suite WITH GRANT OPTION;


--
-- TOC entry 2539 (class 826 OID 49190)
-- Name: DEFAULT PRIVILEGES FOR TABLES; Type: DEFAULT ACL; Schema: sgco; Owner: suite
--

ALTER DEFAULT PRIVILEGES FOR ROLE suite IN SCHEMA sgco REVOKE ALL ON TABLES  FROM suite;
ALTER DEFAULT PRIVILEGES FOR ROLE suite IN SCHEMA sgco GRANT ALL ON TABLES  TO suite WITH GRANT OPTION;


--
-- TOC entry 2540 (class 826 OID 49191)
-- Name: DEFAULT PRIVILEGES FOR SEQUENCES; Type: DEFAULT ACL; Schema: sgnom; Owner: postgres
--

ALTER DEFAULT PRIVILEGES FOR ROLE postgres IN SCHEMA sgnom REVOKE ALL ON SEQUENCES  FROM postgres;
ALTER DEFAULT PRIVILEGES FOR ROLE postgres IN SCHEMA sgnom GRANT SELECT,USAGE ON SEQUENCES  TO suite WITH GRANT OPTION;


--
-- TOC entry 2541 (class 826 OID 49192)
-- Name: DEFAULT PRIVILEGES FOR TYPES; Type: DEFAULT ACL; Schema: sgnom; Owner: postgres
--

ALTER DEFAULT PRIVILEGES FOR ROLE postgres IN SCHEMA sgnom REVOKE ALL ON TYPES  FROM PUBLIC;
ALTER DEFAULT PRIVILEGES FOR ROLE postgres IN SCHEMA sgnom REVOKE ALL ON TYPES  FROM postgres;
ALTER DEFAULT PRIVILEGES FOR ROLE postgres IN SCHEMA sgnom GRANT ALL ON TYPES  TO suite WITH GRANT OPTION;


--
-- TOC entry 2542 (class 826 OID 49193)
-- Name: DEFAULT PRIVILEGES FOR FUNCTIONS; Type: DEFAULT ACL; Schema: sgnom; Owner: postgres
--

ALTER DEFAULT PRIVILEGES FOR ROLE postgres IN SCHEMA sgnom REVOKE ALL ON FUNCTIONS  FROM PUBLIC;
ALTER DEFAULT PRIVILEGES FOR ROLE postgres IN SCHEMA sgnom REVOKE ALL ON FUNCTIONS  FROM postgres;
ALTER DEFAULT PRIVILEGES FOR ROLE postgres IN SCHEMA sgnom GRANT ALL ON FUNCTIONS  TO suite WITH GRANT OPTION;


--
-- TOC entry 2543 (class 826 OID 49194)
-- Name: DEFAULT PRIVILEGES FOR TABLES; Type: DEFAULT ACL; Schema: sgnom; Owner: postgres
--

ALTER DEFAULT PRIVILEGES FOR ROLE postgres IN SCHEMA sgnom REVOKE ALL ON TABLES  FROM postgres;
ALTER DEFAULT PRIVILEGES FOR ROLE postgres IN SCHEMA sgnom GRANT ALL ON TABLES  TO suite WITH GRANT OPTION;


--
-- TOC entry 2544 (class 826 OID 49195)
-- Name: DEFAULT PRIVILEGES FOR SEQUENCES; Type: DEFAULT ACL; Schema: sgrt; Owner: postgres
--

ALTER DEFAULT PRIVILEGES FOR ROLE postgres IN SCHEMA sgrt REVOKE ALL ON SEQUENCES  FROM postgres;
ALTER DEFAULT PRIVILEGES FOR ROLE postgres IN SCHEMA sgrt GRANT SELECT,USAGE ON SEQUENCES  TO suite WITH GRANT OPTION;


--
-- TOC entry 2545 (class 826 OID 49196)
-- Name: DEFAULT PRIVILEGES FOR TYPES; Type: DEFAULT ACL; Schema: sgrt; Owner: postgres
--

ALTER DEFAULT PRIVILEGES FOR ROLE postgres IN SCHEMA sgrt REVOKE ALL ON TYPES  FROM PUBLIC;
ALTER DEFAULT PRIVILEGES FOR ROLE postgres IN SCHEMA sgrt REVOKE ALL ON TYPES  FROM postgres;
ALTER DEFAULT PRIVILEGES FOR ROLE postgres IN SCHEMA sgrt GRANT ALL ON TYPES  TO suite WITH GRANT OPTION;


--
-- TOC entry 2546 (class 826 OID 49197)
-- Name: DEFAULT PRIVILEGES FOR FUNCTIONS; Type: DEFAULT ACL; Schema: sgrt; Owner: postgres
--

ALTER DEFAULT PRIVILEGES FOR ROLE postgres IN SCHEMA sgrt REVOKE ALL ON FUNCTIONS  FROM PUBLIC;
ALTER DEFAULT PRIVILEGES FOR ROLE postgres IN SCHEMA sgrt REVOKE ALL ON FUNCTIONS  FROM postgres;
ALTER DEFAULT PRIVILEGES FOR ROLE postgres IN SCHEMA sgrt GRANT ALL ON FUNCTIONS  TO suite WITH GRANT OPTION;


--
-- TOC entry 2547 (class 826 OID 49198)
-- Name: DEFAULT PRIVILEGES FOR TABLES; Type: DEFAULT ACL; Schema: sgrt; Owner: postgres
--

ALTER DEFAULT PRIVILEGES FOR ROLE postgres IN SCHEMA sgrt REVOKE ALL ON TABLES  FROM postgres;
ALTER DEFAULT PRIVILEGES FOR ROLE postgres IN SCHEMA sgrt GRANT ALL ON TABLES  TO suite WITH GRANT OPTION;


--
-- TOC entry 2548 (class 826 OID 49199)
-- Name: DEFAULT PRIVILEGES FOR SEQUENCES; Type: DEFAULT ACL; Schema: sisat; Owner: suite
--

ALTER DEFAULT PRIVILEGES FOR ROLE suite IN SCHEMA sisat REVOKE ALL ON SEQUENCES  FROM suite;
ALTER DEFAULT PRIVILEGES FOR ROLE suite IN SCHEMA sisat GRANT SELECT,USAGE ON SEQUENCES  TO suite WITH GRANT OPTION;


--
-- TOC entry 2549 (class 826 OID 49200)
-- Name: DEFAULT PRIVILEGES FOR TYPES; Type: DEFAULT ACL; Schema: sisat; Owner: suite
--

ALTER DEFAULT PRIVILEGES FOR ROLE suite IN SCHEMA sisat REVOKE ALL ON TYPES  FROM PUBLIC;
ALTER DEFAULT PRIVILEGES FOR ROLE suite IN SCHEMA sisat REVOKE ALL ON TYPES  FROM suite;
ALTER DEFAULT PRIVILEGES FOR ROLE suite IN SCHEMA sisat GRANT ALL ON TYPES  TO suite WITH GRANT OPTION;


--
-- TOC entry 2550 (class 826 OID 49201)
-- Name: DEFAULT PRIVILEGES FOR FUNCTIONS; Type: DEFAULT ACL; Schema: sisat; Owner: suite
--

ALTER DEFAULT PRIVILEGES FOR ROLE suite IN SCHEMA sisat REVOKE ALL ON FUNCTIONS  FROM PUBLIC;
ALTER DEFAULT PRIVILEGES FOR ROLE suite IN SCHEMA sisat REVOKE ALL ON FUNCTIONS  FROM suite;
ALTER DEFAULT PRIVILEGES FOR ROLE suite IN SCHEMA sisat GRANT ALL ON FUNCTIONS  TO suite WITH GRANT OPTION;


--
-- TOC entry 2551 (class 826 OID 49202)
-- Name: DEFAULT PRIVILEGES FOR TABLES; Type: DEFAULT ACL; Schema: sisat; Owner: suite
--

ALTER DEFAULT PRIVILEGES FOR ROLE suite IN SCHEMA sisat REVOKE ALL ON TABLES  FROM suite;
ALTER DEFAULT PRIVILEGES FOR ROLE suite IN SCHEMA sisat GRANT ALL ON TABLES  TO suite WITH GRANT OPTION;


--
-- TOC entry 2552 (class 826 OID 49203)
-- Name: DEFAULT PRIVILEGES FOR SEQUENCES; Type: DEFAULT ACL; Schema: -; Owner: postgres
--

ALTER DEFAULT PRIVILEGES FOR ROLE postgres GRANT SELECT,USAGE ON SEQUENCES  TO suite WITH GRANT OPTION;


--
-- TOC entry 2553 (class 826 OID 49204)
-- Name: DEFAULT PRIVILEGES FOR TYPES; Type: DEFAULT ACL; Schema: -; Owner: postgres
--

ALTER DEFAULT PRIVILEGES FOR ROLE postgres GRANT ALL ON TYPES  TO suite WITH GRANT OPTION;


--
-- TOC entry 2554 (class 826 OID 49205)
-- Name: DEFAULT PRIVILEGES FOR FUNCTIONS; Type: DEFAULT ACL; Schema: -; Owner: postgres
--

ALTER DEFAULT PRIVILEGES FOR ROLE postgres GRANT ALL ON FUNCTIONS  TO suite WITH GRANT OPTION;


--
-- TOC entry 2555 (class 826 OID 49206)
-- Name: DEFAULT PRIVILEGES FOR TABLES; Type: DEFAULT ACL; Schema: -; Owner: postgres
--

ALTER DEFAULT PRIVILEGES FOR ROLE postgres GRANT ALL ON TABLES  TO suite WITH GRANT OPTION;


-- Completed on 2019-09-10 15:39:23

--
-- PostgreSQL database dump complete
--

